paragraph_id,page,chapter,level2,x,y,embedding_kmeans,lda,tfidf_nmf,excerpt
P0019,5,0. Preliminares,Carta de Presentación A los colombianos:,11.1075,0.2402,6,5,7,Presidente de la República de Colombia Gobernar exige mirar hacia el porvenir. Pero ningún país puede construir seriamente su futuro si adopta la equivocada decisión de cerrar los ojos frente a los he
P0020,5,0. Preliminares,Carta de Presentación A los colombianos:,10.7962,2.8464,8,3,2,Este «Libro de la Verdad» recoge una parte sustancial de la información identificada durante el proceso de transición y en las primeras revisiones adelantadas por el nuevo Gobierno.
P0021,5,0. Preliminares,Carta de Presentación A los colombianos:,11.0625,0.4233,6,9,2,"Su propósito no es el de sustituir a la justicia, anticipar responsabilidades ni convertir los hallazgos en condenas. Esa es una tarea que le corresponde exclusivamente a las autoridades competentes, "
P0022,5,0. Preliminares,Carta de Presentación A los colombianos:,11.1357,0.7752,6,10,2,"Gobernar implica ejercer una celosa custodia sobre todos los bienes de la República. Por eso, cuando aparecen hechos que pueden haber lesionado el patrimonio público oquebrantado la rectitud instituci"
P0023,5,0. Preliminares,Carta de Presentación A los colombianos:,11.3718,0.1042,6,3,7,La corrupción hiere algo más profundo que las finanzas públicas. Atenta contra el principio que da sentido al Estado: que el poder se ejerce para servir y que el erario pertenece a la comunidad entera
P0025,5,0. Preliminares,Carta de Presentación A los colombianos:,11.1497,0.3266,6,3,12,"Desde el día en el que el pueblo me eligió, impartí instrucciones precisas a quienes harían parte del Gobierno indicándoles que todas las entidades del Estado deben identificar los focos de corrupción"
P0027,5,0. Preliminares,Carta de Presentación A los colombianos:,11.3249,0.2067,6,5,12,"No pretende constituirse en una sentencia sobre el pasado. Busca, en cambio, cumplir un deber frente al presente y frente al futuro: que ningún hecho que haya lesionado los intereses de la Patria qued"
P0028,5,0. Preliminares,Carta de Presentación A los colombianos:,11.0885,0.2573,6,3,12,"Hay momentos en los que la obligación de quien gobierna consiste en llevar los hechos hasta la puerta de la justicia y detenerse allí, respetando escrupulosa y prudentemente su independencia. Ese mome"
P0029,5,0. Preliminares,Carta de Presentación A los colombianos:,10.9156,0.3983,2,6,11,"La sociedad colombiana se siente zaherida por el desgreño y la altanera corrupción que se registró durante los años en que el régimen anterior estuvo en el poder. En consecuencia, entrego estas página"
P0032,6,0. Preliminares,PRESENTACIÓN DEL LIBRO DE LA VERDAD,11.042,3.005,8,0,2,El Libro de la Verdad que el lector tiene en sus manos es el resultado de un ejercicio sin precedentes en la historia reciente del empalme presidencial: la construcción sistemática y verificable de un
P0033,6,0. Preliminares,PRESENTACIÓN DEL LIBRO DE LA VERDAD,10.5692,0.3882,3,8,2,"El ejercicio fue desafiante porque se desarrolló en un contexto de alta complejidad, atravesado por múltiples obstáculos interpuestos por los funcionarios del gobierno saliente para que pudiéramos acc"
P0034,6,0. Preliminares,PRESENTACIÓN DEL LIBRO DE LA VERDAD,10.8262,0.0354,6,12,2,"Dirigimos este proceso desde cuatro principios que no fueron enunciados, sino exigidos en cada entrega. Extrema coherencia, para que la información fuera consistente, verificable y libre de contradicc"
P0036,6,0. Preliminares,PRESENTACIÓN DEL LIBRO DE LA VERDAD,11.391,1.973,8,12,2,"Abre con la introducción metodológica, que explica cómo se validó cada dato y bajo qué estándares se construyó este ejercicio. Continúa con los nueve comportamientos que pusieron en riesgo la estabili"
P0037,7,0. Preliminares,PRESENTACIÓN DEL LIBRO DE LA VERDAD,11.061,0.9229,3,4,2,"Donde la integridad institucional así lo exige, distinguimos con rigor lo que corresponde al cuerpo público del Libro de aquello que, por su naturaleza, debe manejarse bajo reserva y remitirse a las a"
P0039,7,0. Preliminares,PRESENTACIÓN DEL LIBRO DE LA VERDAD,10.8208,0.1828,6,4,2,"semanas de validación cruzada con fuentes independientes, de sostener un estándar de calidad exigente antes de consolidar cada capítulo, de resolver caso por caso qué información entraba al cuerpo púb"
P0040,7,0. Preliminares,PRESENTACIÓN DEL LIBRO DE LA VERDAD,10.9552,-0.0666,6,12,2,Entregamos este Libro de la Verdad convencidos de que la honestidad sobre el punto de partida es la única base posible para la reconstrucción que viene. No hay atajo técnico ni discurso político que r
P0047,8,I. Proceso metodológico del empalme,Portadilla del capítulo,11.7782,2.643,0,1,2,"[1] Este documento presenta hallazgos de gestión y ejecución identificados durante el proceso de transición gubernamental, con base en las fuentes citadas en cada caso (Contraloría General de la Repúb"
P0049,9,I. Proceso metodológico del empalme,Introducción del capítulo,11.4056,0.0829,2,12,1,"“Cuando el Arca de la Patria atraviesa la tormenta, la extrema coherencia alista el rumbo para la reinstauración de la Nación. ”"
P0050,9,I. Proceso metodológico del empalme,Introducción del capítulo,10.8566,0.1279,6,4,2,"La transición presidencial de 2026 no puede leerse como un procedimiento protocolario de entrega de despachos. Constituye, por definición de su propia Metodología Operativa, “uno de los momentos más s"
P0052,9,I. Proceso metodológico del empalme,Gente: La voluntad ciudadana que sostuvo el empalme,10.5064,0.1671,6,3,2,"Ningún ejercicio de esta escala es reducible a un documento o a una metodología escrita. Es, ante todo, el resultado del trabajo de personas, y en el caso del Empalme 2026, del trabajo voluntario de e"
P0053,9,I. Proceso metodológico del empalme,Gente: La voluntad ciudadana que sostuvo el empalme,9.0207,1.4113,8,3,2,"Durante los meses previos a la posesión presidencial, 753 personas voluntarias venían trabajando en la construcción de las bases del proceso, en lo que los propios documentos del Empalme denominan, co"
P0055,9,I. Proceso metodológico del empalme,Gente: La voluntad ciudadana que sostuvo el empalme,10.8459,2.848,0,11,2,[1] La información presentada en este capítulo recoge y cita apartados de las Metodologías Operativa y Estratégica que orientaron el Empalme Anticorrupción 2026.
P0056,10,I. Proceso metodológico del empalme,Gente: La voluntad ciudadana que sostuvo el empalme,11.1183,2.4599,8,12,2,"Dirección del Empalme, a cargo de dirigir, priorizar, articular, decidir y comunicar siguiendo los lineamientos del Presidente electo, e integrar los resultados en el producto final."
P0058,10,I. Proceso metodológico del empalme,Gente: La voluntad ciudadana que sostuvo el empalme,10.4574,2.596,8,1,2,"Equipo Transversal, punto único de contacto para la definición de pautas y estándares en seis materias: planeación; gestión financiera y presupuestal; gestión jurídica y contractual;"
P0060,10,I. Proceso metodológico del empalme,Gente: La voluntad ciudadana que sostuvo el empalme,10.2592,2.4028,3,12,2,"y control interno y gestión del riesgo . Este equipo incorporó capacidades especializadas en auditoría forense, inteligencia de datos en contratación, ingeniería de plataforma y metodologías de inteli"
P0061,10,I. Proceso metodológico del empalme,Gente: La voluntad ciudadana que sostuvo el empalme,11.4623,2.5272,8,4,2,"Equipo Élite Anticorrupción, de carácter técnico especializado, encargado de actuar ante indicios de sabotaje informático, actos de corrupción, destrucción de información, adjudicaciones irregulares, "
P0062,10,I. Proceso metodológico del empalme,Gente: La voluntad ciudadana que sostuvo el empalme,10.3001,2.6098,8,12,2,"Comité Intersectorial de Empalme y veintidós equipos sectoriales, voluntarios en su mayoría (cada uno con un líder y un número variable de coordinadores), responsables de la interlocución con las enti"
P0063,10,I. Proceso metodológico del empalme,Gente: La voluntad ciudadana que sostuvo el empalme,11.1255,-0.0618,6,3,2,Este entramado organizacional es lo que permite calificar al Empalme 2026 como un ejercicio de construcción colectiva y voluntaria del conocimiento: una arquitectura humana desplegada en todo el terri
P0065,10,I. Proceso metodológico del empalme,Tecnología: La inteligencia artificial como garantía de escala y rigor,10.3814,2.4166,3,11,2,"La Metodología Operativa reconoce de manera explícita que un ejercicio de esta magnitud, sostenido por voluntariado ciudadano, no podía sostenerse exclusivamente en capacidad humana. Por ello incorpor"
P0066,10,I. Proceso metodológico del empalme,Tecnología: La inteligencia artificial como garantía de escala y rigor,10.2211,2.405,3,3,2,"Esta incorporación no fue una decisión periférica. Entre los seis lineamientos metodológicos exigidos a todos los equipos sectoriales se encuentra expresamente el de Aprovechamiento de Tecnología: ""ap"
P0067,11,I. Proceso metodológico del empalme,Tecnología: La inteligencia artificial como garantía de escala y rigor,10.1911,2.3441,3,11,2,"La Plataforma de Inteligencia Artificial y las herramientas digitales asociadas cumplieron funciones concretas a lo largo de todo el ejercicio: activación temprana de plataformas y dashboard, consolid"
P0069,11,I. Proceso metodológico del empalme,Proceso: La arquitectura metodológica,10.6846,2.6849,8,11,2,"El Empalme 2026 se sostuvo sobre dos metodologías articuladas entre sí. La Metodología Operativa organizó el proceso mediante once etapas generales (organización inicial, instalación institucional, co"
P0070,11,I. Proceso metodológico del empalme,Proceso: La arquitectura metodológica,10.7032,2.8294,8,12,2,"Sobre ese conocimiento construido entidad por entidad actuó la Metodología Estratégica, que integra progresivamente las comprensiones institucionales en comprensiones sectoriales y estas, a su vez, en"
P0071,11,I. Proceso metodológico del empalme,Proceso: La arquitectura metodológica,10.4713,3.1015,8,5,2,"instalación y operación; consolidación y validación; y cierre y divulgación), que culminaron con la posesión presidencial del 7 de agosto de 2026, y que produjeron como resultado final las líneas base"
P0072,11,I. Proceso metodológico del empalme,Proceso: La arquitectura metodológica,10.5544,2.4232,8,11,2,"La rigurosidad de ese proceso se sostuvo, además, en seis tipos de validación (documental, funcional, tecnológica, presupuestal, operativa e interinstitucional), con una precisión conceptual important"
P0073,12,I. Proceso metodológico del empalme,Proceso: La arquitectura metodológica,10.6699,2.7994,8,12,2,"En consecuencia, el proceso que este capítulo documenta no fue un empalme construido sobre la entrega voluntaria de información por parte de quien la poseía, sino un empalme construido por el Gobierno"
P0075,12,I. Proceso metodológico del empalme,Notas aclaratorias: Los límites que le dan credibilidad al ejercicio,11.2786,2.1326,8,3,2,"El proceso de empalme ""no reemplaza competencias constitucionales, legales ofuncionales propias de las entidades públicas ni constituye mecanismo de coadministración institucional con el gobierno sali"
P0076,12,I. Proceso metodológico del empalme,Notas aclaratorias: Los límites que le dan credibilidad al ejercicio,10.5673,0.801,6,11,2,"La metodología no exige el agotamiento absoluto de toda la información institucional existente, sino la suficiencia funcional necesaria para comprender razonablemente el funcionamiento de cada entidad"
P0077,12,I. Proceso metodológico del empalme,Notas aclaratorias: Los límites que le dan credibilidad al ejercicio,10.4546,0.8419,3,11,2,La intensidad del análisis no es uniforme: guarda proporcionalidad con la complejidad institucional y la criticidad funcional de cada entidad.
P0078,12,I. Proceso metodológico del empalme,Notas aclaratorias: Los límites que le dan credibilidad al ejercicio,11.7523,2.6065,8,4,2,"Las validaciones desarrolladas durante el empalme no constituyen auditoría ni investigación administrativa, sin perjuicio del traslado formal de hallazgos ante las autoridades competentes cuando corre"
P0079,12,I. Proceso metodológico del empalme,Notas aclaratorias: Los límites que le dan credibilidad al ejercicio,9.8649,1.4756,3,4,2,"Toda la información recibida, producida u organizada durante el proceso debió manejarse bajo condiciones de seguridad, integridad, trazabilidad y control de acceso, sin circular por canales informales"
P0080,12,I. Proceso metodológico del empalme,Notas aclaratorias: Los límites que le dan credibilidad al ejercicio,10.7985,0.2977,6,12,2,"La ausencia de un proceso formal de empalme por la vía institucional no constituye una carencia del presente ejercicio, sino el origen de su valor histórico: la comprensión del Estado aquí documentada"
P0086,14,II. Comportamientos críticos nocivos para el Estado,Introducción del capítulo,10.7805,1.3699,3,12,2,"El presente capítulo consolida los casos identificados por los veintidós equipos sectoriales durante el proceso de empalme, organizados conforme a la tipología de nueve comportamientos críticos que ha"
P0087,14,II. Comportamientos críticos nocivos para el Estado,Introducción del capítulo,10.827,1.294,3,4,2,"El proceso de empalme del Gobierno Nacional 2026–2030 recogió los hallazgos de los equipos técnicos sectoriales sobre el estado en que se recibe cada entidad. Analizados de forma transversal, esos hal"
P0088,14,II. Comportamientos críticos nocivos para el Estado,Introducción del capítulo,10.4766,0.5567,3,4,2,"La tipología describe condiciones institucionales (formas de operar, decidir y contratar) que debilitan los controles, amplían la discrecionalidad y crean el entorno en el que la corrupción prospera. "
P0092,15,II. Comportamientos críticos nocivos para el Estado,9 comportamientos críticos,10.4827,0.5665,6,4,2,Cada comportamiento se presenta con tres elementos. i) La definición precisa que señala en qué consiste la condición institucional;ii) El espíritu de la práctica negativa que explica por qué esa condi
P0112,16,II. Comportamientos críticos nocivos para el Estado,Definición del comportamiento 01: Destrucción del rigor técnico,8.6368,2.7646,8,10,10,"Pérdida de capacidad técnica permanente por vacantes directivas cubiertas mediante encargo y una dependencia estructural de la contratación por prestación de servicios, con miles de contratos venciend"
P0114,16,II. Comportamientos críticos nocivos para el Estado,Definición del comportamiento 01: Destrucción del rigor técnico,10.1998,0.7241,3,10,2,"Sustitución del mérito por relaciones de conveniencia y dependencia política en los nombramientos. La ausencia de equipos técnicos estables reduce la capacidad de control, favorece decisiones discreci"
P0120,17,II. Comportamientos críticos nocivos para el Estado,Definición del comportamiento 02: Colapso de la capacidad tecnológica,9.8495,1.8864,3,12,10,"Sistemas misionales sostenidos por plataformas obsoletas o por un proveedor tecnológico único sin alternativa documentada, en función pública, trámites consulares, contratación pública y otros sistema"
P0122,17,II. Comportamientos críticos nocivos para el Estado,Definición del comportamiento 02: Colapso de la capacidad tecnológica,9.8532,1.2141,3,10,10,"Discrecionalidad en el funcionamiento y la configuración de los sistemas tecnológicos, manipulación de fallas para capturar rentas a través de la prestación de bienes y servicios públicos, y ausencia "
P0124,17,II. Comportamientos críticos nocivos para el Estado,Definición del comportamiento 02: Colapso de la capacidad tecnológica,8.5522,0.3362,7,3,7,"Las personas pierden tiempo y dinero al repetir trámites, desplazarse nuevamente a las entidades o no poder acceder a servicios públicos por fallas en las plataformas digitales."
P0128,18,II. Comportamientos críticos nocivos para el Estado,Definición del comportamiento 03: Opacidad y distorsión de la información pública,9.1982,0.9773,3,12,2,"Coexistencia, en casi todos los sectores, de cifras validadas con cifras autorreportadas por las propias entidades y aún sin contraste independiente, incluida la información en temas estratégicos como"
P0130,18,II. Comportamientos críticos nocivos para el Estado,Definición del comportamiento 03: Opacidad y distorsión de la información pública,10.3743,0.5266,3,9,2,"Presentación selectiva de la información para sostener una narrativa institucional favorable. La falta de validación independiente dificulta detectar inconsistencias, favorece el ocultamiento de pasiv"
P0132,18,II. Comportamientos críticos nocivos para el Estado,Definición del comportamiento 03: Opacidad y distorsión de la información pública,8.8073,0.3678,3,11,7,Los ciudadanos reciben servicios que no responden a sus necesidades reales y tienen menos herramientas para exigir resultados y controlar el uso de los recursos públicos.
P0136,19,II. Comportamientos críticos nocivos para el Estado,Definición del comportamiento 04: Parálisis operativa,9.9503,0.9772,3,12,2,"Reducción significativa o interrupción de la capacidad de las entidades para ejecutar procesos, adoptar decisiones o prestar bienes y servicios, como consecuencia de deficiencias en la gestión, la coo"
P0138,19,II. Comportamientos críticos nocivos para el Estado,Definición del comportamiento 04: Parálisis operativa,10.0136,0.9716,3,7,2,"Generación o aprovechamiento deliberado de la ineficiencia, el retraso o el bloqueo de procesos institucionales para crear condiciones que favorezcan decisiones discrecionales, beneficios indebidos o "
P0140,19,II. Comportamientos críticos nocivos para el Estado,Definición del comportamiento 04: Parálisis operativa,8.5914,0.3625,3,4,7,"Las familias se ven afectadas para acceder a subsidios, medicamentos, permisos y otros servicios esenciales, y asumen costos adicionales mientras el Estado no responde oportunamente."
P0146,20,II. Comportamientos críticos nocivos para el Estado,Definición del comportamiento 05: Captura contractual y concentración del poder operativo,10.1274,1.2154,3,5,7,"Generación de dependencia operativa y disminución de la competencia efectiva, lo que produce ineficiencias en precios y en la calidad de los programas del Estado y crea condiciones propicias para: i) "
P0152,21,II. Comportamientos críticos nocivos para el Estado,Definición del comportamiento 06: Expansión del riesgo litigioso,10.9268,2.0018,3,1,2,"Incremento sostenido de la exposición a controversias judiciales, arbitrales, administrativas o sancionatorias derivadas de deficiencias en la gestión institucional, la contratación, el cumplimiento n"
P0154,21,II. Comportamientos críticos nocivos para el Estado,Definición del comportamiento 06: Expansión del riesgo litigioso,10.1413,1.2416,3,10,2,"Incrementa la discrecionalidad para gestionar contingencias o justificar decisiones excepcionales, y crea incentivos para acuerdos indebidos, direccionamiento de actuaciones, manipulación de procesos "
P0156,21,II. Comportamientos críticos nocivos para el Estado,Definición del comportamiento 06: Expansión del riesgo litigioso,8.2917,0.2518,7,7,7,"Cada peso destinado a pagar demandas evitables es un peso menos para construir hospitales, colegios y vías, fortalecer la seguridad o financiar programas sociales que beneficien a la población."
P0160,22,II. Comportamientos críticos nocivos para el Estado,Definición del comportamiento 07: Pérdida de control territorial frente a economías criminales,9.9578,0.5951,3,6,7,"Debilitamiento de la capacidad efectiva del Estado para ejercer autoridad, garantizar el cumplimiento de la ley y asegurar la prestación regular de bienes y servicios públicos en territorios donde las"
P0162,22,II. Comportamientos críticos nocivos para el Estado,Definición del comportamiento 07: Pérdida de control territorial frente a economías criminales,9.6327,0.6469,3,5,7,"Incremento de la capacidad de actores vinculados a economías ilegales para influir, cooptar o intimidar a servidores públicos e instituciones, distorsionando la toma de decisiones, la contratación, el"
P0164,22,II. Comportamientos críticos nocivos para el Estado,Definición del comportamiento 07: Pérdida de control territorial frente a economías criminales,8.4011,0.3125,7,6,7,"Las comunidades viven con mayor inseguridad, menor presencia del Estado, menos oportunidades de empleo y desarrollo, y mayores dificultades para acceder a servicios públicos y ejercer sus derechos."
P0168,23,II. Comportamientos críticos nocivos para el Estado,Definición del comportamiento 08: Fragmentación del Estado y fracaso de la conducción estratégica,9.8598,0.8027,3,4,2,"Incapacidad de la alta dirección y de las instancias de coordinación para definir, articular y conducir de manera coherente las prioridades, políticas, recursos y acciones institucionales, lo que gene"
P0170,23,II. Comportamientos críticos nocivos para el Estado,Definición del comportamiento 08: Fragmentación del Estado y fracaso de la conducción estratégica,10.0452,0.6685,3,4,2,"vacíos de gobernanza, fragmentación de responsabilidades y debilidades en los mecanismos de coordinación, supervisión y control de la gestión pública. Estas condiciones incrementan la discrecionalidad"
P0172,23,II. Comportamientos críticos nocivos para el Estado,Definición del comportamiento 08: Fragmentación del Estado y fracaso de la conducción estratégica,8.8001,0.539,3,0,7,"Los ciudadanos deben acudir a varias entidades para resolver un mismo problema porque no tienen claro a dónde dirigirse, y reciben respuestas contradictorias que los enfrentan a mayores demoras para o"
P0176,24,II. Comportamientos críticos nocivos para el Estado,Definición del comportamiento 09: Capacidad fiscal restringida (comportamiento transversal),9.647,0.5573,3,4,7,"Condición en la que las limitaciones de ingresos, la disponibilidad presupuestal, las reglas fiscales o la sostenibilidad financiera reducen la capacidad del Estado para asignar recursos, ejecutar pol"
P0178,24,II. Comportamientos críticos nocivos para el Estado,Definición del comportamiento 09: Capacidad fiscal restringida (comportamiento transversal),9.9801,0.9081,3,10,7,"Incrementa la discrecionalidad en la priorización y asignación de recursos públicos, intensifica la competencia por el acceso al presupuesto y favorece el uso de mecanismos excepcionales de ejecución."
P0180,24,II. Comportamientos críticos nocivos para el Estado,Definición del comportamiento 09: Capacidad fiscal restringida (comportamiento transversal),8.5799,0.1908,7,6,7,"Las personas dejan de recibir bienes y servicios de calidad, mientras aumentan los tiempos de espera y los costos y se reducen las oportunidades de mejorar su calidad de vida."
P0181,24,II. Comportamientos críticos nocivos para el Estado,Definición del comportamiento 09: Capacidad fiscal restringida (comportamiento transversal),10.0797,0.6614,3,10,2,Los nueve comportamientos no operan por separado. La pérdida de rigor técnico debilita la supervisión contractual; la opacidad de la información impide detectar a tiempo la baja ejecución; la restricc
P0186,26,II. Comportamientos críticos nocivos para el Estado,Figura 2. Top 10 de casos que pusieron en riesgo la gestión pública,10.7753,1.386,3,12,3,"A continuación, se presentan, para cada uno de los nueve comportamientos, los principales casos identificados por los equipos sectoriales durante el proceso de empalme, agrupados por sector:"
P0188,26,II. Comportamientos críticos nocivos para el Estado,Comportamiento 1. Destrucción del rigor técnico,11.1213,6.2027,10,0,3,"Casos identificados por los equipos sectoriales (4 en total, 4 sectores): Presidencia de la República; Salud y Protección Social; Función Pública; y Minas y Energía."
P0191,26,II. Comportamientos críticos nocivos para el Estado,Comportamiento 1. Destrucción del rigor técnico,4.8693,5.4078,4,7,0,"Al 1º de julio de 2026, el Fondo mujer libre y productiva, había ejecutado cerca de $172 millones de los $55.142 millones adicionados mediante los otrosíes 7 y 8, aproximadamente el 0,3%, correspondie"
P0194,26,II. Comportamientos críticos nocivos para el Estado,Comportamiento 1. Destrucción del rigor técnico,8.8012,2.8027,8,12,2,"Incapacidad contractual sistémica. Entre enero y mayo de 2026, la entidad abrió cuatro procesos distintos para seleccionar operadores de los programas, y los cuatro fueron cancelados, suspendidos o de"
P0195,26,II. Comportamientos críticos nocivos para el Estado,Comportamiento 1. Destrucción del rigor técnico,11.4994,3.1718,0,7,2,"Intervención del despacho vicepresidencial sobre un proceso técnico. Tras la renuncia de las coordinadoras de Autonomía Económica y Desarrollo Empresarial, un proceso de selección con 422 postulacione"
P0196,26,II. Comportamientos críticos nocivos para el Estado,Comportamiento 1. Destrucción del rigor técnico,8.6424,0.5559,3,6,3,"Programas sin ejecutar con impacto en poblaciones específicas. Iniciativas como Hiladoras de autonomía y Territorios vicheros permanecían en cero de ejecución, sin que se hubieran materializado los ap"
P0198,27,II. Comportamientos críticos nocivos para el Estado,Comportamiento 1. Destrucción del rigor técnico,6.675,4.2543,9,7,0,"aproximadamente el 99,7% de los $55.142 millones adicionados no registraba ejecución, mientras los siete programas seguían sin iniciar. Esto no implica que los recursos hubieran sido comprometidos ind"
P0201,27,II. Comportamientos críticos nocivos para el Estado,Comportamiento 1. Destrucción del rigor técnico,6.6892,4.4379,1,2,9,"Mientras el sistema se desfinanciaba, el Ministerio de Salud, desde el último trimestre de 2022 hasta junio de 2026 asignó recursos por $16,1 billones, de los cuales giró $10 billones para la financia"
P0202,27,II. Comportamientos críticos nocivos para el Estado,Comportamiento 1. Destrucción del rigor técnico,6.7887,2.9847,9,2,9,"Esta improvisación no ocurre en el vacío: mientras el Ministerio anunciaba compromisos billonarios sin planeación, el sistema de salud acumulaba retrasos en la prestación de servicios, incumplimientos"
P0204,27,II. Comportamientos críticos nocivos para el Estado,Comportamiento 1. Destrucción del rigor técnico,11.1,2.0199,8,7,10,Se rebajaron los requisitos de formación y experiencia para acceder a cargos de alta dirección: el mérito cedió ante el favoritismo político
P0205,27,II. Comportamientos críticos nocivos para el Estado,Comportamiento 1. Destrucción del rigor técnico,12.7897,4.4975,0,7,4,"A través de modificaciones normativas, se redujeron drásticamente las exigencias de formación y experiencia para cargos de alta dirección y asesoría. Tal es el caso de la modificación al Manual de Fun"
P0206,28,II. Comportamientos críticos nocivos para el Estado,Comportamiento 1. Destrucción del rigor técnico,12.6654,4.396,0,7,4,"Por otra parte, mediante el Decreto 0226 de 2026 se rebajaron las exigencias para los empleos de Superintendentes de la Superintendencia Financiera, la Superintendencia de Industria y Comercio y la Su"
P0207,28,II. Comportamientos críticos nocivos para el Estado,Comportamiento 1. Destrucción del rigor técnico,8.4606,3.0275,8,7,10,"El servicio exterior ilustra la magnitud del fenómeno: entre agosto de 2025 y enero de 2026, la Cancillería habría suscrito cerca de 785 contratos por aproximadamente $83.742 millones, firmados antes "
P0208,28,II. Comportamientos críticos nocivos para el Estado,Comportamiento 1. Destrucción del rigor técnico,8.7158,0.1302,7,5,7,"Cuando personas inexpertas o no idóneas asumen la gestión de las entidades y los recursos públicos, las políticas del Estado fracasan. Directivos sin la formación adecuada aumentan el riesgo de decisi"
P0211,28,II. Comportamientos críticos nocivos para el Estado,Comportamiento 1. Destrucción del rigor técnico,7.6807,1.0404,7,9,8,"El proceso de Asignación de Capacidad de Conexión que le fue asignado a la Unidad de Planeación Minero Energética (UPME) le ha implicado destinar cuantiosos recursos técnicos y económicos, restando ti"
P0212,29,II. Comportamientos críticos nocivos para el Estado,Comportamiento 1. Destrucción del rigor técnico,7.6156,0.701,7,3,8,"El país comienza a evidenciar la falta de nueva infraestructura de generación y transmisión que permita un servicio de energía de calidad, confiable y seguro que apoye el desarrollo económico y social"
P0217,29,II. Comportamientos críticos nocivos para el Estado,Comportamiento 2. Colapso de la capacidad tecnológica,5.2143,5.3391,4,2,10,DIAN paralizada : el Gobierno Petro dejó $310 mil millones en contratos tecnológicos que no funcionan y encadenó al país hasta 2028
P0218,29,II. Comportamientos críticos nocivos para el Estado,Comportamiento 2. Colapso de la capacidad tecnológica,6.7487,4.2621,1,2,12,"El Fondo DIAN, bajo el Gobierno saliente, suscribió dos contratos tecnológicos por más de $310 mil millones de pesos que actualmente no funcionan y que la Contraloría y la Procuraduría confirmaron com"
P0219,29,II. Comportamientos críticos nocivos para el Estado,Comportamiento 2. Colapso de la capacidad tecnológica,6.6554,3.6852,9,2,12,"Lo más grave es que esto no fue un hecho aislado: es la confirmación de un patrón. El Plan de Modernización Tecnológica, con $333.853 millones ejecutados entre 2019-2024 y un avance declarado del 95%,"
P0220,29,II. Comportamientos críticos nocivos para el Estado,Comportamiento 2. Colapso de la capacidad tecnológica,6.8773,3.0637,9,2,12,"Las consecuencias las paga directamente el ciudadano y el Estado. La DIAN es la entidad que recauda los impuestos con los que se financian hospitales, escuelas y vías. Con sistemas que fallan, se inte"
P0223,30,II. Comportamientos críticos nocivos para el Estado,Comportamiento 2. Colapso de la capacidad tecnológica,7.9583,2.2202,3,12,12,"En momentos en que los grupos armados incrementan el uso de drones cargados con explosivos contra soldados y comunidades, el Gobierno impulsó un proyecto superior a $6,3 billones para crear el Escudo "
P0224,30,II. Comportamientos críticos nocivos para el Estado,Comportamiento 2. Colapso de la capacidad tecnológica,7.7619,1.9688,9,6,7,"De este proyecto depende la capacidad del Estado para proteger a la población y a la Fuerza Pública frente a una de las amenazas que más ha crecido en los últimos años, detectándose cerca de 9.000 int"
P0226,30,II. Comportamientos críticos nocivos para el Estado,Comportamiento 2. Colapso de la capacidad tecnológica,9.9132,2.9024,11,12,7,"Riesgo de apagón digital en el Estado: SIGEP II, FURAG y SUIT, las plataformas que administra la Función Pública operan al borde del colapso"
P0228,30,II. Comportamientos críticos nocivos para el Estado,Comportamiento 2. Colapso de la capacidad tecnológica,9.3288,1.3965,3,12,10,"presentan fallas estructurales de estabilidad, escalabilidad e interoperabilidad. El SIGEP II, donde registran hojas de vida y bienes más de 1,3 millones de servidores y contratistas, sufre caídas rec"
P0229,31,II. Comportamientos críticos nocivos para el Estado,Comportamiento 2. Colapso de la capacidad tecnológica,9.1708,0.5288,3,12,7,"Cuando los sistemas informáticos del Estado colapsan, el ciudadano sufre la parálisis de sus trámites cotidianos y la vulneración de sus derechos. Además, la opacidad en el SIGEP y el FURAG impide a l"
P0231,31,II. Comportamientos críticos nocivos para el Estado,Comportamiento 3. Opacidad y distorsión de la información pública,11.1305,6.221,10,0,3,"Casos identificados por los equipos sectoriales (6 en total, 6 sectores): Agricultura y Desarrollo Rural; Hacienda y Crédito Público; Comercio, Industria y Turismo; Salud y Protección Social;"
P0234,31,II. Comportamientos críticos nocivos para el Estado,Comportamiento 3. Opacidad y distorsión de la información pública,7.0232,4.0455,9,4,12,El engaño de la reforma agraria: Gobierno saliente entregó tierras sin títulos y pagó casi un billón de pesos por predios que el Estado ni siquiera logró registrar.
P0235,31,II. Comportamientos críticos nocivos para el Estado,Comportamiento 3. Opacidad y distorsión de la información pública,8.6926,1.4656,8,4,12,"El Gobierno anterior hizo de la reforma agraria una de sus banderas políticas, pero el informe de empalme revela que fue, en gran medida, una operación de maquillaje estadístico. A través del Fondo de"
P0237,31,II. Comportamientos críticos nocivos para el Estado,Comportamiento 3. Opacidad y distorsión de la información pública,7.0616,4.2272,9,9,12,"La Contraloría advirtió que la ANT pagó $979.003 millones por 537 predios de la Sociedad de Activos Especiales (SAE) y que, al 22 de junio de 2026, solo tres de esos predios tenían escritura registrad"
P0238,31,II. Comportamientos críticos nocivos para el Estado,Comportamiento 3. Opacidad y distorsión de la información pública,8.6088,1.4,6,4,12,"El costo de esta opacidad lo pagan los campesinos, no el gobierno que se fue. Sin título registrado un beneficiario no puede vender su tierra, no puede heredarla ni usarla como respaldo de crédito, y "
P0240,32,II. Comportamientos críticos nocivos para el Estado,Comportamiento 3. Opacidad y distorsión de la información pública,6.5528,2.7345,9,8,12,"La bomba de tiempo fiscal: deuda contratada a las tasas más altas de la historia, con la Procuraduría detrás del Ministro"
P0241,32,II. Comportamientos críticos nocivos para el Estado,Comportamiento 3. Opacidad y distorsión de la información pública,6.5904,2.8647,9,8,12,"La auditoría de deuda pública de la Contraloría General de la República (CGR) destapó un manejo de la deuda que compromete las finanzas del país por años. Primero, el Ministerio de Hacienda elevó el l"
P0242,32,II. Comportamientos críticos nocivos para el Estado,Comportamiento 3. Opacidad y distorsión de la información pública,6.4601,3.1112,9,2,12,"El resultado es un golpe silencioso al bolsillo de todos los colombianos: deuda antigua contratada a tasas bajas fue reemplazada por obligaciones a tasas casi del doble, que el país pagará durante déc"
P0243,32,II. Comportamientos críticos nocivos para el Estado,Comportamiento 3. Opacidad y distorsión de la información pública,11.9703,2.4854,0,4,1,"Ante la gravedad de los hallazgos, la CGR advirtió la existencia de un posible detrimento patrimonial y remitió el caso a la Procuraduría General de la Nación. Que el organismo de control fiscal consi"
P0244,32,II. Comportamientos críticos nocivos para el Estado,Comportamiento 3. Opacidad y distorsión de la información pública,6.681,2.7428,6,8,12,"El nuevo gobierno recibe no solo una deuda cara, sino vencimientos concentrados en sus primeros años de gestión: una verdadera bomba de tiempo fiscal heredada por decisiones que hoy están bajo la lupa"
P0247,32,II. Comportamientos críticos nocivos para el Estado,Comportamiento 3. Opacidad y distorsión de la información pública,5.1498,5.4375,4,2,10,"El sector tiene 11.245 contratos suscritos entre 2022 y 2026 que suman $5,81 billones y que todavía no han sido liquidados, es decir, cerrados formalmente para confirmar que se cumplieron como se pact"
P0248,33,II. Comportamientos críticos nocivos para el Estado,Comportamiento 3. Opacidad y distorsión de la información pública,5.7304,5.0599,1,2,10,"Liquidar un contrato es el paso final en el que la entidad verifica que lo que pagó corresponde a lo que recibió. Mientras esos 11.245 contratos sigan sin ese cierre, nadie puede confirmar si la plata"
P0250,33,II. Comportamientos críticos nocivos para el Estado,Comportamiento 3. Opacidad y distorsión de la información pública,4.7015,5.3756,4,2,9,"$6,8 billones a ciegas: el Ministerio de Salud financió Equipos Básicos en Salud durante cuatro años sin poder demostrar un solo resultado"
P0251,33,II. Comportamientos críticos nocivos para el Estado,Comportamiento 3. Opacidad y distorsión de la información pública,7.1568,3.9292,9,3,9,"Entre el último trimestre de 2022 y junio de 2026 se asignaron más de $6,8 billones a financiarlos en todo el país sin que a la fecha la Superintendencia Nacional de Salud se haya pronunciado sobre la"
P0252,33,II. Comportamientos críticos nocivos para el Estado,Comportamiento 3. Opacidad y distorsión de la información pública,8.5132,-0.1882,3,11,9,"Los Equipos Básicos en Salud son grupos interdisciplinarios (médicos, enfermeras, auxiliares de enfermería, odontólogos, psicólogos y trabajadores sociales, entre otros) vinculados a las Empresas Soci"
P0253,33,II. Comportamientos críticos nocivos para el Estado,Comportamiento 3. Opacidad y distorsión de la información pública,8.7379,0.293,7,3,9,"promoción de la salud, prevención de la enfermedad y atención básica en los lugares donde viven las comunidades, especialmente en zonas rurales y apartadas. Fueron una de las apuestas centrales del Go"
P0254,33,II. Comportamientos críticos nocivos para el Estado,Comportamiento 3. Opacidad y distorsión de la información pública,6.4134,4.2272,1,2,5,"Un programa de $6,8 billones sin seguimiento en su ejecución e indicadores de impacto verificables no es una política pública, es una caja de gasto sin control ni rendición de cuentas."
P0255,33,II. Comportamientos críticos nocivos para el Estado,Comportamiento 3. Opacidad y distorsión de la información pública,8.5049,1.9896,3,2,9,"La contradicción es evidente frente a la realidad que enfrentan los colombianos todos los días: retrasos significativos en la prestación de servicios de salud, incumplimientos en la entrega de medicam"
P0257,34,II. Comportamientos críticos nocivos para el Estado,Comportamiento 3. Opacidad y distorsión de la información pública,9.9369,2.3665,8,10,10,"La Contraloría halló contratos del Ministerio de Vivienda sin informes de ejecución, supervisión ni soportes de pago en el sistema público de contratación"
P0258,34,II. Comportamientos críticos nocivos para el Estado,Comportamiento 3. Opacidad y distorsión de la información pública,11.8441,3.5669,0,7,5,"La auditoría financiera practicada por la Contraloría General de la República al Ministerio de Vivienda, Ciudad y Territorio sobre la vigencia 2025 evidenció que en una muestra de doce (12)"
P0259,34,II. Comportamientos críticos nocivos para el Estado,Comportamiento 3. Opacidad y distorsión de la información pública,10.1923,2.3324,8,10,10,"contratos revisados no contaban con la totalidad de la información que, por mandato legal, debía estar publicada en el Sistema Electrónico para la Contratación Pública (SECOP). La revisión estableció "
P0260,34,II. Comportamientos críticos nocivos para el Estado,Comportamiento 3. Opacidad y distorsión de la información pública,11.9064,2.6205,0,9,1,La Contraloría concluyó que estas omisiones vulneraron los principios de publicidad y transparencia de la contratación estatal y configuraron un hallazgo administrativo con presunta incidencia discipl
P0261,34,II. Comportamientos críticos nocivos para el Estado,Comportamiento 3. Opacidad y distorsión de la información pública,9.9913,1.6106,3,10,10,"La contratación pública solo puede ser objeto de control social cuando la información está disponible, completa y publicada oportunamente. Cuando los documentos de ejecución, supervisión o pago no apa"
P0263,34,II. Comportamientos críticos nocivos para el Estado,Comportamiento 3. Opacidad y distorsión de la información pública,5.4346,5.4203,4,2,10,RTVC más que duplicó contratos ya firmados: adiciones de hasta el 119% del valor inicial y 230 contratos por $11.665 millones suscritos en los últimos seis días del Gobierno
P0264,34,II. Comportamientos críticos nocivos para el Estado,Comportamiento 3. Opacidad y distorsión de la información pública,8.8763,3.7819,11,2,10,"La Contraloría General de la República detectó en Radio Televisión Nacional de Colombia (RTVC), mediante la Observación Administrativa No. 12 con presunta incidencia disciplinaria, un patrón de adicio"
P0265,34,II. Comportamientos críticos nocivos para el Estado,Comportamiento 3. Opacidad y distorsión de la información pública,4.9444,5.6201,4,2,10,"El caso extremo es una interventoría contratada en 2025, que pasó de $2.342.334.238 a $5.146.864.213, es decir, adiciones equivalentes al 119,73 % de lo pactado. Sobre ese mismo contrato, la Observaci"
P0266,34,II. Comportamientos críticos nocivos para el Estado,Comportamiento 3. Opacidad y distorsión de la información pública,4.6982,5.779,4,2,10,"El contrato 3316-2025, firmado el 29 de diciembre de 2025 por $3.448.725.386, muestra cómo opera el patrón: la primera solicitud de adición llegó trece días después de la firma y, en menos de dos mese"
P0267,35,II. Comportamientos críticos nocivos para el Estado,Comportamiento 3. Opacidad y distorsión de la información pública,7.4785,3.2678,9,3,10,"Las modificaciones se justificaron por el agotamiento de la bolsa de recursos, la continuidad del servicio y compromisos con clientes y nuevos proyectos; sin embargo, varias de las actividades invocad"
P0268,35,II. Comportamientos críticos nocivos para el Estado,Comportamiento 3. Opacidad y distorsión de la información pública,9.9079,0.1164,6,10,10,"En los contratos misionales de RTVC, regidos por el derecho privado, lo decisivo no es superar el umbral del 50%: es que cada adición esté individualizada, soportada con las circunstancias de tiempo, "
P0269,35,II. Comportamientos críticos nocivos para el Estado,Comportamiento 3. Opacidad y distorsión de la información pública,9.8195,1.3379,3,5,10,"Las adiciones de gran magnitud pueden convertir un contrato, dimensionado y adjudicado bajo determinadas condiciones de competencia, en un vehículo para ejecutar recursos muy superiores sin abrir un n"
P0271,35,II. Comportamientos críticos nocivos para el Estado,Comportamiento 4. Parálisis operativa,11.1029,6.1943,10,0,3,"Casos identificados por los equipos sectoriales (12 en total, 12 sectores): Presidencia de la República; Educación; Transporte e Infraestructura; Ciencia, Tecnología e Innovación;"
P0272,35,II. Comportamientos críticos nocivos para el Estado,Comportamiento 4. Parálisis operativa,11.176,6.2282,10,9,3,"Inclusión Social y Reconciliación; Salud y Protección Social; Relaciones Exteriores; Justicia y Derecho; Ambiente y Desarrollo Sostenible; Vivienda, Ciudad y Territorio; Minas y Energía; y Tecnologías"
P0275,35,II. Comportamientos críticos nocivos para el Estado,Comportamiento 4. Parálisis operativa,6.4589,4.8011,11,2,5,"Entre 2022 y 2026, la UNGRD registró una ejecución acumulada de apenas el 4,3% de su apropiación total ($15,3 billones, equivalentes al 82,8% del Sector Presidencia), según SIIF Nación II. La ejecució"
P0277,36,II. Comportamientos críticos nocivos para el Estado,Comportamiento 4. Parálisis operativa,6.6257,4.4744,1,9,1,"$223.988 millones en hallazgos fiscales detectados por la Contraloría en 106 proyectos financiados con regalías en la Región Caribe, de los cuales el 55% presentó observación fiscal, sin que exista cl"
P0278,36,II. Comportamientos críticos nocivos para el Estado,Comportamiento 4. Parálisis operativa,5.1575,5.5426,4,2,0,"$6.759 millones en canastas para La Guajira pagados sin que la Contraloría haya podido acreditar su entrega ni calidad, con reportes de entregas incompletas en Putumayo, Cauca y Nariño."
P0279,36,II. Comportamientos críticos nocivos para el Estado,Comportamiento 4. Parálisis operativa,7.775,3.729,0,1,4,"Un decreto que habría trasladado $4 billones adicionales a la entidad para ejecución sin licitación fue suspendido por el Consejo de Estado el 29 de julio de 2026, por presunta modificación del presup"
P0280,36,II. Comportamientos críticos nocivos para el Estado,Comportamiento 4. Parálisis operativa,4.9448,5.71,4,2,5,"Los estados financieros 2024 fueron calificados como no razonables por la CGR, que no feneció la cuenta fiscal por una incertidumbre contable de $1,29 billones."
P0281,36,II. Comportamientos críticos nocivos para el Estado,Comportamiento 4. Parálisis operativa,11.8452,1.7433,0,3,12,"El nuevo gobierno recibe una entidad con una ejecución de apenas 0,2% en el primer semestre de 2026, en momentos en que el IDEAM proyecta una probabilidad del 81% de un fenómeno de El Niño extremo. La"
P0282,36,II. Comportamientos críticos nocivos para el Estado,Comportamiento 4. Parálisis operativa,10.8557,2.0662,8,9,1,"Estos hallazgos —baja ejecución sostenida, hallazgos fiscales abiertos y la suspensión judicial de un decreto que habría movilizado recursos adicionales sin licitación— se presentan como elementos a c"
P0284,36,II. Comportamientos críticos nocivos para el Estado,Comportamiento 4. Parálisis operativa,6.0966,4.8617,1,2,7,FOMAG : Cuando la ineficiencia administrativa termina afectando a los maestros y a los recursos públicos: más de $548.000 millones en hallazgos fiscales
P0285,36,II. Comportamientos críticos nocivos para el Estado,Comportamiento 4. Parálisis operativa,8.9744,0.5034,3,2,9,"Detrás de las cifras del FOMAG hay una realidad que no admite indiferencia: recursos destinados a proteger a los maestros terminaron atrapados entre demoras, fallas de gestión, decisiones contractuale"
P0286,36,II. Comportamientos críticos nocivos para el Estado,Comportamiento 4. Parálisis operativa,6.4611,4.1823,1,9,9,"El nuevo Gobierno recibe un FOMAG con problemas que van mucho más allá de la crisis del modelo de salud, aunque es allí donde la situación se vuelve más urgente porque toca directamente la vida de los"
P0287,37,II. Comportamientos críticos nocivos para el Estado,Comportamiento 4. Parálisis operativa,9.2309,0.6845,7,6,9,"Pero detrás de esas cifras hay una realidad mucho más difícil: maestros esperando una cita, un especialista, un medicamento o un tratamiento, y familias tratando de encontrar una respuesta en un siste"
P0288,37,II. Comportamientos críticos nocivos para el Estado,Comportamiento 4. Parálisis operativa,8.9893,0.5538,6,1,12,"No se trata, entonces, de una crisis que quedó atrás: el nuevo Gobierno recibe un modelo que todavía está bajo vigilancia y que debe responder por la atención de más de 800.000 docentes, pensionados y"
P0289,37,II. Comportamientos críticos nocivos para el Estado,Comportamiento 4. Parálisis operativa,7.5389,3.1824,5,2,9,"Y la espera no termina en la salud. En 2025, de 9.305 solicitudes de pensión revisadas por la Contraloría, apenas 2.034 fueron reconocidas y pagadas dentro de los términos; 7.271, casi ocho de cada di"
P0290,37,II. Comportamientos críticos nocivos para el Estado,Comportamiento 4. Parálisis operativa,9.8435,-0.4441,6,6,7,"El problema tiene además un costo que termina pagando todo el país: cuando el sistema no responde oportunamente, las demoras se han convertido en intereses, sanciones y mayores obligaciones con presta"
P0292,37,II. Comportamientos críticos nocivos para el Estado,Comportamiento 4. Parálisis operativa,6.3467,3.0952,12,2,5,"El sector dejó de convertir el presupuesto en infraestructura: la ejecución de la inversión cayó del 76,5% al 37,3% en apenas dos años"
P0293,37,II. Comportamientos críticos nocivos para el Estado,Comportamiento 4. Parálisis operativa,5.3513,5.0379,4,2,5,La capacidad de ejecución del sector transporte registró un deterioro significativo durante el cuatrienio. Según los hallazgos del proceso de empalme y el diagnóstico de la Contraloría General de la R
P0294,37,II. Comportamientos críticos nocivos para el Estado,Comportamiento 4. Parálisis operativa,6.5599,4.7357,1,2,5,Dos programas emblemáticos muestran la magnitud del rezago. Caminos Comunitarios para la Paz (principal programa para fortalecer la red vial terciaria del país en el pasado Gobierno) ejecutó apenas el
P0295,38,II. Comportamientos críticos nocivos para el Estado,Comportamiento 4. Parálisis operativa,8.1593,0.1286,7,6,7,"La baja ejecución significa carreteras, puentes, aeropuertos y sistemas de transporte que no avanzaron al ritmo previsto. También implica menos empleo, mayores costos por prórrogas y deterioro de obra"
P0298,38,II. Comportamientos críticos nocivos para el Estado,Comportamiento 4. Parálisis operativa,6.4409,4.5038,1,6,6,"Las regalías de ciencia, tecnología e innovación del periodo 2025 a 2026 (recursos que pertenecen a los territorios) equivalen a $3,8 billones. En lo corrido de 2026 se radicaron 407 proyectos y se ap"
P0299,38,II. Comportamientos críticos nocivos para el Estado,Comportamiento 4. Parálisis operativa,9.2125,2.7157,8,2,6,"El proyecto aprobado corresponde a la Convocatoria 46, ""Colombia Inteligente: Infraestructura para el Desarrollo de la Inteligencia Artificial"", por valor de $630.000 millones. Una inspección sorpresa"
P0300,38,II. Comportamientos críticos nocivos para el Estado,Comportamiento 4. Parálisis operativa,9.8734,2.0072,3,9,6,"El embudo tiene causas documentadas: el bienio anterior (2023-2024) cerró en ceros porque 11 convocatorias quedaron en limbo jurídico tras un concepto del DNP, con más de un centenar de proyectos eleg"
P0301,39,II. Comportamientos críticos nocivos para el Estado,Comportamiento 4. Parálisis operativa,7.3575,2.6942,9,5,6,"Miles de millones de pesos de regalías, aportados por todos los colombianos y destinados a proyectos regionales de ciencia, corren el riesgo de perderse por vencimiento de plazos legales sin que un so"
P0302,39,II. Comportamientos críticos nocivos para el Estado,Comportamiento 4. Parálisis operativa,6.1023,4.7062,1,2,6,"Solo para poner un ejemplo: los proyectos contratados en ejecución a los cuales MinCiencias actualmente le hace seguimiento tienen un valor de $325.216 millones, con una población a impactar de 8,9 mi"
P0303,39,II. Comportamientos críticos nocivos para el Estado,Comportamiento 4. Parálisis operativa,5.8783,5.087,1,2,6,"de ellos con infraestructura para CTeI. Los proyectos terminados en este cuatrienio por privados sumaron recursos por $123 mil millones de pesos con 2,4 millones de beneficiarios, 36 artículos de inve"
P0304,39,II. Comportamientos críticos nocivos para el Estado,Comportamiento 4. Parálisis operativa,8.8419,0.0587,7,5,6,"Es decir, universidades, gobernaciones y comunidades científicas de las regiones que formularon proyectos con la expectativa de financiación quedan en el limbo, mientras el reloj legal del cierre del "
P0306,39,II. Comportamientos críticos nocivos para el Estado,Comportamiento 4. Parálisis operativa,6.6685,4.4517,1,2,5,"El Ministerio de Igualdad y Equidad, hoy en liquidación, comprometió $1,77 billones sin registrar una sola obligación ni un solo pago, mientras trasladaba recursos sin acto administrativo identificado"
P0307,39,II. Comportamientos críticos nocivos para el Estado,Comportamiento 4. Parálisis operativa,5.6237,4.4936,1,2,5,"El Ministerio de Igualdad y Equidad, hoy en liquidación, comprometió $1,77 billones — el 87,8% de los $2,01 billones apropiados— en el rubro FonIgualdad durante tres vigencias seguidas (2023-2025), si"
P0309,39,II. Comportamientos críticos nocivos para el Estado,Comportamiento 4. Parálisis operativa,6.2815,3.9136,9,2,12,"comprometido cercano al 100%, frente a una obligación real de apenas 13,1% en 2024 y de 5,2% a 7,9% en 2025. En 2025, además, el gobierno saliente trasladó de forma masiva la apropiación de FonIgualda"
P0310,39,II. Comportamientos críticos nocivos para el Estado,Comportamiento 4. Parálisis operativa,4.5897,5.685,4,2,0,"A corte de abril de 2026, con la entidad ya en liquidación, varios rubros seguían en 0% de ejecución: FonIgualdad ($245.889 millones), el Fondo No Es Hora de Callar ($2.051 millones)"
P0312,40,II. Comportamientos críticos nocivos para el Estado,Comportamiento 4. Parálisis operativa,6.1581,3.781,1,2,5,"FonIgualdad se creó para financiar la política pública de igualdad del país; en la práctica, el gobierno anterior comprometió cerca de $1,8 billones que en tres años nunca se convirtieron en un pago v"
P0313,40,II. Comportamientos críticos nocivos para el Estado,Comportamiento 4. Parálisis operativa,11.4416,0.3994,6,2,12,"promesas de igualdad que el gobierno saliente nunca bajó a la calle, y que ahora deja como un pasivo sin resolver en plena liquidación de la entidad."
P0316,40,II. Comportamientos críticos nocivos para el Estado,Comportamiento 4. Parálisis operativa,7.4075,3.8261,11,2,9,"Ocho Entidades Promotoras de Salud (EPS) fueron intervenidas por la Superintendencia Nacional de Salud, las cuales concentraron 27,8 millones de afiliados (más del 50% de la población asegurada del pa"
P0317,40,II. Comportamientos críticos nocivos para el Estado,Comportamiento 4. Parálisis operativa,9.4111,1.2327,7,11,9,"pese al tiempo transcurrido y a la magnitud de las intervenciones, no se observaban mejoras estructurales en la estabilidad financiera y operativa de esas entidades ni en la prestación del servicio."
P0318,40,II. Comportamientos críticos nocivos para el Estado,Comportamiento 4. Parálisis operativa,9.0817,0.9322,3,5,9,"El costo humano está documentado. Según los datos de la Superintendencia, entre 2022 y lo corrido de 2026, se acumularon más de 1,5 millones de peticiones, quejas y reclamos en las EPS intervenidas, d"
P0319,40,II. Comportamientos críticos nocivos para el Estado,Comportamiento 4. Parálisis operativa,12.0172,2.328,0,8,10,"La Corte Constitucional mediante el Auto 007 de 2025 declaró la insuficiencia de la UPC de 2024 y ordenó determinar el rezago existente y ajustar el valor de la UPC para 2021, 2022 y 2023."
P0322,40,II. Comportamientos críticos nocivos para el Estado,Comportamiento 4. Parálisis operativa,6.8409,3.4858,9,12,12,"Mientras miles de colombianos en el exterior enfrentaban plataformas caídas, citas imposibles y demoras de meses para trámites tan básicos como pasaportes, cédulas y registros civiles, la Cancillería "
P0323,40,II. Comportamientos críticos nocivos para el Estado,Comportamiento 4. Parálisis operativa,6.9958,3.9752,9,7,7,"La alerta señala que los recursos fueron girados directamente a cuentas consulares bajo la figura de Proyectos de Inversión Social, un mecanismo que habría permitido contratar operadores, ONG, persona"
P0325,41,II. Comportamientos críticos nocivos para el Estado,Comportamiento 4. Parálisis operativa,8.6214,0.7583,3,10,7,"El problema no es únicamente cuánto se gastó, sino en qué se priorizó. Mientras los mismos consulados evidenciaban aumento en los trámites y miles de personas por atender, por ejemplo, en Santiago de "
P0327,41,II. Comportamientos críticos nocivos para el Estado,Comportamiento 4. Parálisis operativa,4.8548,5.7526,4,0,0,"Obras fantasma en las cárceles: interventores aprobaron pagos por $78.493 millones por infraestructura que no existía, mientras el 41,4% de los reclusos duerme en el piso"
P0328,41,II. Comportamientos críticos nocivos para el Estado,Comportamiento 4. Parálisis operativa,7.6282,3.8412,9,3,10,Un hallazgo de auditoría calificó como ineficiente la gestión contractual de la Unidad de Servicios Penitenciarios y Carcelarios (USPEC) y el Instituto Nacional Penitenciario y Carcelario (INPEC) fue 
P0329,41,II. Comportamientos críticos nocivos para el Estado,Comportamiento 4. Parálisis operativa,5.2506,5.3145,4,2,6,"El resultado fue la parálisis de proyectos críticos para resolver la crisis carcelaria del país: la ampliación de cupos en Itagüí ($39.385 millones), Barranquilla ($8.923 millones), Ipiales ($6.988 mi"
P0331,41,II. Comportamientos críticos nocivos para el Estado,Comportamiento 4. Parálisis operativa,8.0502,-0.1732,2,8,7,"28% de hacinamiento del 28% en penales y 95.5% en centros transitorios. La consecuencia humana es crítica: 41,4% de los reclusos duerme en el piso por falta de camastros. Las cárceles no resocializan "
P0334,42,II. Comportamientos críticos nocivos para el Estado,Comportamiento 4. Parálisis operativa,7.9137,-0.3192,2,3,6,"El Canal del Dique no es un proyecto de infraestructura abstracto. Es el sistema que protege a más de un millón y medio de colombianos, de las inundaciones que cada invierno arrasan sus casas y sus cu"
P0336,42,II. Comportamientos críticos nocivos para el Estado,Comportamiento 4. Parálisis operativa,8.6688,4.1121,11,2,10,"El contrato de 3,2 billones de pesos suscrito con Sacyr en junio de 2023 no exigió, en su estructuración original, licencia ambiental para las obras del canal sino un Plan Hidrosedimentológico. En 202"
P0337,42,II. Comportamientos críticos nocivos para el Estado,Comportamiento 4. Parálisis operativa,12.0658,2.8363,0,4,6,"determinó que esta figura era insuficiente: el proyecto sí debía tramitar una licencia ambiental plena y ordenó elaborar un nuevo Estudio de Impacto Ambiental (EIA). Esa decisión, que la propia Procur"
P0338,42,II. Comportamientos críticos nocivos para el Estado,Comportamiento 4. Parálisis operativa,6.573,4.4558,9,0,10,"El costo de este ajuste a la estructuración jurídica se sigue acumulando: la nueva consultoría para elaborar el EIA que debió existir desde el principio cuesta $63.767 millones adicionales, la ANI ape"
P0339,42,II. Comportamientos críticos nocivos para el Estado,Comportamiento 4. Parálisis operativa,10.7378,0.1964,6,0,12,Cuatro años de parálisis por una decisión jurídica tomada por el gobierno saliente y luego cuestionada por la propia Procuraduría significan cuatro inviernos más de riesgo de inundación para las comun
P0341,42,II. Comportamientos críticos nocivos para el Estado,Comportamiento 4. Parálisis operativa,4.5014,5.8241,4,7,5,"Fonvivienda dejó sin ejecutar dos de cada tres pesos para vivienda: solo obligó el 33,31 % de los $2,65 billones apropiados en 2025"
P0342,42,II. Comportamientos críticos nocivos para el Estado,Comportamiento 4. Parálisis operativa,7.3229,4.1115,9,7,5,La Auditoría Financiera practicada por la Contraloría General de la República al Fondo Nacional de Vivienda (Fonvivienda) sobre la vigencia 2025 evidenció una baja ejecución del presupuesto destinado 
P0343,42,II. Comportamientos críticos nocivos para el Estado,Comportamiento 4. Parálisis operativa,9.4333,2.0549,8,9,7,"La Contraloría concluyó que esta situación obedeció a deficiencias en la planeación, programación y gestión de los recursos, en particular en la administración de los patrimonios autónomos (fondos adm"
P0344,43,II. Comportamientos críticos nocivos para el Estado,Comportamiento 4. Parálisis operativa,9.1067,-0.3878,7,7,7,"Cada peso aprobado para programas de vivienda representa la expectativa de una familia que espera acceder a un subsidio, mejorar su vivienda o recibir una solución habitacional."
P0345,43,II. Comportamientos críticos nocivos para el Estado,Comportamiento 4. Parálisis operativa,8.3081,0.5673,7,4,7,"Cuando esos recursos permanecen sin ejecutarse, las metas del Estado se aplazan y con ellas los beneficios para miles de hogares, pese a que el presupuesto ya estaba asignado y disponible."
P0347,43,II. Comportamientos críticos nocivos para el Estado,Comportamiento 4. Parálisis operativa,7.0858,1.3332,12,11,8,"El país se recibe con un déficit proyectado de energía firme del 4,4% y solo el 15,5% de la nueva generación esperada en operación"
P0348,43,II. Comportamientos críticos nocivos para el Estado,Comportamiento 4. Parálisis operativa,7.0416,1.5932,12,11,8,"Según XM, el país enfrenta un déficit de energía firme del 4,4% y riesgo de déficit de po- tencia para 20262027, justo cuando se prevé El Niño con 100% de probabilidad entre junio y agosto, y 81% de q"
P0349,43,II. Comportamientos críticos nocivos para el Estado,Comportamiento 4. Parálisis operativa,7.5346,0.8371,7,10,8,"Colombia podría no tener suficiente energía para atender la demanda máxima del próximo verano. Como respaldo, las plantas térmicas son claves para garantizar un servicio seguro y confiable, con una ge"
P0350,43,II. Comportamientos críticos nocivos para el Estado,Comportamiento 4. Parálisis operativa,7.2869,1.0382,7,8,8,Por eso es fundamental que cuenten con los recursos y el flujo de caja necesarios para operar sin restricciones justo cuando más se necesitan. Entre abril y julio ya hubo 216 cortes de carga por sobre
P0351,43,II. Comportamientos críticos nocivos para el Estado,Comportamiento 4. Parálisis operativa,6.0641,3.4543,12,2,8,Este déficit nos pone en riesgo de un apagón a finales del primer trimestre y el segundo trimestre de 2027. Los costos para la economía Colombia de materializarse este riesgo sería de 2% del PIB destr
P0354,43,II. Comportamientos críticos nocivos para el Estado,Comportamiento 4. Parálisis operativa,8.6208,4.0454,11,11,10,"Centros PotencIA es una iniciativa impulsada por el Ministerio de Tecnologías de la Información y las Comunicaciones (MinTIC) para la formación y el acceso a herramientas de inteligencia artificial, a"
P0355,44,II. Comportamientos críticos nocivos para el Estado,Comportamiento 4. Parálisis operativa,8.5849,3.1345,11,7,10,"En su informe de gestión de 2025, el Ministerio reportó la instalación de 1 de los 63 centros, y señaló que los demás se encontraban en proceso de viabilidad técnica y jurídica, con los centros de int"
P0356,44,II. Comportamientos críticos nocivos para el Estado,Comportamiento 4. Parálisis operativa,8.1709,0.2942,7,0,6,La parálisis de este proyecto tiene un costo ciudadano concreto: los recursos comprometidos aún no se traducen en servicios para las regiones donde se prometieron los centros. Los Centros PotencIA fue
P0358,44,II. Comportamientos críticos nocivos para el Estado,Comportamiento 5. Captura contractual y concentración del poder operativo,11.1228,6.2083,10,0,3,"Casos identificados por los equipos sectoriales (10 en total, 6 sectores): Ambiente y Desarrollo Sostenible; Educación; Inclusión Social y Reconciliación; Planeación; y Cultura."
P0360,44,II. Comportamientos críticos nocivos para el Estado,Comportamiento 5. Captura contractual y concentración del poder operativo,7.9713,2.0097,9,0,12,"La sentencia que ordenó proteger a los niños de La Guajira y terminó como sombrilla para contratar 1,78 billones en el Gobierno Petro sin resultados verificables."
P0361,44,II. Comportamientos críticos nocivos para el Estado,Comportamiento 5. Captura contractual y concentración del poder operativo,5.2585,5.1865,4,2,10,"Según una investigación de Cambio (15 de julio de 2026), la Sentencia T-302 de 2017, que ordenó proteger a la niñez de La Guajira, fue utilizada por el gobierno saliente como el principal soporte jurí"
P0362,45,II. Comportamientos críticos nocivos para el Estado,Comportamiento 5. Captura contractual y concentración del poder operativo,9.2206,0.9753,3,1,12,"El patrón no es solo de crecimiento contractual: es de alertas ignoradas. La Procuraduría advirtió desde 2024 demoras contractuales, procesos desiertos, afectación a 80.000 familias y la ausencia de u"
P0363,45,II. Comportamientos críticos nocivos para el Estado,Comportamiento 5. Captura contractual y concentración del poder operativo,10.3254,0.0411,6,10,7,"Es un asunto de interés público de primer orden: recursos públicos del ICBF, destinados por orden judicial a proteger a la niñez más vulnerable del país, crecieron de forma sostenida durante cuatro añ"
P0365,45,II. Comportamientos críticos nocivos para el Estado,Comportamiento 5. Captura contractual y concentración del poder operativo,5.0238,5.5677,4,2,0,FONIGUALDAD pagó $140.910 millones a la temporal LABORANDO SAS sin soportes de que ese personal cumpliera la finalidad del fondo.
P0366,45,II. Comportamientos críticos nocivos para el Estado,Comportamiento 5. Captura contractual y concentración del poder operativo,7.6855,3.8017,9,2,10,"Los contratos entre FONIGUALDAD y la empresa de servicios temporales LABORANDO SAS— EGA-001-2025, EGA-002-2025, EGA-003-2025 y FSB-035-2026—, por $140.910.903.849, carecen de soportes que acrediten qu"
P0367,45,II. Comportamientos críticos nocivos para el Estado,Comportamiento 5. Captura contractual y concentración del poder operativo,8.7835,1.6443,6,2,12,"Destinar $140.910 millones en contratos de personal temporal, sin soportes de que ese personal contribuyó al objeto del fondo, y bajo señalamientos de uso clientelista en plena campaña electoral, no e"
P0369,45,II. Comportamientos críticos nocivos para el Estado,Comportamiento 5. Captura contractual y concentración del poder operativo,4.5991,5.7072,4,11,0,"Flores, verduras, sahumerios y frutas: 32% de la contrapartida de $336 millones con la que Asociación Shaquiñán respaldó un convenio de $33 mil millones"
P0370,46,II. Comportamientos críticos nocivos para el Estado,Comportamiento 5. Captura contractual y concentración del poder operativo,4.5478,5.7174,4,7,0,"A través del Convenio Interadministrativo 350 de 2025, el Departamento Administrativo para la Prosperidad social (DPS) comprometió $33 mil millones frente a una contrapartida en especie de la Asociaci"
P0371,46,II. Comportamientos críticos nocivos para el Estado,Comportamiento 5. Captura contractual y concentración del poder operativo,7.0947,3.1875,9,11,0,"Entregar $33 mil millones sin mayor reparo, o concurrencia, a un solo actor, a cambio de una contrapartida del 1% que nadie valoró técnicamente. Con esa proporción, el convenio no parecería encajar en"
P0373,46,II. Comportamientos críticos nocivos para el Estado,Comportamiento 5. Captura contractual y concentración del poder operativo,6.8806,4.2521,1,7,12,Cerca de $7 billones comprometidos en la recta final: el gobierno saliente adelantó actuaciones sobre infraestructura educativa bajo un esquema distinto y sin proceso competitivo de selección
P0374,46,II. Comportamientos críticos nocivos para el Estado,Comportamiento 5. Captura contractual y concentración del poder operativo,8.9389,3.898,11,7,5,Durante el proceso de empalme se puso en conocimiento de la Contraloría General de la República que el Ministerio de Educación Nacional adelantaba actuaciones para comprometer cerca de $7 billones ant
P0375,46,II. Comportamientos críticos nocivos para el Estado,Comportamiento 5. Captura contractual y concentración del poder operativo,10.0321,1.1031,3,7,12,El patrón que debe examinarse es el de una concentración de recursos públicos de alta cuantía bajo un esquema distinto al existente y sin proceso competitivo de selección. La suspensión permite que lo
P0376,46,II. Comportamientos críticos nocivos para el Estado,Comportamiento 5. Captura contractual y concentración del poder operativo,9.9986,0.8289,3,1,12,"Estos hechos generan compromisos administrativos, institucionales y financieros que deben ser evaluados por el Gobierno entrante y revisados por los organismos de control a la luz de los principios de"
P0378,46,II. Comportamientos críticos nocivos para el Estado,Comportamiento 5. Captura contractual y concentración del poder operativo,6.9375,4.0028,9,2,12,"$1,69 billones comprometidos hasta 2036: el gobierno saliente estructuró una contratación a diez años para el sector educativo, en medio de alertas e incertidumbres técnicas, financieras y operativas "
P0379,47,II. Comportamientos críticos nocivos para el Estado,Comportamiento 5. Captura contractual y concentración del poder operativo,8.5981,4.0272,11,0,12,"A las puertas de dejar el poder, el gobierno saliente estructuró una contratación por $1,69 billones para implementar el Plan Nacional de Formación Integral (PNFI) y el Programa de Tutorías para el Ap"
P0380,47,II. Comportamientos críticos nocivos para el Estado,Comportamiento 5. Captura contractual y concentración del poder operativo,9.6088,0.7799,3,8,12,"La magnitud de la operación, estructurada en cinco lotes con vigencias futuras comprometidas y un horizonte de ejecución de más de una década, exigía, como mínimo, una fundamentación técnica robusta c"
P0381,47,II. Comportamientos críticos nocivos para el Estado,Comportamiento 5. Captura contractual y concentración del poder operativo,9.627,1.0387,3,8,12,"El riesgo no es menor. Se trata de una estrategia que involucra a más de 1,16 millones de estudiantes, 110.371 docentes y 9.668 directivos docentes. Pero comprometer una década de presupuesto reduce e"
P0383,47,II. Comportamientos críticos nocivos para el Estado,Comportamiento 5. Captura contractual y concentración del poder operativo,5.68,5.1652,4,2,6,"El OCAD Paz aprobó $2,1 billones en una sola sesión y concentró cerca del 40% de los proyectos en empresas públicas y mixtas"
P0384,47,II. Comportamientos críticos nocivos para el Estado,Comportamiento 5. Captura contractual y concentración del poder operativo,6.3617,5.0322,1,2,6,"El 17 de julio de 2026 se realizó la sesión No. 92, en la cual se aprobaron 98 proyectos por más de $1,7 billones con cargo a la Asignación para la Paz y 57 proyectos adicionales por más de $404 mil m"
P0385,47,II. Comportamientos críticos nocivos para el Estado,Comportamiento 5. Captura contractual y concentración del poder operativo,8.5564,-0.1153,7,2,7,"Los recursos de la Asignación para la Paz y del Incentivo a la Producción son recursos públicos destinados a cerrar brechas sociales, fortalecer los territorios más afectados por el conflicto y financ"
P0388,47,II. Comportamientos críticos nocivos para el Estado,Comportamiento 5. Captura contractual y concentración del poder operativo,8.9509,3.4081,11,5,6,"El Ministerio de Ambiente y Desarrollo Sostenible (MADS) comprometió $474.129 millones del Sistema General de Regalías en 25 proyectos ambientales durante 2025, violando de manera sistemática y docume"
P0389,48,II. Comportamientos críticos nocivos para el Estado,Comportamiento 5. Captura contractual y concentración del poder operativo,6.5185,4.0514,9,2,6,El caso más grave: AREMCA — $43.435 millones con investigación penal activa. Dos resoluciones del MADS designaron a AREMCA como ejecutora de proyectos de regalías en el Cesar: Resolución 1866 (26 dici
P0392,48,II. Comportamientos críticos nocivos para el Estado,Comportamiento 5. Captura contractual y concentración del poder operativo,4.7924,5.3235,4,2,10,"Entre agosto de 2022 y julio de 2026 el Ministerio contrató con 2.747 proveedores distintos. De ellos, apenas 20 (el 0,7%) concentran el 48,5% del valor total contratado en el periodo: $998.594 millon"
P0393,48,II. Comportamientos críticos nocivos para el Estado,Comportamiento 5. Captura contractual y concentración del poder operativo,8.5058,3.72,11,6,10,"El nivel de concentración es muy alto: los tres mayores proveedores (Consorcio Constructor H.M.I., Fondo Mixto de Boyacá y Corpoelite) suman más de $348.000 millones. Esto no implica per se una irregu"
P0396,49,II. Comportamientos críticos nocivos para el Estado,Comportamiento 5. Captura contractual y concentración del poder operativo,8.4184,3.7457,11,0,10,"Entre 2024 y 2025 el Ministerio suscribió 107 contratos (uno por cada región o zona PDET- ZOMAC) con universidades públicas regionales (entre ellas la Universidad de Antioquia, la UPTC, la Universidad"
P0397,49,II. Comportamientos críticos nocivos para el Estado,Comportamiento 5. Captura contractual y concentración del poder operativo,9.1411,3.1521,8,10,10,"Es el hallazgo de mayor representatividad: 101 de los 107 contratos (94,4%) se adjudicaron sin proceso competitivo, y no hay evidencia disponible de entregables, informes de supervisión, ni productos "
P0400,49,II. Comportamientos críticos nocivos para el Estado,Comportamiento 5. Captura contractual y concentración del poder operativo,8.6921,3.8231,11,11,10,"Los Fondos Mixtos de Cultura y las Artes de Boyacá, Nariño y Valle del Cauca reciben contratación 100% directa para operar convocatorias y estímulos de alcance nacional, no solo departamental."
P0401,49,II. Comportamientos críticos nocivos para el Estado,Comportamiento 5. Captura contractual y concentración del poder operativo,4.5379,5.7417,4,2,10,"En total suman 29 contratos por $168.827 millones destinados a administrar convocatorias, estímulos y estrategias de cultura de paz: Boyacá ($101.822 millones en 14 contratos), Nariño ($43.304 millone"
P0402,49,II. Comportamientos críticos nocivos para el Estado,Comportamiento 5. Captura contractual y concentración del poder operativo,9.7548,1.7851,3,4,10,"Se trata de un patrón de canalización de recursos nacionales a través de operadores regionales sin comparación de ofertas, directamente relacionado con la alerta del informe preliminar sobre una posib"
P0404,50,II. Comportamientos críticos nocivos para el Estado,Comportamiento 6. Expansión del riesgo litigioso,11.1205,6.2109,10,0,3,"Casos identificados por los equipos sectoriales (6 en total, 6 sectores): Comercio, Industria y Turismo; Hacienda y Crédito Público; Interior y Gobierno; Trabajo; Transporte e Infraestructura;"
P0408,50,II. Comportamientos críticos nocivos para el Estado,Comportamiento 6. Expansión del riesgo litigioso,6.5145,4.2622,1,12,6,"El Fondo Nacional del Turismo funciona sin un gerente en propiedad, tiene 354 negocios jurídicos pendientes de liquidar frente a solo 47 ya liquidados (apenas el 13%), y cuatro obras que quedaron inco"
P0409,50,II. Comportamientos críticos nocivos para el Estado,Comportamiento 6. Expansión del riesgo litigioso,4.806,5.7103,4,2,0,"el fondo recibió más plata de la presupuestada en los últimos cuatro años, pero nunca logró ejecutar o gastar más del 39% de su presupuesto anual. Al mismo tiempo, la contratación de infraestructura t"
P0410,50,II. Comportamientos críticos nocivos para el Estado,Comportamiento 6. Expansión del riesgo litigioso,6.2613,4.2532,9,3,0,Un descuadre de más de $238.000 millones entre lo que le demandan al Fondo y lo que provisiona es d dinero que se deja de invertir en la actividad turística del país: destinos y empleo en las regiones
P0412,50,II. Comportamientos críticos nocivos para el Estado,Comportamiento 6. Expansión del riesgo litigioso,4.5851,5.8344,4,11,5,La inseguridad jurídica disparó la litigiosidad de la ANI: los tribunales arbitrales pasaron de 17 a 48 y las reclamaciones de $9 billones a cerca de $20 billones
P0413,50,II. Comportamientos críticos nocivos para el Estado,Comportamiento 6. Expansión del riesgo litigioso,7.2789,3.5199,9,9,5,"Entre 2022 y 2026 la Agencia Nacional de Infraestructura (ANI) pasó de 17 tribunales arbitrales con pretensiones cercanas a los $9 billones a 48 con reclamaciones del orden de $20 billones, lo que rep"
P0414,51,II. Comportamientos críticos nocivos para el Estado,Comportamiento 6. Expansión del riesgo litigioso,7.1367,2.4893,9,0,7,"Las reclamaciones cercanas a $20 billones representan recursos que podrían destinarse a nuevas carreteras, puentes, hospitales o colegios. La incertidumbre jurídica retrasa proyectos, reduce el interé"
P0417,51,II. Comportamientos críticos nocivos para el Estado,Comportamiento 6. Expansión del riesgo litigioso,7.6696,3.7068,9,0,10,"La Imprenta Nacional suscribió con la Casa de la Moneda de Portugal (INCM) un convenio interadministrativo internacional por €255 millones a 10 años, mediante contratación directa, para producir pasap"
P0418,51,II. Comportamientos críticos nocivos para el Estado,Comportamiento 6. Expansión del riesgo litigioso,10.6251,0.4166,6,0,7,"El pasaporte es un documento esencial para que cualquier ciudadano acredite su identidad, viaje, trabaje o realice trámites en el exterior. Si el convenio se declara nulo sin un plan de transición, mi"
P0420,51,II. Comportamientos críticos nocivos para el Estado,Comportamiento 6. Expansión del riesgo litigioso,5.3563,5.5313,4,2,0,"FINDETER prestó $328 mil millones a AIR-E sin soporte técnico suficiente. Hoy la empresa está en liquidación y la plata de los colombianos, en riesgo de perderse"
P0421,51,II. Comportamientos críticos nocivos para el Estado,Comportamiento 6. Expansión del riesgo litigioso,5.4029,5.4164,4,2,0,"FINDETER, la entidad del Estado que financia proyectos de infraestructura con recursos públicos, otorgó créditos directos a AIR-E S.A.S. E.S.P. por $328.000 millones de pesos (El 03/11/23 por $280.000"
P0422,51,II. Comportamientos críticos nocivos para el Estado,Comportamiento 6. Expansión del riesgo litigioso,9.066,2.9102,8,2,12,Los hechos posteriores confirman que no lo fue. AIR-E fue intervenida con fines de supervisión por la Superintendencia de Servicios Públicos Domiciliarios (SSPD) desde septiembre de 2024 y con fines l
P0423,52,II. Comportamientos críticos nocivos para el Estado,Comportamiento 6. Expansión del riesgo litigioso,5.2243,5.2042,4,2,12,El deterioro se refleja con crudeza en las cifras de la propia entidad: la cartera comercial improductiva (es decir la parte de los créditos otorgados que ha dejado de generar ingresos financieros par
P0424,52,II. Comportamientos críticos nocivos para el Estado,Comportamiento 6. Expansión del riesgo litigioso,8.7677,1.927,7,9,7,"FINDETER no es un banco privado que asume riesgos con capital propio: es una entidad, con 100% capital público, que financia infraestructura con recursos de todos los colombianos."
P0425,52,II. Comportamientos críticos nocivos para el Estado,Comportamiento 6. Expansión del riesgo litigioso,6.2216,3.2266,9,2,11,"Prestar $328 mil millones de pesos a una empresa que ya mostraba señales de crisis (y que hoy está en liquidación) con un modelo de riesgo mal documentado, significa que ese dinero puede perderse defi"
P0427,52,II. Comportamientos críticos nocivos para el Estado,Comportamiento 6. Expansión del riesgo litigioso,12.6525,4.3438,0,0,4,Reglamentar por decreto lo que el Congreso no aprobó: el Gobierno saliente expuso al Estado a litigios con la reforma laboral
P0428,52,II. Comportamientos críticos nocivos para el Estado,Comportamiento 6. Expansión del riesgo litigioso,12.7783,4.485,0,5,4,"El Congreso aprobó la Ley 2466 de 2025 y, al hacerlo, dejó expresamente algunos aspectos de su regulación para ser reglamentados por el Ministerio del Trabajo, lo que habilitaría la competencia del Mi"
P0429,52,II. Comportamientos críticos nocivos para el Estado,Comportamiento 6. Expansión del riesgo litigioso,12.8286,4.5369,0,1,4,"El Decreto 234 de 2026 “Por el cual se subroga el Capítulo 7 del Título 2 de la Parte 2 del Libro 2 del Decreto 1072 de 2015, Único Reglamentario del Sector Trabajo y se dictan disposiciones sobre neg"
P0430,52,II. Comportamientos críticos nocivos para el Estado,Comportamiento 6. Expansión del riesgo litigioso,12.7989,4.5048,0,1,4,"Con respecto al Decreto 720 de 2026 “Por el cual se adiciona el Capítulo 4 al Título 3 de la Parte, 2 del Libro 2 del Decreto número 1072 de 2015, Único Reglamentario del Sector Trabajo, y se reglamen"
P0431,53,II. Comportamientos críticos nocivos para el Estado,Comportamiento 6. Expansión del riesgo litigioso,12.7605,4.4668,0,0,4,"Por último, el Decreto 581 de 2026 “Por el cual se adiciona un capítulo 4, al Título 3 de la Parte 2 del Libro 2 del Decreto 1072 de 2015, Único Reglamentario del Sector Trabajo y se dictan otras disp"
P0432,53,II. Comportamientos críticos nocivos para el Estado,Comportamiento 6. Expansión del riesgo litigioso,7.7709,2.5783,8,3,4,"Es importante que la relación laboral entre empleadores y trabajadores, tanto en la parte individual como colectiva, exista certeza basada en la regulación laboral coherente, constitucional y legal. S"
P0433,53,II. Comportamientos críticos nocivos para el Estado,Comportamiento 6. Expansión del riesgo litigioso,12.0073,2.1157,0,0,4,"Esto no es un simple tecnicismo jurídico. La potestad reglamentaria del Ejecutivo tiene un límite claro: desarrollar lo que la ley dispone, no suplantar al Congreso en lo que decidió no incluir. Al de"
P0435,53,II. Comportamientos críticos nocivos para el Estado,Comportamiento 6. Expansión del riesgo litigioso,11.1197,0.3177,6,3,12,"Son las que les dan a los trabajadores, empleadores y organizaciones sindicales certeza sobre cuáles son, en realidad, las reglas que rigen las relaciones laborales en el país. Desconocer esos límites"
P0438,53,II. Comportamientos críticos nocivos para el Estado,Comportamiento 6. Expansión del riesgo litigioso,6.5246,4.974,1,11,0,"En siete convocatorias y programas de estímulos culturales —Concertación Cultural, Portafolio Nacional de Estímulos, Portafolio Cultural Internacional Colombia en el Mundo (Fases 1 y 2), Portafolio pa"
P0439,54,II. Comportamientos críticos nocivos para el Estado,Comportamiento 6. Expansión del riesgo litigioso,7.215,3.6548,9,11,0,"Al existir acto administrativo de asignación, estos valores constituyen derechos adquiridos de los ganadores; la mora en el pago expone al Ministerio a un riesgo de demandas, al reconocimiento de inte"
P0441,54,II. Comportamientos críticos nocivos para el Estado,Comportamiento 7. Pérdida de control territorial frente a economías criminales,11.1592,6.242,10,0,3,"Casos identificados por los equipos sectoriales (4 en total, 4 sectores): Ambiente y Desarrollo Sostenible; Defensa Nacional; Justicia y Derecho; Minas y Energía."
P0444,54,II. Comportamientos críticos nocivos para el Estado,Comportamiento 7. Pérdida de control territorial frente a economías criminales,7.7211,1.9879,9,6,5,Las Fuerzas Militares enfrentan una pérdida crítica de capacidades operacionales. El Ejército tiene un déficit presupuestal de $14 billones y la inmovilización de gran parte de su capacidad aérea: sol
P0445,54,II. Comportamientos críticos nocivos para el Estado,Comportamiento 7. Pérdida de control territorial frente a economías criminales,8.0216,-0.2277,3,6,7,"Cuando el Estado pierde capacidad para proteger a sus soldados, también pierde capacidad para proteger a los colombianos. La reducción de aeronaves operativas y las restricciones presupuestales limita"
P0448,55,II. Comportamientos críticos nocivos para el Estado,Comportamiento 7. Pérdida de control territorial frente a economías criminales,7.4656,1.4715,2,6,11,"Colombia perdió más de 435.000 hectáreas de bosque entre 2022 y 2025, una extensión equivalente a casi tres veces el área de la Ciudad de Bogotá. Más del 60% de esa pérdida ocurrió en la Amazonía, la "
P0449,55,II. Comportamientos críticos nocivos para el Estado,Comportamiento 7. Pérdida de control territorial frente a economías criminales,7.9073,-0.4351,2,6,11,"La deforestación no es solo daño ambiental, sino síntoma de pérdida de gobernabilidad. Donde el Estado se repliega, grupos armados y economías ilegales (praderización, acaparamiento de tierras, minerí"
P0450,55,II. Comportamientos críticos nocivos para el Estado,Comportamiento 7. Pérdida de control territorial frente a economías criminales,7.9326,-0.5185,2,6,11,"Porque cuando el bosque cae, cae también el control estatal sobre el territorio. Donde el Estado no llega, grupos armados y economías ilegales terminan gobernando de facto: cobran tributos, imponen no"
P0453,55,II. Comportamientos críticos nocivos para el Estado,Comportamiento 7. Pérdida de control territorial frente a economías criminales,8.38,3.3947,11,6,8,"Los bloqueos al sector de hidrocarburos pasaron de 541 en 2019 y 743 en 2021 a 1.120 en 2022, 1.848 en 2023 y 1.942 en 2024, el máximo de la serie; en 2025 se registraron 1.363, un promedio de tres po"
P0454,56,II. Comportamientos críticos nocivos para el Estado,Comportamiento 7. Pérdida de control territorial frente a economías criminales,9.3067,1.7198,8,10,7,"incidencia de alertas por seguridad física. Más allá de los factores de orden público, en algunos municipios, como Puerto Gaitán (Meta), Pueblo Nuevo (Córdoba) y Coello (Tolima), se han reportado preo"
P0455,56,II. Comportamientos críticos nocivos para el Estado,Comportamiento 7. Pérdida de control territorial frente a economías criminales,8.5077,0.7065,3,10,7,"Estas situaciones, de confirmarse, pueden incrementar los costos operativos, generar presiones económicas sobre las empresas, afectar la libre competencia y contribuir a la utilización de bloqueos y o"
P0456,56,II. Comportamientos críticos nocivos para el Estado,Comportamiento 7. Pérdida de control territorial frente a economías criminales,8.363,0.2271,7,4,7,"Garantizar el acceso y la continuidad de las operaciones es una función del Estado, no de las empresas. Los bloqueos no solo afectan la producción de hidrocarburos, sino que también reducen el empleo,"
P0459,56,II. Comportamientos críticos nocivos para el Estado,Comportamiento 7. Pérdida de control territorial frente a economías criminales,9.0209,1.3055,3,10,11,"Durante los últimos 24 meses se identificó un patrón de expedición masiva de licencias de cultivo de cannabis y derivados de coca, otorgadas mediante trámites excepcionales conocidos como Licencias Ex"
P0460,56,II. Comportamientos críticos nocivos para el Estado,Comportamiento 7. Pérdida de control territorial frente a economías criminales,8.0214,-0.4417,2,10,11,"Cuando el Estado autoriza cultivos controlados sin verificarlos en el territorio, pierde la capacidad de garantizar que esas sustancias se usen legalmente. Esto alimenta economías criminales, pone en "
P0461,56,II. Comportamientos críticos nocivos para el Estado,Comportamiento 7. Pérdida de control territorial frente a economías criminales,9.3867,1.309,6,1,12,"Un gobierno que optó por la velocidad administrativa sobre el control territorial, en una materia tan sensible como la producción de sustancias controladas dejó al país expuesto a un riesgo que el nue"
P0463,57,II. Comportamientos críticos nocivos para el Estado,Comportamiento 8. Fragmentación del Estado y fracaso de la conducción estratégica,11.1689,6.2609,10,0,3,"Casos identificados por los equipos sectoriales (7 en total, 7 sectores): Ambiente y Desarrollo Sostenible; Ciencia, Tecnología e Innovación; Comercio, Industria y Turismo; Cultura; Educación; Minas y"
P0465,57,II. Comportamientos críticos nocivos para el Estado,Comportamiento 8. Fragmentación del Estado y fracaso de la conducción estratégica,5.6606,3.8484,12,11,8,"La producción de petróleo tocó su nivel más bajo en cinco años y las reservas de gas cayeron 16,8% en un solo año 4"
P0466,57,II. Comportamientos críticos nocivos para el Estado,Comportamiento 8. Fragmentación del Estado y fracaso de la conducción estratégica,5.6879,3.8336,12,2,8,"En junio de 2026 la producción fiscalizada de petróleo se ubicó en 712,8 miles de barriles diarios (KBPD), el nivel más bajo en sesenta meses, y el gas fiscalizado cayó 14,1% anual. En 2025 el petróle"
P0467,57,II. Comportamientos críticos nocivos para el Estado,Comportamiento 8. Fragmentación del Estado y fracaso de la conducción estratégica,9.1237,2.287,8,9,8,"Desde 2022, Colombia no ha adelantado nuevos procesos de asignación de áreas para la adjudicación de Contratos de Exploración y Producción (E&P). En consecuencia, el crecimiento de la actividad explor"
P0468,57,II. Comportamientos críticos nocivos para el Estado,Comportamiento 8. Fragmentación del Estado y fracaso de la conducción estratégica,5.9404,4.1119,11,11,8,"Cada barril que no se produce es dinero que no entra: CAMPETROL calculó que la caída de 26,2 KBPD en 2025 equivale a US$660 millones, unos $2,7 billones de pesos. Y las reservas no se reponen con anun"
P0469,58,II. Comportamientos críticos nocivos para el Estado,Comportamiento 8. Fragmentación del Estado y fracaso de la conducción estratégica,6.0912,3.2756,12,0,8,"creció un 2,6 % en 2025, la caída sectorial restó cerca de 0,4 puntos porcentuales al crecimiento global del PIB, y los ingresos por regalías del Sistema General de Regalías (SGR) acumularon una caída"
P0471,58,II. Comportamientos críticos nocivos para el Estado,Comportamiento 8. Fragmentación del Estado y fracaso de la conducción estratégica,5.9519,3.5603,12,2,5,"Air-e: la empresa que lleva luz a 5,9 millones de personas en el Caribe quedó con patrimonio negativo y billones en pérdidas"
P0472,58,II. Comportamientos críticos nocivos para el Estado,Comportamiento 8. Fragmentación del Estado y fracaso de la conducción estratégica,5.486,5.432,1,2,5,"La empresa Air-e, intervenida por la Superintendencia de Servicios Públicos Domiciliarios (SSPD) desde septiembre de 2024, pasó de un patrimonio de +$2,22 billones en 2023 a -$377.662 millones en 2025"
P0473,58,II. Comportamientos críticos nocivos para el Estado,Comportamiento 8. Fragmentación del Estado y fracaso de la conducción estratégica,8.1758,0.1881,9,2,7,"Más de 1,3 millones de familias, es decir, 5,9 millones de personas de los departamentos de Atlántico, Magdalena y La Guajira dependen de la empresa Air-e para tener luz en su casa. El deterioro finan"
P0476,58,II. Comportamientos críticos nocivos para el Estado,Comportamiento 8. Fragmentación del Estado y fracaso de la conducción estratégica,11.7766,1.6576,0,6,12,"A solo tres semanas de dejar el poder, y tras ocho años de intentar implementar la Sentencia T-361 de 2017, el Ministerio de Ambiente expidió la Resolución 863 de 2026, creando la Metodología Nacional"
P0477,58,II. Comportamientos críticos nocivos para el Estado,Comportamiento 8. Fragmentación del Estado y fracaso de la conducción estratégica,7.772,-0.4235,2,8,12,"En el terreno, la realidad es que esta delimitación fragmentada deja sin resolver problemas alarmantes: la Fiscalía documenta más de 200 bocaminas ilegales que liberan mercurio y arsénico en el río Su"
P0478,58,II. Comportamientos críticos nocivos para el Estado,Comportamiento 8. Fragmentación del Estado y fracaso de la conducción estratégica,11.2355,0.588,6,5,12,La que revela la expedición de la Resolución 863 de 2026 es una desconexión entre la voluntad política de último momento y el rigor jurídico-técnico que la propia Corte Constitucional exigió durante c
P0479,59,II. Comportamientos críticos nocivos para el Estado,Comportamiento 8. Fragmentación del Estado y fracaso de la conducción estratégica,7.9893,-0.4563,2,7,11,"El fraccionamiento y la falta de control en Santurbán exponen a millones de personas a la ingesta de arsénico y mercurio, elementos altamente tóxicos que causan daños celulares, mutaciones genéticas y"
P0481,59,II. Comportamientos críticos nocivos para el Estado,Comportamiento 8. Fragmentación del Estado y fracaso de la conducción estratégica,5.1416,4.8053,4,2,9,Los recursos de la investigación en salud de los colombianos cumplieron medio año congelados: $109.000 millones con ejecución del 0%
P0482,59,II. Comportamientos críticos nocivos para el Estado,Comportamiento 8. Fragmentación del Estado y fracaso de la conducción estratégica,8.8166,0.0229,8,4,9,"Los recursos del Fondo de Investigación en Salud provienen, por mandato del artículo 42 de la Ley 643 de 2001, del 7% de las rentas del monopolio de juegos de suerte y azar, y tienen como destinación "
P0483,59,II. Comportamientos críticos nocivos para el Estado,Comportamiento 8. Fragmentación del Estado y fracaso de la conducción estratégica,8.3302,-0.0428,7,5,9,"talento humano, con estancias de investigación para jóvenes profesionales y estudiantes del sector salud; e innovación regional, mediante la descentralización de recursos hacia municipios y departamen"
P0484,59,II. Comportamientos críticos nocivos para el Estado,Comportamiento 8. Fragmentación del Estado y fracaso de la conducción estratégica,5.0632,4.764,4,2,6,En 2026 se apropiaron $109.000 millones. La convocatoria para asignarlos solo se abrió el 15 de julio —a seis meses y medio de iniciada la vigencia— y cierra el 27 de agosto; a 30 de junio la ejecució
P0485,59,II. Comportamientos críticos nocivos para el Estado,Comportamiento 8. Fragmentación del Estado y fracaso de la conducción estratégica,7.8986,1.4096,7,6,7,"Hoy los recursos siguen sin ejecutarse: la evaluación, la asignación y la contratación están pendientes, con la vigencia corriendo contra el 31 de diciembre. Los recursos destinado a vacunas, enfermed"
P0487,59,II. Comportamientos críticos nocivos para el Estado,Comportamiento 8. Fragmentación del Estado y fracaso de la conducción estratégica,5.0219,5.5729,4,7,0,"iNNpulsa: el fondo que promueve el desarrollo emprendedor y empresarial comprometió el 84,3% de sus $798.082 millones y solo ejecutó el 22,8%"
P0488,59,II. Comportamientos críticos nocivos para el Estado,Comportamiento 8. Fragmentación del Estado y fracaso de la conducción estratégica,5.6171,5.2072,1,2,0,"iNNpulsa Colombia, el fondo que concentra los programas de apoyo a las empresas, tiene un portafolio de $798.082 millones con el 84,3% comprometido y solo el 22,8% ejecutado. Cerca de $122.000 millone"
P0489,60,II. Comportamientos críticos nocivos para el Estado,Comportamiento 8. Fragmentación del Estado y fracaso de la conducción estratégica,6.1729,3.5385,9,2,0,"Es la plata con la que el Estado dice apoyar a microempresas y emprendedores para que vendan más, exporten y generen empleo formal. Los cerca de $122.000 millones que se vencieron sin ejecutarse no so"
P0492,60,II. Comportamientos críticos nocivos para el Estado,Comportamiento 8. Fragmentación del Estado y fracaso de la conducción estratégica,11.2121,2.6275,8,8,12,"Seis días antes del cambio de gobierno se reglamentó una nueva estructura presupuestal, administrativa y laboral para el Sistema Educativo Indígena Propio (SEIP), sin que quedara cuantificado el costo"
P0493,60,II. Comportamientos críticos nocivos para el Estado,Comportamiento 8. Fragmentación del Estado y fracaso de la conducción estratégica,11.4948,0.1089,6,8,12,"La educación propia de los pueblos indígenas constituye un derecho respaldado por la Constitución, el Convenio 169 de la OIT y la jurisprudencia de la Corte Constitucional. Desde la Sentencia C-208 de"
P0494,60,II. Comportamientos críticos nocivos para el Estado,Comportamiento 8. Fragmentación del Estado y fracaso de la conducción estratégica,11.14,2.7477,8,8,12,"Los Decretos 0932, 0933 y 0934 establecieron la estructura financiera del SEIP, su implementación territorial y el régimen especial de sus dinamizadores. El Decreto 0932 creó una sección presupuestal "
P0495,60,II. Comportamientos críticos nocivos para el Estado,Comportamiento 8. Fragmentación del Estado y fracaso de la conducción estratégica,9.0158,1.251,7,8,12,"Aunque las normas ordenan una implementación gradual, contemplan estudios de costos y obligan al Estado a financiar integralmente la transición, no hacen visible una cifra consolidada de cuánto costar"
P0496,60,II. Comportamientos críticos nocivos para el Estado,Comportamiento 8. Fragmentación del Estado y fracaso de la conducción estratégica,10.8852,2.4833,8,8,12,La expedición de esta reglamentación al cierre del Gobierno trasladó a la nueva administración el reto de convertir el diseño normativo en una operación financiera y territorial sostenible.
P0497,60,II. Comportamientos críticos nocivos para el Estado,Comportamiento 8. Fragmentación del Estado y fracaso de la conducción estratégica,9.9959,0.3109,6,9,7,"Sin una cuantificación consolidada y visible de los costos, una programación plurianual suficientemente definida y una ruta concreta para asumir progresivamente las nuevas estructuras y obligaciones, "
P0500,61,II. Comportamientos críticos nocivos para el Estado,Comportamiento 8. Fragmentación del Estado y fracaso de la conducción estratégica,11.1248,2.3597,8,7,7,"La Superintendencia del Subsidio Familiar ejerce la inspección, vigilancia y control sobre las Cajas de Compensación Familiar, entidades que administran recursos parafiscales destinados a financiar pr"
P0501,61,II. Comportamientos críticos nocivos para el Estado,Comportamiento 8. Fragmentación del Estado y fracaso de la conducción estratégica,11.9869,3.4051,0,7,4,"Y no se trató de un problema meramente formal. Durante el encargo, el Decreto 0689 del 3 de julio de 2026 designó un Ministro del Trabajo ad hoc para resolver el impedimento manifestado por Sanguino r"
P0502,61,II. Comportamientos críticos nocivos para el Estado,Comportamiento 8. Fragmentación del Estado y fracaso de la conducción estratégica,6.1152,4.8408,1,7,7,"Las Cajas de Compensación Familiar administran recursos parafiscales, que suman aproximadamente $1,2 billones, destinados a financiar subsidios, programas sociales, educación, recreación, vivienda y o"
P0503,61,II. Comportamientos críticos nocivos para el Estado,Comportamiento 8. Fragmentación del Estado y fracaso de la conducción estratégica,10.882,0.4052,6,7,7,"por tanto, las decisiones sobre su intervención y la conformación de sus órganos de dirección deben adoptarse con plena independencia, transparencia, imparcialidad y estricto apego a la ley y al debid"
P0505,62,II. Comportamientos críticos nocivos para el Estado,Comportamiento 9. Capacidad fiscal restringida (comportamiento transversal),11.1733,6.2547,10,0,3,"Casos identificados por los equipos sectoriales (7 en total, 7 sectores): Ciencia, Tecnología e Innovación; Deporte; Función Pública; Hacienda y Crédito Público; Inclusión Social y Reconciliación; Min"
P0508,62,II. Comportamientos críticos nocivos para el Estado,Comportamiento 9. Capacidad fiscal restringida (comportamiento transversal),7.4324,3.6434,9,10,10,El uso desmedido de contratos de prestación de servicios (CPS) para cubrir funciones permanentes creó una gigantesca nómina paralela que puede superar anualmente los 900.000 contratistas en el Estado.
P0509,62,II. Comportamientos críticos nocivos para el Estado,Comportamiento 9. Capacidad fiscal restringida (comportamiento transversal),8.4979,0.3155,7,10,7,"El abuso de las plantas paralelas cuesta billones de pesos del erario que deberían destinarse a inversiones más estratégicas para el desarrollo del país, como escuelas, hospitales y otra infraestructu"
P0512,62,II. Comportamientos críticos nocivos para el Estado,Comportamiento 9. Capacidad fiscal restringida (comportamiento transversal),5.377,4.5782,1,2,5,"El programa Colombia Mayor, que atiende a cerca de 3 millones de adultos mayores sin pensión en condición de pobreza, agotó en julio de 2026 el presupuesto asignado para todo el año. El gobierno anter"
P0513,63,II. Comportamientos críticos nocivos para el Estado,Comportamiento 9. Capacidad fiscal restringida (comportamiento transversal),7.4933,3.0003,9,2,0,"Ampliar la cobertura de un programa social sobre la base de un ingreso que no estaba asegurado, sin prever qué pasaría si esa cofinanciación no llegaba, no es solo un error de planeación: es una decis"
P0515,63,II. Comportamientos críticos nocivos para el Estado,Comportamiento 9. Capacidad fiscal restringida (comportamiento transversal),5.082,5.1229,4,2,8,"La deuda que puede apagar al país: $2,9 billones sin pagar a los agentes del sistema y subsidios de energía y gas atrasados hasta un año"
P0516,63,II. Comportamientos críticos nocivos para el Estado,Comportamiento 9. Capacidad fiscal restringida (comportamiento transversal),5.0252,5.3711,4,2,8,"El Ministerio de Minas y Energía no ha solicitado a tiempo al Ministerio de Hacienda el presupuesto para cubrir subsidios de energía y gas de estratos 1, 2 y 3. Tras la intervención de Air-e en septie"
P0518,63,II. Comportamientos críticos nocivos para el Estado,Comportamiento 9. Capacidad fiscal restringida (comportamiento transversal),6.0667,3.4485,12,4,8,"Si el Gobierno no paga esta deuda, las plantas térmicas no podrán comprar el combustible que necesitan para operar. Eso pone en riesgo el 30% del gas natural que consume el país y el 20% de la energía"
P0519,63,II. Comportamientos críticos nocivos para el Estado,Comportamiento 9. Capacidad fiscal restringida (comportamiento transversal),6.5371,2.852,7,4,7,"se queda sin recursos, Air-e podría verse obligada a cortar el servicio. La mala planeación presupuestal de hoy puede volverse el apagón de mañana, y con un impacto a los hogares por no pagar los subs"
P0521,63,II. Comportamientos críticos nocivos para el Estado,Comportamiento 9. Capacidad fiscal restringida (comportamiento transversal),5.5411,5.2473,4,2,5,"El Fondo Nacional del Ahorro (FNA): $3,7 billones en riesgo estructural de tasa de interés, que amenaza los ahorros de los trabajadores"
P0522,63,II. Comportamientos críticos nocivos para el Estado,Comportamiento 9. Capacidad fiscal restringida (comportamiento transversal),6.1361,3.4549,9,2,12,"El FNA, entidad que administra las cesantías de más de 1,7 millones de trabajadores colombianos, llega a este gobierno con un descalce estructural de $3,7 billones entre activos y pasivos a tasa fija "
P0523,64,II. Comportamientos críticos nocivos para el Estado,Comportamiento 9. Capacidad fiscal restringida (comportamiento transversal),6.3318,3.2859,9,2,12,"Las cesantías son el ahorro obligatorio que protege a los trabajadores cuando pierden su empleo, y el Estado, a través del FNA, tenía el deber de custodiarlas con rigor. Un descalce de $3,7 billones y"
P0526,64,II. Comportamientos críticos nocivos para el Estado,Comportamiento 9. Capacidad fiscal restringida (comportamiento transversal),5.6999,4.8001,1,2,6,"El proyecto de Presupuesto General de la Nación 2027, radicado por el Gobierno saliente el 30 de julio de 2026, asigna a MinCiencias cerca de $30.000 millones para funcionamiento (inferior a los $46.3"
P0527,64,II. Comportamientos críticos nocivos para el Estado,Comportamiento 9. Capacidad fiscal restringida (comportamiento transversal),9.4107,0.0091,7,2,6,"Sin presupuesto de inversión, MinCiencias no podría abrir convocatorias de investigación, otorgar becas de doctorado ni financiar proyectos productivos con recursos propios en 2027, dejando la polític"
P0528,64,II. Comportamientos críticos nocivos para el Estado,Comportamiento 9. Capacidad fiscal restringida (comportamiento transversal),8.331,0.0563,7,5,6,"Investigadores, universidades regionales y empresas que hoy acceden a financiación pública de ciencia y tecnología tendrían menos oportunidades de continuar o iniciar proyectos, y el país frenaría met"
P0531,64,II. Comportamientos críticos nocivos para el Estado,Comportamiento 9. Capacidad fiscal restringida (comportamiento transversal),7.8485,2.7283,9,3,12,El proceso de empalme identificó obligaciones económicas pendientes que deberán ser verificadas y atendidas de manera prioritaria por el nuevo gobierno: $29.400 millones adeudados directamente a depor
P0532,64,II. Comportamientos críticos nocivos para el Estado,Comportamiento 9. Capacidad fiscal restringida (comportamiento transversal),7.7438,0.3318,6,2,12,Estos recursos son fundamentales para garantizar la continuidad del ciclo olímpico y paralímpico y sostener la estabilidad de todo el Sistema Nacional del Deporte. Que un gobierno deje una deuda de es
P0533,65,II. Comportamientos críticos nocivos para el Estado,Comportamiento 9. Capacidad fiscal restringida (comportamiento transversal),8.7637,0.0405,7,5,12,"Las obligaciones pendientes con deportistas no son solo una cifra fiscal: afectan directamente la preparación de los atletas, su participación en competencias internacionales y la continuidad de progr"
P0534,65,II. Comportamientos críticos nocivos para el Estado,Comportamiento 9. Capacidad fiscal restringida (comportamiento transversal),7.6538,0.2234,7,3,12,"Esto genera una consecuencia en el deporte a mediano y largo plazo, ya que, por disminución del presupuesto, se está concentrando solo en deportistas actuales, dejando abandonado los deportistas de pr"
P0537,65,II. Comportamientos críticos nocivos para el Estado,Comportamiento 9. Capacidad fiscal restringida (comportamiento transversal),9.04,2.4848,11,2,6,La revisión de los ingresos del Sistema General de Regalías (SGR) evidencia una disminución de los recursos disponibles para financiar la inversión durante las próximas vigencias.
P0538,65,II. Comportamientos críticos nocivos para el Estado,Comportamiento 9. Capacidad fiscal restringida (comportamiento transversal),9.148,1.9036,3,3,7,Esta situación compromete la capacidad para atender las necesidades de las entidades territoriales. La reducción proyectada de los ingresos coincide con la desaceleración de la actividad extractiva y 
P0539,65,II. Comportamientos críticos nocivos para el Estado,Comportamiento 9. Capacidad fiscal restringida (comportamiento transversal),6.3195,4.204,1,2,5,"evidencia una alerta de alta prioridad, debido al deterioro en los ingresos del sistema y sus posibles efectos sobre la sostenibilidad financiera de las entidades territoriales. Al 31 de mayo de 2026,"
P0540,65,II. Comportamientos críticos nocivos para el Estado,Comportamiento 9. Capacidad fiscal restringida (comportamiento transversal),8.4156,0.4336,7,6,7,"Cuando se reducen las regalías, las entidades territoriales tienen menor capacidad para construir y mantener vías, hospitales, colegios, acueductos, escenarios deportivos y otras obras esenciales para"
P0546,67,III. Hallazgos en materia de corrupción y balance de acciones,Introducción del capítulo,10.7294,1.6788,3,3,2,"Los casos que se presentan a continuación recogen algunas de las actuaciones adelantadas por el Equipo Élite Anticorrupción, con ocasión de los hallazgos advertidos durante el ejercicio de empalme ins"
P0547,67,III. Hallazgos en materia de corrupción y balance de acciones,Introducción del capítulo,10.6179,1.7692,3,3,1,"El trabajo adelantado por el Equipo estuvo orientado a identificar oportunamente estas situaciones, analizar la información disponible y, cuando los hallazgos así lo justificaron, activar los mecanism"
P0548,67,III. Hallazgos en materia de corrupción y balance de acciones,Introducción del capítulo,10.7594,1.7729,3,3,1,"En algunos casos, estas gestiones produjeron resultados inmediatos, como la suspensión de procesos contractuales o actos administrativos, la apertura de investigaciones previa solicitud nuestra y la a"
P0549,67,III. Hallazgos en materia de corrupción y balance de acciones,Introducción del capítulo,10.7274,1.5313,3,3,1,"A continuación, se presenta cada caso de manera individual, reconstruyendo sus principales antecedentes, los hallazgos identificados, las actuaciones promovidas por el Equipo Élite y los resultados ob"
P0552,67,III. Hallazgos en materia de corrupción y balance de acciones,Caso 1. ESSMAR E.S.P.,8.907,3.7093,11,3,2,"El proceso de contratación adelantado por la Empresa de Servicios Públicos de Santa Marta -bajo toma de posesión de la Superintendencia de Servicios Públicos Domiciliarios- para el diseño, construcció"
P0553,68,III. Hallazgos en materia de corrupción y balance de acciones,Caso 1. ESSMAR E.S.P.,10.442,1.3592,3,7,6,"El equipo consideró que varios aspectos merecían un análisis más exhaustivo: entre ellos, se encontraron posibles cambios frente al proyecto inicialmente aprobado, inquietudes sobre la deficiencia de "
P0554,68,III. Hallazgos en materia de corrupción y balance de acciones,Caso 1. ESSMAR E.S.P.,12.1166,3.2582,0,1,1,"Con fundamento en esos hallazgos, el 25 de julio de 2026 el Equipo Élite presentó ante la Pro- curaduría General de la Nación una solicitud de adopción de medidas preventivas respecto del Contrato CMA"
P0555,68,III. Hallazgos en materia de corrupción y balance de acciones,Caso 1. ESSMAR E.S.P.,11.5895,2.7967,8,1,1,"La respuesta institucional fue rápida. Cuatro días después, el 29 de julio de 2026, la Procuraduría solicitó la suspensión provisional del proceso contractual mientras revisaba las condiciones técnica"
P0558,68,III. Hallazgos en materia de corrupción y balance de acciones,Caso 2. DAPRE,11.5068,3.4862,0,7,12,La expedición de la Resolución 0478 del 6 de julio de 2026 por parte del Departamento Administrativo de la Presidencia de la República fue uno de los actos administrativos revisados por el Equipo Élit
P0559,68,III. Hallazgos en materia de corrupción y balance de acciones,Caso 2. DAPRE,12.2909,2.5561,0,0,1,"En criterio del Equipo Élite, estas circunstancias justificaban que el acto fuera sometido al control de la jurisdicción contencioso administrativa, por lo que el 9 de julio de 2026 se presentó demand"
P0560,68,III. Hallazgos en materia de corrupción y balance de acciones,Caso 2. DAPRE,10.4224,1.9008,8,0,1,"La actuación obtuvo una respuesta pocos días después: El 28 de julio de 2026, el Consejo de Estado decretó la suspensión provisional de los efectos de la resolución al considerar que la habilitación e"
P0563,69,III. Hallazgos en materia de corrupción y balance de acciones,"Caso 3. OCAD de ciencia, tecnología e innovación",8.7925,4.0474,11,11,6,"Otra de las actuaciones analizadas durante el empalme fue la convocatoria a la sesión ordinaria No. 74 del Órgano Colegiado de Administración y Decisión de Ciencia, Tecnología e Innovación (OCAD de CT"
P0564,69,III. Hallazgos en materia de corrupción y balance de acciones,"Caso 3. OCAD de ciencia, tecnología e innovación",11.796,2.9526,0,1,1,"Por lo anterior, el Equipo solicitó la intervención preventiva de la Procuraduría General de la Nación para que acompañara el desarrollo de la sesión y verificara que las decisiones relacionadas con l"
P0566,69,III. Hallazgos en materia de corrupción y balance de acciones,"Caso 3. OCAD de ciencia, tecnología e innovación",12.1884,2.6112,0,1,12,"Al día siguiente, la Procuraduría acogió la solicitud y pidió al Gobierno suspender la sesión convocada para definir el destino de los recursos. La advertencia derivó en que una decisión de alto impac"
P0569,69,III. Hallazgos en materia de corrupción y balance de acciones,Caso 4. CENIT,8.2671,4.2332,11,10,10,"Dentro de los contratos revisados por el Equipo Élite en el ejercicio de empalme llamó la atención el Contrato No. 8000009732, adjudicado por CENIT Transporte y Logística de Hidrocarburos S.A.S. a GES"
P0570,69,III. Hallazgos en materia de corrupción y balance de acciones,Caso 4. CENIT,8.5155,2.7102,8,10,10,"El estudio detallado de la documentación contractual disponible evidenció que el valor finalmente adjudicado superó la oferta económica inicialmente presentada. Asimismo, se encontró una diferencia si"
P0572,70,III. Hallazgos en materia de corrupción y balance de acciones,Caso 4. CENIT,12.3088,3.0743,0,1,1,El 12 de julio de 2026 presentó denuncia penal; al día siguiente radicó la correspondiente queja disciplinaria; posteriormente formuló un derecho de petición para obtener información adicional del pro
P0573,70,III. Hallazgos en materia de corrupción y balance de acciones,Caso 4. CENIT,11.4566,2.5225,8,10,2,"Tras la realización de estas actuaciones, se conocieron, a través de medios de comunicación, cambios en la Vicepresidencia Jurídica de CENIT. Si bien el expediente únicamente contiene el registro peri"
P0576,70,III. Hallazgos en materia de corrupción y balance de acciones,Caso 5. FENOGE,8.7416,4.0403,11,11,8,"El proceso de contratación del Programa Colombia Solar, adelantado por el Fondo de Energías No Convencionales y Gestión Eficiente de la Energía (FENOGE), fue uno de los casos que mayor atención requir"
P0577,70,III. Hallazgos en materia de corrupción y balance de acciones,Caso 5. FENOGE,10.2449,1.6498,3,7,6,"El expediente mostró que, a medida que avanzaba el proceso de selección, fueron introducidas modificaciones que alteraron las condiciones inicialmente previstas para la evaluación de las ofertas. Uno "
P0578,70,III. Hallazgos en materia de corrupción y balance de acciones,Caso 5. FENOGE,12.0242,3.0956,0,1,1,"Ante estos hallazgos, el 21 de julio de 2026 el Equipo Élite solicitó la intervención preventiva de la Procuraduría General de la Nación y, dos días después, presentó la correspondiente queja discipli"
P0579,70,III. Hallazgos en materia de corrupción y balance de acciones,Caso 5. FENOGE,12.1645,3.3016,0,0,1,La respuesta de la Procuraduría no se hizo esperar y el 3 de agosto de 2026 resolvió abrir investigación disciplinaria y ordenó la suspensión inmediata del Director Ejecutivo de FENOGE.
P0582,71,III. Hallazgos en materia de corrupción y balance de acciones,Caso 6. Electrohuila,11.7485,3.4166,0,1,2,"Durante el proceso de empalme, el Equipo Élite revisó la reforma estatutaria aprobada por la Asamblea General de Accionistas de ELECTROHUILA el 20 de marzo de 2026, mediante la cual fueron modificadas"
P0583,71,III. Hallazgos en materia de corrupción y balance de acciones,Caso 6. Electrohuila,8.7254,3.0003,8,7,4,"Del análisis realizado se concluyó que la reforma introdujo modificaciones de especial relevancia. Entre ellas, transformó un cargo de libre nombramiento y remoción en un empleo de período fijo de cua"
P0584,71,III. Hallazgos en materia de corrupción y balance de acciones,Caso 6. Electrohuila,11.2471,2.4799,8,3,1,"Adicionalmente, amplió competencias de la Junta Directiva e incorporó nuevas facultades relacionadas con la posibilidad de garantizar obligaciones de terceros. Estas modificaciones llevaron al Equipo "
P0585,71,III. Hallazgos en materia de corrupción y balance de acciones,Caso 6. Electrohuila,12.1323,3.3174,0,1,1,"Con fundamento en estas observaciones, el 13 de julio de 2026 se presentó queja disciplinaria contra la Gerente General, acompañada de solicitud de suspensión provisional mientras se adelantaban las i"
P0586,71,III. Hallazgos en materia de corrupción y balance de acciones,Caso 6. Electrohuila,12.0454,3.2881,0,1,1,"Al día siguiente, la Procuraduría General de la Nación, a través de la Procuraduría Regional del Huila, abrió indagación previa para establecer las circunstancias en que fue aprobada la reforma estatu"
P0589,71,III. Hallazgos en materia de corrupción y balance de acciones,Caso 7. Páramo de Santurbán,11.7891,1.6131,0,7,2,La protección del páramo de Santurbán continuaba siendo una deuda institucional al momento del empalme. Aunque la Corte Constitucional había ordenado desde 2017 expedir una nueva delimitación con part
P0590,71,III. Hallazgos en materia de corrupción y balance de acciones,Caso 7. Páramo de Santurbán,8.6542,1.0787,3,3,1,"El análisis adelantado por el Equipo Élite concluyó que la ausencia de una nueva delimitación no solo representaba un posible incumplimiento de decisiones judiciales, sino que además mantenía sin reso"
P0591,71,III. Hallazgos en materia de corrupción y balance de acciones,Caso 7. Páramo de Santurbán,12.0623,2.9329,0,3,1,"La gestión del Equipo Élite se tradujo en la presentación, el 19 de julio, de la correspondiente queja disciplinaria, por presuntas omisiones relacionadas con el cumplimiento de las decisiones judicia"
P0592,72,III. Hallazgos en materia de corrupción y balance de acciones,Caso 7. Páramo de Santurbán,11.8976,3.7396,10,9,1,"Días después, la Procuraduría General de la Nación anunció la apertura de expedientes disciplinarios contra las exministras de Ambiente y Desarrollo Sostenible Susana Muhamad e Irene Vélez."
P0595,72,III. Hallazgos en materia de corrupción y balance de acciones,Caso 8. Reforma agraria,9.6998,2.4118,3,8,2,La implementación de la denominada Reforma Agraria también hizo parte de los aspectos que tuvieron especial atención en el proceso de empalme. Uno de los aspectos revisados correspondió al mecanismo u
P0596,72,III. Hallazgos en materia de corrupción y balance de acciones,Caso 8. Reforma agraria,8.4926,4.0221,11,9,10,Se advirtió que una parte importante del valor de los negocios jurídicos era pagada antes de que culminara el proceso de transferencia y registro de los inmuebles. De acuerdo con la información examin
P0597,72,III. Hallazgos en materia de corrupción y balance de acciones,Caso 8. Reforma agraria,11.6291,2.2211,3,1,1,"En atención a lo anterior, el Equipo Élite presentó la correspondiente denuncia penal, promovió la acción fiscal y preparó la queja disciplinaria para que las autoridades competentes evaluaran las res"
P0600,72,III. Hallazgos en materia de corrupción y balance de acciones,Caso 9. Caminos comunitarios para la paz,8.4134,4.0407,11,7,2,La infraestructura vial rural fue otro de los temas revisados por el Equipo Élite durante el proceso de empalme. Se identificaron recursos destinados a la intervención de infraestructura por más de $6
P0601,72,III. Hallazgos en materia de corrupción y balance de acciones,Caso 9. Caminos comunitarios para la paz,7.1795,4.3384,9,7,1,El análisis incorporó los resultados de auditorías practicadas por la Contraloría General de la República. En algunos municipios se había girado la totalidad de los recursos pese a que las obras no re
P0602,73,III. Hallazgos en materia de corrupción y balance de acciones,Caso 9. Caminos comunitarios para la paz,12.2607,2.7909,0,1,1,"En atención a estas presuntas irregularidades, el Equipo Élite presentó una denuncia penal así como la acción fiscal correspondiente y la queja disciplinaria, con el propósito de que las autoridades c"
P0605,73,III. Hallazgos en materia de corrupción y balance de acciones,Caso 10. Servicios de ciberseguridad,5.9769,5.0548,1,3,10,En las últimas semanas del Gobierno también avanzaba un proceso de contratación promovido por Colombia Compra Eficiente (CCE) para la adquisición de servicios de ciberseguridad destinados a diferentes
P0606,73,III. Hallazgos en materia de corrupción y balance de acciones,Caso 10. Servicios de ciberseguridad,10.2659,1.4097,3,7,12,"El análisis del proceso reveló aspectos que podían afectar las condiciones de competencia entre los oferentes. Entre ellos se encontraban cuestionamientos sobre los estudios de mercado, posibles restr"
P0607,73,III. Hallazgos en materia de corrupción y balance de acciones,Caso 10. Servicios de ciberseguridad,12.0317,2.9822,0,1,1,"Con fundamento en esas observaciones, se presentó la correspondiente queja disciplinaria y se solicitó la suspensión del procedimiento de selección mientras eran evaluadas las condiciones advertidas d"
P0608,73,III. Hallazgos en materia de corrupción y balance de acciones,Caso 10. Servicios de ciberseguridad,10.3254,1.9143,8,3,1,"La actuación produjo un efecto inmediato. Alertada la Procuraduría, Colombia Compra Eficiente (CCE) suspendió el proceso antes de la fecha prevista para su adjudicación, permitiendo que las observacio"
P0611,73,III. Hallazgos en materia de corrupción y balance de acciones,Caso 11. Unidad Nacional de Protección (UNP),8.0262,2.842,11,3,10,"La contratación de los servicios de protección para las zonas 1 y 2 del país (que agrupan territorialmente a diferentes departamentos de Colombia para gestionar trámites, asignaciones operativas, esqu"
P0612,73,III. Hallazgos en materia de corrupción y balance de acciones,Caso 11. Unidad Nacional de Protección (UNP),11.9248,2.6447,0,1,1,El examen de la documentación advirtió que la estructuración del proceso planteaba interrogantes sobre la delimitación del objeto contractual y la exclusión de otras zonas estratégicas. Estas circunst
P0613,74,III. Hallazgos en materia de corrupción y balance de acciones,Caso 11. Unidad Nacional de Protección (UNP),12.17,3.3385,0,1,1,"Como resultado de estos hallazgos, el Equipo Élite presentó la correspondiente queja disciplinaria con solicitud de suspensión del Director de la Unidad Nacional de Protección."
P0614,74,III. Hallazgos en materia de corrupción y balance de acciones,Caso 11. Unidad Nacional de Protección (UNP),12.4205,2.7635,0,1,1,"De manera concomitante, el Juzgado Quinto Penal del Circuito de Pereira admitió una acción de tutela y decretó, a título de medida provisional, la suspensión provisional del proceso contractual. La de"
P0617,74,III. Hallazgos en materia de corrupción y balance de acciones,Caso 12. FONTUR,6.5091,4.978,1,1,6,"Dentro de los proyectos analizados por el Equipo Élite se contempló una iniciativa de sostenibilidad turística financiada por el Fondo Nacional del Turismo (FONTUR), cuyo presupuesto pasó de $68.500 m"
P0618,74,III. Hallazgos en materia de corrupción y balance de acciones,Caso 12. FONTUR,10.1364,2.3577,8,1,1,"Al revisar la documentación disponible, el Equipo Élite se planteó cuestionamientos relacionados con la capacidad financiera y operativa del operador seleccionado, la disponibilidad de la documentació"
P0619,74,III. Hallazgos en materia de corrupción y balance de acciones,Caso 12. FONTUR,12.2875,2.8451,0,1,1,"Así las cosas, se promovieron las correspondientes denuncias penal, fiscal y disciplinaria, esta última acompañada de solicitud de suspensión de los funcionarios involucrados."
P0621,74,III. Hallazgos en materia de corrupción y balance de acciones,"Caso 13. Acuerdo marco para el suministro, adquisición y dispensación de medicamentos II — $3 billones en juego",9.8483,2.5127,8,9,2,"Entre los procesos revisados durante el empalme también se encontraba la segunda generación del Acuerdo Marco para el suministro, adquisición y dispensación de Medicamentos administrado por Colombia C"
P0622,74,III. Hallazgos en materia de corrupción y balance de acciones,"Caso 13. Acuerdo marco para el suministro, adquisición y dispensación de medicamentos II — $3 billones en juego",10.4432,1.6605,3,3,1,La auditoría permitió poner en conocimiento de los órganos control presuntas falencias contractuales relacionadas con: (i) la inexistencia de documentos tipo; (ii) la exclusión de poblaciones vulnerab
P0623,74,III. Hallazgos en materia de corrupción y balance de acciones,"Caso 13. Acuerdo marco para el suministro, adquisición y dispensación de medicamentos II — $3 billones en juego",11.7067,2.8732,0,7,1,"En consecuencia, se solicitó a la Contraloría General de la República ejercer control fiscal preventivo y concomitante sobre el proceso contractual, con el fin de fortalecer el seguimiento institucion"
P0626,75,III. Hallazgos en materia de corrupción y balance de acciones,Caso 14. CODALTEC,8.6991,4.0739,11,6,10,Las auditorías realizadas durante el empalme también comprendieron el contrato celebrado por la Corporación de Alta Tecnología para la Defensa (CODALTEC) para la adquisición de un sistema antidrones d
P0627,75,III. Hallazgos en materia de corrupción y balance de acciones,Caso 14. CODALTEC,10.2849,1.7053,3,12,1,"La auditoría identificó discrepancias relevantes en los costos, así como observaciones relacionadas con el alcance de detección, la configuración del sistema, los mecanismos de inhibición y otras cond"
P0628,75,III. Hallazgos en materia de corrupción y balance de acciones,Caso 14. CODALTEC,12.2886,2.7185,0,1,1,"Con base en estos elementos, el Equipo Élite presentó denuncia penal, promovió la correspondiente queja disciplinaria y dejó preparada la acción fiscal para que los organismos de control determinaran "
P0631,75,III. Hallazgos en materia de corrupción y balance de acciones,Caso 15. C.I. MEPRECOL S.A.S.,9.9629,1.8221,3,9,2,"La administración de activos vinculados a procesos de extinción de dominio también hizo parte de las auditorías adelantadas durante el empalme. En ese contexto, el Equipo Élite revisó las operaciones "
P0632,75,III. Hallazgos en materia de corrupción y balance de acciones,Caso 15. C.I. MEPRECOL S.A.S.,10.1265,1.788,3,9,1,La verificación de la información disponible confirmó que se presentaron operaciones que requerían un análisis adicional por parte de las autoridades competentes. Entre ellas se encontraban retiros en
P0633,75,III. Hallazgos en materia de corrupción y balance de acciones,Caso 15. C.I. MEPRECOL S.A.S.,12.3625,3.0451,0,1,1,"Por lo anterior, con miras a que se esclarezcan estos hechos, el Equipo Élite preparó la correspondiente denuncia penal para conocimiento de la Fiscalía General de la Nación."
P0634,75,III. Hallazgos en materia de corrupción y balance de acciones,Caso 15. C.I. MEPRECOL S.A.S.,9.9725,1.214,3,10,2,Este caso en particular hace evidente la importancia de fortalecer los mecanismos de debida diligencia y seguimiento en operaciones relacionadas con minerales preciosos. La trazabilidad de los recurso
P0637,76,III. Hallazgos en materia de corrupción y balance de acciones,Caso 16. Canal Trece,10.6752,2.6607,8,3,2,La ejecución de actividades logísticas asociadas a la política de reforma agraria también hizo parte de las revisiones adelantadas por el Equipo Élite durante el proceso de empalme.
P0638,76,III. Hallazgos en materia de corrupción y balance de acciones,Caso 16. Canal Trece,8.3915,4.262,11,2,10,"Uno de los contratos analizados fue el convenio suscrito entre la Agencia Nacional de Tierras (ANT) y Teveandina Ltda. (Canal Trece), por un valor de hasta $17.003 millones, cuyo objeto consistía en a"
P0639,76,III. Hallazgos en materia de corrupción y balance de acciones,Caso 16. Canal Trece,10.197,1.6957,3,5,10,Durante el análisis de la ejecución contractual surgieron inquietudes relacionadas con la forma en que estaba siendo desarrollado el contrato. En la verificación adelantada se encontró que la totalida
P0640,76,III. Hallazgos en materia de corrupción y balance de acciones,Caso 16. Canal Trece,12.346,3.137,0,1,1,"En consonancia con estas conclusiones, el Equipo Élite presentó la correspondiente denuncia penal para que la Fiscalía General de la Nación evaluara las circunstancias identificadas durante el empalme"
P0641,76,III. Hallazgos en materia de corrupción y balance de acciones,Caso 16. Canal Trece,9.9769,0.9435,3,8,10,Este tipo de hallazgos destacan la necesidad de revisar con especial cuidado los esquemas de intermediación utilizados en la contratación pública. Cuando la ejecución del objeto contractual recae casi
P0644,76,III. Hallazgos en materia de corrupción y balance de acciones,Caso 17. ICBF,11.6309,3.3179,0,3,2,"Las decisiones relacionadas con la administración del talento humano también fueron objeto de evaluación durante el proceso de empalme. En el Instituto Colombiano de Bienestar Familiar, el Equipo Élit"
P0645,76,III. Hallazgos en materia de corrupción y balance de acciones,Caso 17. ICBF,10.8328,1.0818,3,12,12,El estudio de los actos administrativos evidenció que las resoluciones presentaban motivaciones sustancialmente idénticas y no incorporaban un análisis individualizado y particular (como ordena el deb
P0646,77,III. Hallazgos en materia de corrupción y balance de acciones,Caso 17. ICBF,11.8547,2.7007,0,1,1,"Ello llevó al Equipo Élite a considerar que el proceso debía ser examinado por los organismos de control competentes, por lo que se presentaron solicitudes de índole fiscal y disciplinario."
P0647,77,III. Hallazgos en materia de corrupción y balance de acciones,Caso 17. ICBF,10.5679,1.0487,3,11,1,"Las decisiones relacionadas con el ingreso al servicio público exigen un alto nivel de motivación y transparencia, especialmente cuando se adoptan durante períodos de transición institucional. Por vir"
P0649,77,III. Hallazgos en materia de corrupción y balance de acciones,Caso 18. Agencia Nacional de Defensa Jurídica del Estado (ANDJE) — 48 procesos contractuales bajo vigilancia,11.8386,3.5484,0,8,12,"La transición entre gobiernos también alcanzó a la Agencia Nacional de Defensa Jurídica del Estado. El entonces Ministro de Justicia designado, IVÁN CANCINO GONZÁLEZ, había solicitado aplazar las deci"
P0650,77,III. Hallazgos en materia de corrupción y balance de acciones,Caso 18. Agencia Nacional de Defensa Jurídica del Estado (ANDJE) — 48 procesos contractuales bajo vigilancia,8.4791,1.9333,9,2,10,"Fruto de este ejercicio, se solicitó un acompañamiento especial de los organismos de control para evitar desviaciones de la función contractual del Estado, protegiendo de ese modo una cuantía superior"
P0653,77,III. Hallazgos en materia de corrupción y balance de acciones,Caso 19. Hospital San Juan de Dios,11.1168,3.025,8,7,2,La puesta en funcionamiento del Hospital San Juan de Dios también hizo parte de los asuntos revisados por el Equipo Élite durante el proceso del Empalme Anticorrupción. El análisis se concentró en la 
P0654,77,III. Hallazgos en materia de corrupción y balance de acciones,Caso 19. Hospital San Juan de Dios,8.0673,3.3029,9,7,1,"La auditoría ordenada estableció que el hospital contaba con 39 funcionarios, una nómina cercana a $343 millones mensuales y un marco normativo que proyectaba la vinculación de hasta 1.686 servidores "
P0655,77,III. Hallazgos en materia de corrupción y balance de acciones,Caso 19. Hospital San Juan de Dios,11.8366,3.0632,0,1,1,"Con base en lo verificado, el caso fue puesto en conocimiento de la Procuraduría General de la Nación y la Contraloría General de la República para que, dentro del ámbito de sus competencias, evaluara"
P0658,77,III. Hallazgos en materia de corrupción y balance de acciones,Caso 20. Cancillería,10.5221,2.658,8,11,2,"La presencia institucional de Colombia en el exterior también hizo parte de lo revisado durante el proceso de empalme. En efecto, el Equipo Élite analizó las decisiones de la Cancillería del Gobierno "
P0659,78,III. Hallazgos en materia de corrupción y balance de acciones,Caso 20. Cancillería,8.5448,2.0609,8,4,7,"Dentro de las irregularidades se encontraba la adquisición de una nueva sede consular en Monterrey, pese a que la oficina no tenía servicios de atención al público, así como inversiones realizadas en "
P0660,78,III. Hallazgos en materia de corrupción y balance de acciones,Caso 20. Cancillería,11.8355,2.7102,0,1,1,"Estas circunstancias llevaron al Equipo Élite a considerar que era necesario poner el caso en conocimiento de los organismos competentes para evaluar la razonabilidad de las decisiones adoptadas, de t"
P0663,78,III. Hallazgos en materia de corrupción y balance de acciones,Caso 21. ASOMUFFAA,10.5974,1.6339,3,1,1,"Entre los asuntos revisados durante el proceso de empalme se encontraba la situación de ASOMUFFAA, organización alrededor de la cual se habían presentado denuncias relacionadas con la presunta pérdida"
P0664,78,III. Hallazgos en materia de corrupción y balance de acciones,Caso 21. ASOMUFFAA,7.6317,3.8154,9,11,1,La información recopilada por el Equipo Élite reveló que la Superintendencia de Sociedades había ordenado la intervención judicial de la organización por presunta captación masiva y habitual no autori
P0665,78,III. Hallazgos en materia de corrupción y balance de acciones,Caso 21. ASOMUFFAA,11.9083,2.9213,0,1,1,"Con fundamento en estos elementos, el Equipo Élite efectuó el correspondiente traslado a la Procuraduría General de la Nación para que valorara la eventual existencia de responsabilidades disciplinari"
P0668,78,III. Hallazgos en materia de corrupción y balance de acciones,Caso 22. FONIGUALDAD,8.8379,3.3267,8,7,1,La extinción del Ministerio de Igualdad también fue objeto de estudio por parte del Equipo Élite. En desarrollo de esa labor se identificó que FONIGUALDAD continuaba adelantando procesos contractuales
P0669,79,III. Hallazgos en materia de corrupción y balance de acciones,Caso 22. FONIGUALDAD,11.3847,2.661,8,3,1,"El examen documental evidenció que entre los contratistas vinculados figuraban la Corporación Prosperitas y TSG The IT Experts, esta última vinculada también a otras entidades del Gobierno nacional. L"
P0670,79,III. Hallazgos en materia de corrupción y balance de acciones,Caso 22. FONIGUALDAD,11.9933,2.7815,0,1,1,"Como consecuencia, el caso fue trasladado a la Procuraduría General de la Nación para que evaluara la procedencia de las actuaciones disciplinarias que estimara pertinentes frente a los procesos contr"
P0673,79,III. Hallazgos en materia de corrupción y balance de acciones,Caso 23. Agencia de Desarrollo Rural (ADR),12.0325,3.4577,0,1,12,"En los días previos al cambio de Gobierno, la Agencia de Desarrollo Rural expidió la Resolución 407 del 6 de agosto de 2026, mediante la cual declaró hábil el sábado 8 de agosto para adelantar actuaci"
P0674,79,III. Hallazgos en materia de corrupción y balance de acciones,Caso 23. Agencia de Desarrollo Rural (ADR),11.7395,3.0047,0,0,1,"En efecto, la habilitación extraordinaria coincidió con la presencia del nuevo Ministro de Agricultura en las instalaciones de la Agencia, quien había solicitado revisar las actuaciones contractuales "
P0675,79,III. Hallazgos en materia de corrupción y balance de acciones,Caso 23. Agencia de Desarrollo Rural (ADR),12.3978,2.9126,0,1,1,"En atención a las conclusiones obtenidas, se consideró procedente presentar denuncia penal por el presunto delito de prevaricato por acción y se solicitó a la Fiscalía General de la Nación establecer "
P0680,81,IV. Balance sectorial,Sector Agricultura y desarrollo Rural,9.5931,0.5262,6,11,12,El país no discute si hubo entrega de tierras. Discute qué se entregó realmente. Lo que encontramos son actas provisionales donde debía haber propiedad.
P0681,81,IV. Balance sectorial,Sector Agricultura y desarrollo Rural,9.7171,0.3591,6,3,11,"Las cifras del empalme dejan una conclusión difícil de ignorar: en materia agraria, el problema de Colombia no ha sido la falta de anuncios sino la ausencia de resultados verificables. Durante los últ"
P0682,81,IV. Balance sectorial,Sector Agricultura y desarrollo Rural,8.6199,1.3966,6,7,11,"Un campesino sin título inscrito no es plenamente propietario. No puede vender su parcela con certeza, acceder fácilmente al crédito, garantizar la sucesión de su patrimonio ni protegerse frente a rec"
P0683,81,IV. Balance sectorial,Sector Agricultura y desarrollo Rural,8.6708,2.2119,3,9,2,La situación es aún más inquietante cuando se observa la gestión estatal. La Agencia Nacional de Tierras destinó $979.003 millones para la adquisición de 537 predios provenientes de la Sociedad de Act
P0684,81,IV. Balance sectorial,Sector Agricultura y desarrollo Rural,10.5727,0.3915,3,3,2,"El empalme describe una gestión fragmentada entre las entidades responsables del acceso, la formalización y la restitución de tierras, con competencias superpuestas, decisiones contradictorias y escas"
P0685,81,IV. Balance sectorial,Sector Agricultura y desarrollo Rural,9.2296,2.3986,8,5,8,A esa desarticulación se sumó una intensa producción regulatoria sobre el uso del suelo. Entre 2024 y 2026 se expidieron veinte resoluciones que declararon Áreas de
P0689,81,IV. Balance sectorial,Sector Agricultura y desarrollo Rural,7.6165,3.9713,11,8,11,Ministro de Agricultura y Desarrollo Rural Protección para la Producción de Alimentos sobre 998.576 hectáreas en 59 municipios de cinco departamentos. El área declarada pasó de 147.400 hectáreas en ma
P0690,82,IV. Balance sectorial,Sector Agricultura y desarrollo Rural,8.7738,0.7524,2,4,2,Pero las deficiencias no se limitaron a la política de tierras. También se desatendió la infraestructura institucional que sostiene la producción agropecuaria.
P0691,82,IV. Balance sectorial,Sector Agricultura y desarrollo Rural,8.3806,1.3931,7,3,10,"El Instituto Colombiano Agropecuario enfrenta dificultades presupuestales, caída de la inversión, acumulación de trámites represados y una alta dependencia de personal vinculado mediante contratos de "
P0692,82,IV. Balance sectorial,Sector Agricultura y desarrollo Rural,8.3294,1.1492,7,3,12,"El costo de esta situación ya se está pagando. Los retrasos en las admisibilidades sanitarias para exportaciones porcinas y bovinas representan mercados que no se abren, inversiones que no llegan y em"
P0693,82,IV. Balance sectorial,Sector Agricultura y desarrollo Rural,9.8138,0.8265,3,9,2,"La misma desconexión aparece en los proyectos de inversión productiva, los distritos de adecuación de tierras y los procesos de restitución. El empalme advierte sobre inconsistencias entre los avances"
P0694,82,IV. Balance sectorial,Sector Agricultura y desarrollo Rural,8.4769,0.706,7,3,7,Ese es el sector que recibimos: uno donde la política de tierras generó más expectativas que propiedades efectivas; donde se privilegió el anuncio sobre el resultado; donde la formalización avanzó más
P0695,82,IV. Balance sectorial,Sector Agricultura y desarrollo Rural,9.6181,1.1479,3,9,11,"La corrección no es retórica. Significa medir el éxito por títulos registrados y no por hectáreas anunciadas. Significa conciliar, uno por uno, los 537 predios adquiridos a la SAE. Significa devolverl"
P0696,83,IV. Balance sectorial,Sector Agricultura y desarrollo Rural,9.5951,0.3892,3,9,7,"También exige recuperar la transparencia como principio rector de la política rural. La tierra, los recursos públicos y las oportunidades de desarrollo del campo deben administrarse con reglas claras,"
P0698,83,IV. Balance sectorial,Sector Agricultura y desarrollo Rural,9.6806,0.3433,7,4,7,"Lo que le cambia el futuro es una escritura registrada, un crédito oportuno, mercados abiertos para sus productos y la certeza de que el Estado administra los recursos públicos con transparencia, efic"
P0699,84,IV. Balance sectorial,Sector Ambiente y Desarrollo Rural,7.2805,3.8786,12,6,11,"Entre 2022 y 2025 Colombia perdió más de 435.000 hectáreas de bosque, más del 60 % de ellas en la Amazonía. Solo en 2024 la deforestación llegó a 113.608 hectáreas, un 43,4 % por encima del año anteri"
P0700,84,IV. Balance sectorial,Sector Ambiente y Desarrollo Rural,6.0377,5.0249,1,2,10,Los contratos de prestación de servicios por contratación directa pasaron de 142 por $2.121 millones en 2022 a 1.199 por $83.583 millones en 2025: 744 % más contratos y casi 39 veces el valor inicial.
P0701,84,IV. Balance sectorial,Sector Ambiente y Desarrollo Rural,5.5275,5.0326,1,6,5,"¿Por qué el dinero destinado a conservar no se movió? El Fondo para la Vida y la Biodiversidad recibió apropiaciones por 1,8 billones de pesos y ejecutó, en promedio, el 16,5 % anual entre 2023 y 2025"
P0702,84,IV. Balance sectorial,Sector Ambiente y Desarrollo Rural,6.1756,4.875,1,2,6,"Cuando sí se ejecutó, no siempre se hizo bien. El Ministerio comprometió $474.129 millones del Sistema General de Regalías en 25 proyectos ambientales durante 2025 desconociendo de manera reiterada la"
P0703,84,IV. Balance sectorial,Sector Ambiente y Desarrollo Rural,7.9271,-0.4854,2,6,11,"El retroceso ambiental tiene además una dimensión humana que no puede omitirse: Colombia registró 48 de los 146 homicidios de personas defensoras del ambiente documentados en el mundo durante 2024, de"
P0704,84,IV. Balance sectorial,Sector Ambiente y Desarrollo Rural,11.7536,1.5088,6,6,12,"Las últimas decisiones agravaron el cuadro. A tres semanas de terminar el mandato, y tras ocho años de intentar implementar la Sentencia T-361 de 2017, se expidió la Resolución 863 de 2026 creando una"
P0705,84,IV. Balance sectorial,Sector Ambiente y Desarrollo Rural,7.7632,-0.3596,2,8,11,"Mientras tanto, la Fiscalía documenta más de 200 bocaminas ilegales que liberan mercurio y arsénico en el río Suratá. Está en juego el agua de 1,5 millones de personas en Santander y Norte de Santande"
P0709,84,IV. Balance sectorial,Sector Ambiente y Desarrollo Rural,10.5318,0.1106,8,0,6,"Ministro de Ambiente y Desarrollo Sostenible En el Canal del Dique, el proyecto que debe proteger a las comunidades de la depresión momposina y reducir la sedimentación sobre los corales del Rosario, "
P0710,85,IV. Balance sectorial,Sector Ambiente y Desarrollo Rural,11.0414,1.0484,6,3,4,"A esto se suma un represamiento de licencias, permisos y trámites en la ANLA y en las corporaciones autónomas, sobre una plataforma (VITAL) que ya no responde. El resultado es el peor de los mundos: n"
P0711,85,IV. Balance sectorial,Sector Ambiente y Desarrollo Rural,9.7963,-0.3243,6,6,11,"Recibimos, entonces, un sector con más contratos y menos resultados. La tarea es invertir esa ecuación: ejecutar los recursos de conservación que están dormidos, recuperar la autoridad ambiental en el"
P0712,86,IV. Balance sectorial,"Sector Ciencia, Tecnología e Innovación",6.6099,4.3981,1,0,6,"El Ministerio de Ciencia, Tecnología e Innovación se recibe en parálisis estructural. La ejecución de caja del Sistema General de Regalías para ciencia está por debajo del 7% histórico, con cerca de $"
P0713,86,IV. Balance sectorial,"Sector Ciencia, Tecnología e Innovación",9.0514,3.238,8,2,6,"Ese único proyecto es la Convocatoria 46, “Colombia Inteligente: Infraestructura para el Desarrollo de la Inteligencia Artificial”, por $630.000 millones. Una inspección sorpresa adelantado por la Pro"
P0714,86,IV. Balance sectorial,"Sector Ciencia, Tecnología e Innovación",9.8689,1.9742,3,9,6,Ese embudo tiene causas identificadas por el propio empalme y no son un accidente reciente. El bienio anterior cerró en ceros porque once convocatorias quedaron en limbo jurídico tras un concepto del 
P0715,86,IV. Balance sectorial,"Sector Ciencia, Tecnología e Innovación",8.5242,-0.0496,7,5,9,"La misma lógica de recursos disponibles y decisiones que no llegan se repite en otros dos frentes. Los $109.000 millones del Fondo de Investigación en Salud, financiados por la ley con el monopolio de"
P0716,86,IV. Balance sectorial,"Sector Ciencia, Tecnología e Innovación",5.6128,4.8677,1,2,6,"El segundo frente es el presupuesto que el propio Gobierno saliente radicó para 2027 le asigna a MinCiencias $0 en inversión, frente a los $555.349 millones que la entidad había solicitado: sería la c"
P0719,86,IV. Balance sectorial,"Sector Ciencia, Tecnología e Innovación",6.3513,4.7432,1,2,6,"Ministra de Ciencia, Tecnología e Innovación Solo para poner un ejemplo: proyectos contratados en ejecución a los cuales MinCiencias actualmente le hace seguimiento tienen un valor de $325.216 millone"
P0720,87,IV. Balance sectorial,"Sector Ciencia, Tecnología e Innovación",8.865,0.0526,7,5,6,"El costo de esta parálisis no es abstracto. Universidades, gobernaciones y comunidades científicas de las regiones que formularon proyectos con la expectativa de financiación quedan en el limbo mientr"
P0721,87,IV. Balance sectorial,"Sector Ciencia, Tecnología e Innovación",9.8498,-0.1063,6,9,6,"El reto de este Gobierno es destrabar lo que la institucionalidad dejó estancado: simplificar procesos, estabilizar la secretaría técnica del OCAD-FCTeI, saldar la deuda con los pares evaluadores para"
P0722,87,IV. Balance sectorial,"Sector Ciencia, Tecnología e Innovación",7.2202,3.1017,5,0,7,"Ninguno de estos frentes admite espera: cada mes que pasa sin resolverlos es un mes más de investigadores, universidades y empresas de base tecnológica esperando una respuesta del Estado que no llega."
P0723,88,IV. Balance sectorial,"Sector Comercio, Industria y Turismo",9.33,1.9315,8,12,3,"El sector Comercio, Industria y Turismo enfrenta un doble reto: atender la coyuntura comercial externa y ordenar una gestión interna marcada por contratos sin liquidar, recursos sin ejecutar y decisio"
P0724,88,IV. Balance sectorial,"Sector Comercio, Industria y Turismo",9.589,2.1283,8,12,3,"Recibimos el sector Comercio, Industria y Turismo con un doble reto: atender una agenda comercial externa que exige conducción inmediata de Estado y poner en orden la gestión interna."
P0725,88,IV. Balance sectorial,"Sector Comercio, Industria y Turismo",8.7146,2.8903,8,3,11,"Asuntos críticos exigen decisiones inmediatas: el arancel adicional del 12,5 % impuesto por Estados Unidos a Colombia bajo la Sección 301; definiciones pendientes en materia de política comercial fren"
P0726,88,IV. Balance sectorial,"Sector Comercio, Industria y Turismo",8.0065,2.9037,9,12,10,"A nivel interno, persisten debilidades de gestión y capacidad de respuesta en trámites estratégicos como el CERT, la VUCE y los instrumentos de defensa comercial, que requieren fortalecimiento técnico"
P0727,88,IV. Balance sectorial,"Sector Comercio, Industria y Turismo",6.7392,4.2107,1,2,10,La liquidación es el cierre formal que permite verificar que lo pagado corresponde a lo recibido. Una parte de esos contratos aún está dentro del término legal. El mayor riesgo está en los que ya supe
P0728,88,IV. Balance sectorial,"Sector Comercio, Industria y Turismo",5.9655,4.9959,1,12,0,"Este patrón —recursos comprometidos que no se convierten en resultados— se repite en las entidades del sector. El Fondo Nacional del Turismo, Fontur, tiene 354 negocios jurídicos pendientes de liquida"
P0729,88,IV. Balance sectorial,"Sector Comercio, Industria y Turismo",6.5919,4.0581,9,10,6,"El caso más visible es el de los embarcaderos fluviales. Se contrataron 88 y, si bien se fabricaron todos, solo cinco quedaron instalados y en funcionamiento. Los restantes 83 siguen sin instalarse po"
P0730,88,IV. Balance sectorial,"Sector Comercio, Industria y Turismo",4.6234,5.7412,4,2,0,"En paralelo, iNNpulsa, el fondo que apoya a emprendedores y empresas, comprometió el 84,3% de sus $798.082 millones, pero solo ejecutó el 22,8% de ese presupuesto. Así, $490.820"
P0734,88,IV. Balance sectorial,"Sector Comercio, Industria y Turismo",6.0585,4.8916,1,12,0,"Ministro de Comercio, Industria y Turismo millones quedaron comprometidos en el papel sin convertirse en ejecución, y cerca de $122.000 millones de reservas de 2023 se vencieron sin traducirse en apoy"
P0735,89,IV. Balance sectorial,"Sector Comercio, Industria y Turismo",6.011,4.9236,1,7,0,Los 83 embarcaderos fabricados y nunca instalados son muelles que hoy no prestan servicio en los municipios ribereños que los esperaban. Los $122.000 millones vencidos de iNNpulsa son recursos que no 
P0736,89,IV. Balance sectorial,"Sector Comercio, Industria y Turismo",9.1299,1.8557,8,12,3,"A este rezago se suma un problema de conducción que no puede prolongarse. Al momento de recibir el sector de Comercio, Industria y Turismo, seis de las catorce entidades del sector estaban dirigidas p"
P0737,89,IV. Balance sectorial,"Sector Comercio, Industria y Turismo",9.0498,0.8087,7,6,7,"Revisaremos uno a uno los contratos pendientes y liquidaremos aquellos en los que jurídicamente proceda. Corregiremos la trazabilidad del registro para identificar, sin excepción, a quién le pagó el E"
P0738,89,IV. Balance sectorial,"Sector Comercio, Industria y Turismo",9.4053,0.619,6,9,11,"La confianza en este Ministerio se recupera con resultados verificables, no con anuncios. Es hora de poner esta casa en orden."
P0739,90,IV. Balance sectorial,Sector Cultura,5.4631,4.7464,1,2,5,"Entre 2022 y 2026 el Ministerio de Cultura comprometió cerca del 99% de su presupuesto cada año y solo ejecutó entre el 60% y el 78%. Esa distancia, $1,37 billones, es el Ministerio que recibimos. A j"
P0740,90,IV. Balance sectorial,Sector Cultura,8.3905,3.351,0,12,10,"Ese vacío ocurrió bajo una dirección institucional errática. La Fiscalía formuló acusación contra el exviceministro de las Artes por falsedad documental relacionada con su título de posgrado, con juic"
P0741,90,IV. Balance sectorial,Sector Cultura,8.9982,1.7507,7,2,6,"El mismo patrón aparece en el instrumento que mejor funciona del sector. CoCrea, el mecanismo por el cual las empresas privadas destinan parte de su impuesto de renta a proyectos culturales y una de l"
P0742,90,IV. Balance sectorial,Sector Cultura,4.8519,5.506,4,2,6,"el que ampara los certificados de inversión de proyectos avalados en vigencias anteriores y el que abre la convocatoria del año. En 2026 el cupo total fue de $346.320 millones, de los cuales $265.487 "
P0743,90,IV. Balance sectorial,Sector Cultura,7.2693,3.1529,5,2,6,Esa proporción es el resultado de dos hechos distintos. El primero es que el cupo aprobado nunca alcanzó la escala que el sector demanda. El segundo depende por entero de la administración del mecanis
P0744,90,IV. Balance sectorial,Sector Cultura,10.4639,0.8753,6,3,2,"Es una falta sostenida al principio de planeación y una mala gestión institucional del incentivo, no una limitación de su diseño."
P0745,90,IV. Balance sectorial,Sector Cultura,8.6632,1.728,6,2,10,"A ese patrón se suma una entidad que no logra corregirse a sí misma: el plan de mejoramiento suscrito ante la Contraloría pasó de efectivo a inefectivo en 2025 y, de 47 acciones comprometidas, solo 6 "
P0749,90,IV. Balance sectorial,Sector Cultura,6.6178,3.8738,1,2,6,"Ministra de Cultura Estas cifras tienen un efecto directo sobre quienes viven de su oficio en el sector cultural, y CoCrea lo muestra con precisión. La convocatoria de 2026 abrió con $80.835 millones "
P0750,91,IV. Balance sectorial,Sector Cultura,7.6256,3.9606,11,2,0,"El patrimonio material se entrega sin inventario verificado: $713.350 millones registrados contablemente, con custodia dispersa y más de veinte hallazgos fiscales en obras culturales inconclusas, entr"
P0751,91,IV. Balance sectorial,Sector Cultura,9.1682,1.6732,7,2,10,"A todo lo anterior se añade una contratación concentrada en un grupo reducido de proveedores: veinte de 2.747 captan el 48,5% del valor contratado. Los fondos mixtos departamentales, por su parte, deb"
P0752,91,IV. Balance sectorial,Sector Cultura,10.0224,-0.3268,6,2,12,"El reto de este Ministerio no es diseñar una nueva reforma institucional: es ejecutar, liquidar, inventariar y provisionar lo que ya está comprometido. Vamos a cerrar la brecha entre lo que se comprom"
P0753,91,IV. Balance sectorial,Sector Cultura,9.4974,-0.3006,7,6,6,"Aquí no hay nada que inventar. Hay que lograr que los proyectos ocurran, que las obras se estrenen y que quienes las hacen puedan vivir de su oficio."
P0754,92,IV. Balance sectorial,Sector Defensa Nacional,7.7243,2.0077,9,6,5,"El Sector Defensa se recibe con la lealtad, el compromiso y la vocación de servicio de sus hombres y mujeres intactos, pero con una capacidad operacional que se deterioró de forma medible en los últim"
P0755,92,IV. Balance sectorial,Sector Defensa Nacional,7.7485,1.9943,8,3,1,"En la Fuerza Aeroespacial Colombiana, la situación también presenta una situación similar, ya que, de 386 aeronaves, 131 no están operacionales y apenas el 52% está disponible para volar."
P0756,92,IV. Balance sectorial,Sector Defensa Nacional,7.1877,3.5615,9,2,5,"A su vez, la Policía Nacional enciende la alerta financiera de primer orden por un déficit crítico en gastos de personal por un valor de $1,7 billones de pesos para la vigencia 2026, debido a la no ap"
P0757,92,IV. Balance sectorial,Sector Defensa Nacional,7.7268,1.7921,2,6,11,"Este panorama de deterioro en las capacidades de nuestra Fuerza Pública no ocurrió en el vacío. En el periodo 2022 – 2026 los grupos armados ilegales crecieron sin freno, aumentando en número de hombr"
P0758,92,IV. Balance sectorial,Sector Defensa Nacional,7.9336,-0.2538,2,6,7,"Detrás de estas cifras hay una realidad que enfrentamos como colombianos y que no podemos perder de vista. En el mismo periodo, según la Defensoría del Pueblo, el reclutamiento de menores aumentó de 1"
P0763,93,IV. Balance sectorial,Sector Defensa Nacional,7.9029,-0.2796,2,1,9,Cada número representa un colombiano que sufre los flagelos del crecimiento de los grupos ilegales quienes aprovecharon las debilidades de un sector que se vio quebrantado.
P0764,93,IV. Balance sectorial,Sector Defensa Nacional,7.743,2.0413,9,12,12,Ante esa pérdida de capacidad se suman episodios que erosionaron la confianza en la gestión del sector. La Contraloría estableció que la aeronave C-130 Hércules accidentada en Puerto Leguízamo no cont
P0765,93,IV. Balance sectorial,Sector Defensa Nacional,8.4325,1.7422,3,3,7,"La Caja Honor, por su parte, omitió reportar ante la Contraloría 39 contratos ejecutados en 2025 por cerca de $20.000 millones, ocultando su trazabilidad. Estas situaciones no pueden tratarse como asu"
P0766,93,IV. Balance sectorial,Sector Defensa Nacional,9.88,-0.1818,6,6,7,"El reto de este Gobierno no se resuelve solo con más presupuesto. El reto se centra en recuperar la capacidad operacional de nuestras Fuerzas Militares y de Policía, fortalecer la presencia efectiva d"
P0767,93,IV. Balance sectorial,Sector Defensa Nacional,9.4313,-0.1706,2,6,11,"No partimos de cero; el Sector Defensa cuenta con seres humanos que dedican cada día de sus vidas a servir a nuestra nación, que conocen el territorio y que han demostrado su compromiso con Colombia. "
P0768,95,IV. Balance sectorial,Sector Deporte,7.1535,3.4556,5,11,2,En los papeles del empalme hay una fecha que no admite lectura amable: los apoyos mensuales a los atletas estaban financiados solo hasta agosto de 2026.
P0769,95,IV. Balance sectorial,Sector Deporte,7.2285,3.3089,5,2,8,"Un país que quiere resultados deportivos no puede administrar a sus atletas mes a mes. Sin embargo, eso es exactamente lo que encontramos: el pago mensual a los deportistas apoyados por el Ministerio "
P0770,95,IV. Balance sectorial,Sector Deporte,4.4959,5.8419,4,2,0,"Detrás de ese calendario hay obligaciones que no se resolvieron. El empalme identificó deudas con deportistas por $29.400 millones, incentivos a medallistas por cerca de $21.000 millones."
P0771,95,IV. Balance sectorial,Sector Deporte,7.542,0.0773,5,10,12,"No son cifras abstractas: son la preparación de un ciclo olímpico y paralímpico que llega a Lima 2027 y a Los Ángeles 2028, y la operación cotidiana de las ligas donde entrenan miles de niños y jóvene"
P0772,95,IV. Balance sectorial,Sector Deporte,5.3414,4.8863,4,2,0,"El origen del desorden es doble. Primero, la inestabilidad: seis ministros entre 2022 y 2026, con tres cambios solo en julio de este año. Ninguna política sobrevive a esa rotación; lo que se pierde no"
P0773,95,IV. Balance sectorial,Sector Deporte,6.4446,4.4274,1,2,0,"El deterioro también quedó fundido en concreto. El inventario registra veinte escenarios deportivos inconclusos desde 2020 por unos $24.175 millones, entre ellos el estadio Marino Klinger de Buenavent"
P0774,95,IV. Balance sectorial,Sector Deporte,9.7022,1.2203,3,12,2,"La factura jurídica crece al mismo ritmo: 1.005 procesos radicados, 281 tutelas activas y un aumento del 83,7 % en tutelas entre 2023 y 2025. Y mientras el litigio se expande, la función"
P0777,95,IV. Balance sectorial,Sector Deporte,10.2224,1.0868,8,5,12,"Ministra del Deporte de inspección, vigilancia y control quedó desmantelada y centralizada, sin capacidad real para cumplir su misión frente a más de 1.350 ligas y federaciones. Un sistema deportivo s"
P0778,96,IV. Balance sectorial,Sector Deporte,8.4875,1.7535,8,3,10,La estructura con la que se opera tampoco ayuda. El Ministerio funciona con una planta de 180 empleos y una dependencia muy alta de la contratación: 1.192 contratos figuran en ejecución y 667 contrati
P0779,96,IV. Balance sectorial,Sector Deporte,6.8691,3.3134,5,2,0,A quién afecta todo esto es fácil de responder. Al deportista que no sabe si tendrá con qué entrenar en octubre. A las federaciones que no pueden inscribir delegaciones. A los 615.014 jóvenes que part
P0780,96,IV. Balance sectorial,Sector Deporte,7.6208,0.2163,7,3,8,"El impacto se verá reflejado con los deportistas de la base y de recambio generacional, esto se evidenció en los resultados de los juegos suramericanos de la juventud, en Panamá 2026, donde Colombia d"
P0781,96,IV. Balance sectorial,Sector Deporte,9.9416,-0.3671,6,12,12,"El reto de este Gobierno no es prometer medallas: es devolverle al deporte colombiano algo más elemental, que es certeza. Certificar con rigor qué es obligación cierta y qué es estimación, para no con"
P0782,96,IV. Balance sectorial,Sector Deporte,9.2369,-0.6416,6,6,6,"Decidir, proyecto por proyecto, qué obra se cierra, cuál continúa y cuál se reprograma. Y reconstruir una inspección que funcione. El deporte cambió la vida de miles de familias colombianas; merece un"
P0783,97,IV. Balance sectorial,Sector Educación Nacional,8.8193,0.0325,7,8,12,"Al mismo tiempo que se cerraba la puerta del crédito educativo a miles de jóvenes, se firmaban compromisos que atan el presupuesto de la educación hasta 2036."
P0784,97,IV. Balance sectorial,Sector Educación Nacional,8.6231,2.865,6,8,12,"Cómo se administró la educación en los últimos cuatro años. La primera fue restringir el acceso al crédito educativo en el presente. La segunda, comprometer recursos por más de una década justo antes "
P0785,97,IV. Balance sectorial,Sector Educación Nacional,9.3441,0.5907,7,2,12,"El gobierno saliente aumentó recursos y amplió programas, pero dejó brechas de acceso, permanencia y calidad mientras comprometía una parte significativa del presupuesto educativo hasta 2036."
P0786,97,IV. Balance sectorial,Sector Educación Nacional,8.7263,3.8634,11,7,5,Durante el empalme se puso en conocimiento de la Contraloría que el Ministerio de Educación adelantaba actuaciones para comprometer recursos por cerca de $7 billones antes de finalizar el periodo rela
P0787,97,IV. Balance sectorial,Sector Educación Nacional,8.8702,2.4557,8,8,12,Dentro de este panorama merece especial atención un proceso diferente: la contratación estructurada para la implementación del Programa de Tutorías para el Aprendizaje y la Formación Integral (PTAFI 3
P0788,97,IV. Balance sectorial,Sector Educación Nacional,11.3659,2.987,8,8,12,"El 31 de julio de 2026, seis días antes del cambio de gobierno, se expidieron además los Decretos 0932, 0933 y 0934, mediante los cuales el Gobierno reglamentó aspectos estructurales para la puesta en"
P0791,97,IV. Balance sectorial,Sector Educación Nacional,11.4147,1.8407,8,8,12,"Ministra de Educación Nacional financiero del SEIP como una sección del Presupuesto General de la Nación, con autonomía administrativa y personería jurídica. La preocupación no está en la existencia d"
P0793,98,IV. Balance sectorial,Sector Educación Nacional,11.3024,1.5288,8,8,12,"La alerta no está en el derecho ni en la existencia del SEIP, sino en haber expedido, al cierre del Gobierno, una reglamentación fiscal, administrativa y laboral de esta magnitud sin dejar plenamente "
P0794,98,IV. Balance sectorial,Sector Educación Nacional,8.1134,2.4303,9,12,2,"Nada de esto es abstracto para las familias. El Programa de Alimentación Escolar debe atender a más de 6,2 millones de estudiantes en 2026, y el empalme identificó a más de 860.000 en riesgo por retra"
P0795,98,IV. Balance sectorial,Sector Educación Nacional,7.0824,3.6881,9,6,9,A este panorama se suma una situación especialmente sensible: la del Fondo Nacional de Prestaciones Sociales del Magisterio (FOMAG). Aquí las cifras tienen rostro: son maestros y sus familias esperand
P0796,98,IV. Balance sectorial,Sector Educación Nacional,8.9418,0.571,3,6,12,"El problema no quedó atrás. Durante 2026, los organismos de control siguieron advirtiendo dificultades en la entrega de medicamentos, la asignación de citas, el transporte de pacientes y la oportunida"
P0797,98,IV. Balance sectorial,Sector Educación Nacional,7.1185,3.5558,5,2,5,"En 2025, de 9.305 solicitudes de pensión revisadas, apenas 2.034 fueron reconocidas y pagadas dentro de los términos, mientras 7.271 (cerca de ocho de cada diez) fueron atendidas de manera inoportuna."
P0798,98,IV. Balance sectorial,Sector Educación Nacional,6.7208,3.8789,9,8,9,"Al mismo tiempo, el Fondo arrastra decisiones financieras y contractuales que requieren una revisión rigurosa. La Contraloría documentó 10 contratos de transacción suscritos en 2023 y 2024 por cerca d"
P0799,99,IV. Balance sectorial,Sector Educación Nacional,9.6449,-0.3586,6,6,9,"En definitiva, recibimos un sector que gastó mucho y midió poco. La prioridad es devolverle previsibilidad: garantizar que ningún niño se quede sin almuerzo escolar por un contrato mal planeado, resta"
P0800,100,IV. Balance sectorial,Sector Hacienda y Crédito Público,6.5364,3.1416,9,8,5,Un Ministerio de Hacienda se recibe con dos preguntas: cuánta caja hay y a qué precio está la deuda. En agosto de 2026 las dos respuestas apuntan en la dirección equivocada.
P0801,100,IV. Balance sectorial,Sector Hacienda y Crédito Público,6.0004,3.4722,12,2,5,"La caja en pesos del Ministerio se reportó en 16 billones al 31 de mayo de 2026, frente a un rango histórico de entre 30 y 40 billones, con una proyección de 7,1 billones al cierre del año. El déficit"
P0802,100,IV. Balance sectorial,Sector Hacienda y Crédito Público,6.7001,2.7847,9,8,12,"La deuda explica buena parte del problema. La auditoría de la Contraloría General encontró que el límite de adjudicación por emisión de TES se elevó del 50 % al 100 %, lo que permitió concentrar la de"
P0803,100,IV. Balance sectorial,Sector Hacienda y Crédito Público,6.4546,3.6141,9,2,5,"Obligaciones antiguas a tasas bajas fueron reemplazadas por obligaciones casi al doble de costo, que pagarán los colombianos con sus impuestos durante años. La Contraloría advirtió un posible detrimen"
P0804,100,IV. Balance sectorial,Sector Hacienda y Crédito Público,4.9587,5.5008,4,2,10,"Del otro lado de la ecuación está el recaudo, y ahí la capacidad del Estado se dejó debilitar. La DIAN recaudó $294,5 billones brutos en 2025 y enfrenta una meta neta de $292,9 billones para 2026, con"
P0805,100,IV. Balance sectorial,Sector Hacienda y Crédito Público,5.5562,5.228,1,2,9,"El deterioro se repite en las entidades del sector. El Fondo Nacional del Ahorro, que administra las cesantías de más de 800 mil trabajadores, presenta un descalce estructural de $3,7 billones entre a"
P0809,100,IV. Balance sectorial,Sector Hacienda y Crédito Público,4.5998,5.749,4,2,0,Ministro de Hacienda y Crédito Público y 2025. FINDETER prestó $328.000 millones a AIRE con inconsistencias documentales y sin soporte en los supuestos del modelo de riesgo; la empresa fue intervenida
P0810,101,IV. Balance sectorial,Sector Hacienda y Crédito Público,6.3064,3.5669,9,2,9,"Nada de esto se queda en los balances. Coljuegos dejó prescribir cobros por $34.023 millones y el juego ilegal deja de transferir cerca de 1,5 billones de pesos al año que estaban destinados a la salu"
P0811,101,IV. Balance sectorial,Sector Hacienda y Crédito Público,10.2804,-0.1666,6,10,12,"El reto de este Gobierno es recuperar el mando fiscal con transparencia. Eso significa un plan de caja verificado que concilie disponibilidad, PAC, vencimientos y pagos judiciales;"
P0812,101,IV. Balance sectorial,Sector Hacienda y Crédito Público,11.297,1.4118,6,12,12,una estrategia de recaudo que enfrente en serio la evasión y el contrabando y que devuelva a la DIAN la capacidad tecnológica que pagó y no recibió; una revisión técnica e independiente de las operaci
P0813,101,IV. Balance sectorial,Sector Hacienda y Crédito Público,9.1734,0.2149,3,0,7,Las cuentas públicas son la forma más concreta en que un Estado le dice la verdad a sus ciudadanos. Empezamos por ahí.
P0814,102,IV. Balance sectorial,Sector Inclusión Social y Reconciliación,7.8585,3.1651,8,11,3,Esta es la fotografía de lo que encontramos en el empalme y en la recepción del Sector de la Inclusión Social y Reconciliación. En Prosperidad Social: una entidad con la caja de su programa insignia a
P0815,102,IV. Balance sectorial,Sector Inclusión Social y Reconciliación,10.6167,1.749,3,8,1,"A partir de ahora adelantaremos una auditoría directa sobre la gestión recibida en cada uno de estos frentes, por lo que es previsible que surjan nuevos hallazgos. Presentaremos las denuncias correspo"
P0816,102,IV. Balance sectorial,Sector Inclusión Social y Reconciliación,5.1684,4.7858,4,2,5,"Para cerca de tres millones de colombianos mayores que viven en la pobreza y no tienen pensión, Colombia Mayor no es un programa entre otros: para la gran mayoría de ellos es el único ingreso que reci"
P0817,102,IV. Balance sectorial,Sector Inclusión Social y Reconciliación,7.9312,2.9423,9,2,0,"Ampliar un beneficio sin asegurar la fuente presupuestal que lo financia no es una decisión técnica: es trasladarle el riesgo a quien menos puede asumirlo. De los beneficiarios del programa, 527.602 s"
P0818,102,IV. Balance sectorial,Sector Inclusión Social y Reconciliación,5.4028,5.0293,4,2,5,"En el sector, el problema no es solo de caja: también es de ejecución. La Unidad para las Víctimas cerró el primer semestre de 2026 con una ejecución del 11,55 % sobre $4,41 billones apropiados, la má"
P0819,102,IV. Balance sectorial,Sector Inclusión Social y Reconciliación,5.2522,5.1917,4,2,0,"La emergencia por bajas temperaturas ilustra el patrón con crudeza: $408.560 millones asignados a Prosperidad Social mediante los Decretos 0241 y 0366 de 2026 registraban, al"
P0823,102,IV. Balance sectorial,Sector Inclusión Social y Reconciliación,7.8929,3.3665,8,7,5,"Directora General del Departamento Administrativo para la Prosperidad Social 30 de junio, una ejecución del 0 %, pese a que los recursos llevaban dos meses disponibles y los damnificados continuaban a"
P0824,103,IV. Balance sectorial,Sector Inclusión Social y Reconciliación,9.1306,1.4635,3,2,5,"Donde sí hubo ejecución, la forma de contratar también genera alertas. El 98,1 % del valor contratado por el anterior gobierno se concentró en modalidades distintas a la licitación pública o a proceso"
P0826,103,IV. Balance sectorial,Sector Inclusión Social y Reconciliación,6.9037,3.6978,9,11,0,"En este, haciendo uso del régimen especial de contratación de Prosperidad Social, la entidad comprometió $33 mil millones frente a una contrapartida en especie de solo $336 millones (el 0,991 % del va"
P0827,103,IV. Balance sectorial,Sector Inclusión Social y Reconciliación,4.9823,5.6535,4,0,0,"La Contraloría mantiene, además, vigente una función de advertencia sobre 1.154 convenios de infraestructura social por $2,33 billones: 49 cancelados; 20 suspendidos por más de 48 meses, con $37.583 m"
P0829,103,IV. Balance sectorial,Sector Inclusión Social y Reconciliación,10.9519,2.9567,0,3,5,"En el Centro Nacional de Memoria Histórica, que custodia un archivo de derechos humanos irreemplazable y adelanta la obra del Museo de Memoria, la ejecución presupuestal comprometida llegaba al 39,96 "
P0830,103,IV. Balance sectorial,Sector Inclusión Social y Reconciliación,8.3953,1.5267,6,6,7,"Este Gobierno recibe, entonces, la principal red de protección social del país con la caja desfinanciada, la reparación a las víctimas prácticamente detenida y una contratación que dejó de competir. N"
P0831,103,IV. Balance sectorial,Sector Inclusión Social y Reconciliación,11.3343,2.0695,8,9,6,"La política social se juzga por lo que llega, no por lo que se anuncia, y este diagnóstico no se queda en el papel. La auditoría directa que estamos iniciando cubrirá los convenios de asociación, el r"
P0832,104,IV. Balance sectorial,Sector Interior,8.0822,1.9289,8,5,10,"El sector Interior y Gobierno se recibe con la conducción política de la gobernabilidad del país, pero también con capacidades operativas que no admiten interrupción y con varios plazos venciéndose de"
P0833,104,IV. Balance sectorial,Sector Interior,8.4591,2.9825,8,0,10,"Ese no es el único frente crítico. La Imprenta Nacional suscribió con la Casa de la Moneda de Portugal un convenio interadministrativo internacional por 255 millones de euros a diez años, mediante con"
P0834,104,IV. Balance sectorial,Sector Interior,6.9923,4.3998,1,2,10,"A esto se suman decisiones de gestión que comprometen recursos y capacidad institucional sin la debida planeación. La Corporación Nasa Kiwe mantiene 610 contratos con plazo vencido sin liquidar, por $"
P0835,104,IV. Balance sectorial,Sector Interior,10.4229,0.0773,6,0,7,"El costo de esta acumulación de plazos y decisiones sin cerrar recae sobre personas concretas. El pasaporte es el documento con el que cualquier ciudadano acredita su identidad, viaja o trabaja en el "
P0839,104,IV. Balance sectorial,Sector Interior,11.3171,1.8182,8,10,12,"Ministro del Interior judicial: un vacío presupuestal en esos contratos no es un problema administrativo, es un riesgo humano inmediato. Y el sector programa para 2027 una contracción del 10,3% frente"
P0840,105,IV. Balance sectorial,Sector Interior,10.5334,0.3186,6,0,7,Los recursos y la continuidad del servicio de la UNP es una prioridad; así como seguir de cerca el proceso jurídico del convenio de pasaportes con Portugal para evitar traumatismos con la expedición. 
P0843,106,IV. Balance sectorial,Sector Justicia y del Derecho,8.0844,-0.0407,2,3,12,"El hacinamiento carcelario llegó al 28,01% en los establecimientos de reclusión y al 95,5% en los centros transitorios. El 41,4% de las personas privadas de la libertad duerme en el piso por falta de "
P0845,106,IV. Balance sectorial,Sector Justicia y del Derecho,4.9551,5.7286,4,2,6,"Lo grave es que el dinero para corregirlo sí se giró. La revisión de la gestión contractual de la USPEC y el INPEC identificó 119 hallazgos con un impacto económico por precisar, e interventores que a"
P0846,106,IV. Balance sectorial,Sector Justicia y del Derecho,11.7991,1.6781,2,8,9,"La salud dentro de las cárceles corrió la misma suerte: la Contraloría formuló 135 hallazgos en salud intramural, con 2.239 procedimientos y 4.137 medicamentos represados. El país está a un paso de un"
P0847,106,IV. Balance sectorial,Sector Justicia y del Derecho,7.0495,3.9787,9,2,10,"Fuera de las cárceles, la fe pública quedó en el aire. El concurso para proveer entre 329 y 340 notarías está suspendido por el Consejo de Estado desde el 22 de mayo de 2026 por falta de publicación p"
P0848,106,IV. Balance sectorial,Sector Justicia y del Derecho,5.3259,5.4881,4,12,5,"El Estado, además, se está volviendo su propio deudor. La litigiosidad en su contra alcanza 284.351 procesos activos con pretensiones por $807,55 billones, y la deuda judicial exigible asciende a $17,"
P0852,106,IV. Balance sectorial,Sector Justicia y del Derecho,8.8345,1.2728,8,10,11,"Ministro de Justicia y del Derecho En política criminal el vacío es literal: el CONPES 4089 feneció el 31 de diciembre de 2025 y el país entra a un nuevo cuatrienio sin hoja de ruta vigente, en un con"
P0853,107,IV. Balance sectorial,Sector Justicia y del Derecho,8.8685,1.8172,7,10,5,"Todo esto ocurre con un sector que a junio de 2026 había comprometido el 54,4 % de su presupuesto y obligado apenas el 34,5 %. No es un problema de recursos: es de conducción."
P0855,107,IV. Balance sectorial,Sector Justicia y del Derecho,11.382,1.2349,6,6,11,un plan de choque penitenciario que entregue cupos reales y no actas de obra; el desbloqueo de los concursos notariales y de curadores con reglas transparentes; una política criminal y de drogas adopt
P0859,108,IV. Balance sectorial,Sector Minas y Energía,7.9953,0.9525,6,10,8,"Ministra de Minas y Energía Recibimos el sector de Minas y Energía con la estabilidad institucional, la credibilidad regulatoria y las señales de inversión debilitadas, justo cuando el país más necesi"
P0860,108,IV. Balance sectorial,Sector Minas y Energía,7.9566,0.854,7,11,11,"Estas páginas exponen dos cosas: el estado en que recibimos el sector, con cifras, y las decisiones con las que vamos a responder. Primero en energía —confiabilidad del sistema, abastecimiento de gas,"
P0861,108,IV. Balance sectorial,Sector Minas y Energía,7.45,0.973,7,9,8,"En materia energética, Colombia enfrenta al mismo tiempo cuatro riesgos: un déficit creciente de energía firme, una oferta de gas natural cada vez más estrecha, una crisis financiera que amenaza la so"
P0862,108,IV. Balance sectorial,Sector Minas y Energía,8.579,0.7471,3,0,11,"En materia minera, la extracción ilícita de minerales es hoy una amenaza para la seguridad, la gobernabilidad, la protección ambiental, la extracción formal y con vocación de formalización, el desarro"
P0864,108,IV. Balance sectorial,Sector Minas y Energía,6.8813,1.5163,12,11,8,"Colombia pasó de un superávit de energía firme cercano al 2 % en 2022 a un déficit del 4,4 % en 2026."
P0865,108,IV. Balance sectorial,Sector Minas y Energía,7.2166,1.5657,9,6,8,"De los 4.475 MW de nueva generación esperados para 2026 solo ha entrado en operación el 15,5 %, y cerca del 60 % de los proyectos de transmisión presenta atrasos."
P0866,108,IV. Balance sectorial,Sector Minas y Energía,5.7272,3.6904,12,11,8,"Las reservas probadas de gas equivalen hoy a unos 5,9 años de autonomía, con un posible déficit nacional desde febrero de 2027."
P0868,109,IV. Balance sectorial,Sector Minas y Energía,5.7282,3.9626,12,6,11,La extracción ilícita de oro mueve más de 3.000 millones de dólares al año y ha degradado más de 80.000 hectáreas del territorio nacional.
P0869,109,IV. Balance sectorial,Sector Minas y Energía,7.1696,1.2991,7,6,8,"Energía En energía eléctrica , según la información recogida durante el empalme, el país pasó de un superávit de energía firme cercano al 2 % en 2022 a un déficit del 4,4 % en 2026, con riesgo de défi"
P0870,109,IV. Balance sectorial,Sector Minas y Energía,7.3579,1.3726,7,6,8,"El problema no es únicamente de generación. La UPME destinó una parte importante de sus recursos técnicos a los procesos de asignación de capacidad de conexión, mientras se acumulaban retrasos en la e"
P0871,109,IV. Balance sectorial,Sector Minas y Energía,7.2419,1.3904,7,9,8,A esta situación eléctrica se suma un desafío igualmente urgente: el abastecimiento de gas natural. En el primer trimestre de 2026 Colombia importó el 23 % de su demanda nacional y lo que va corrido d
P0872,109,IV. Balance sectorial,Sector Minas y Energía,7.3954,0.9725,7,10,8,"Ante un escenario severo de El Niño, los requerimientos térmicos podrían elevar considerablemente la demanda de gas. Los análisis disponibles estiman un déficit potencial superior a 100 GBTUD aun cons"
P0873,109,IV. Balance sectorial,Sector Minas y Energía,7.4753,0.8352,7,10,8,"Colombia necesita, por tanto, una estrategia de portafolio de gas que permita atravesar el período crítico hasta la entrada de nuevas fuentes de producción. Esto implica acelerar la ampliación de SPEC"
P0874,110,IV. Balance sectorial,Sector Minas y Energía,7.5953,0.8913,7,9,8,La situación financiera del sector agrega una tercera dimensión a esta crisis. El atraso en el pago de subsidios y las obligaciones acumuladas con agentes del sistema han generado una presión de caja 
P0875,110,IV. Balance sectorial,Sector Minas y Energía,6.0553,3.7535,1,11,8,"El caso más crítico es Air-e. La empresa que presta el servicio a más de 1,3 millones de familias en Atlántico, Magdalena y La Guajira pasó de un patrimonio positivo de $2,22 billones en 2023 a uno ne"
P0876,110,IV. Balance sectorial,Sector Minas y Energía,7.6275,0.7513,7,8,12,"Por ello, Air-e requiere simultáneamente una solución de liquidez inmediata y la definición de un modelo estructural de prestación. No basta con financiar las obligaciones existentes si cada mes se co"
P0877,110,IV. Balance sectorial,Sector Minas y Energía,8.1731,0.6785,7,6,8,Pero el problema del Caribe no termina en Air-e: la región no puede seguir abordándose empresa por empresa. Colombia necesita una solución estructural para la prestación del servicio eléctrico en el C
P0879,110,IV. Balance sectorial,Sector Minas y Energía,7.5686,0.8983,7,10,8,"Mesas de trabajo de alto nivel para la seguridad energética, con seguimiento periódico y público a embalses, demanda, gas, combustibles, restricciones y proyectos críticos."
P0882,110,IV. Balance sectorial,Sector Minas y Energía,9.3174,0.829,7,1,8,"Preparar desde ya la gestión eficiente de la demanda ante un eventual fenómeno de El Niño, con medidas graduales, pedagogía pública y reglas conocidas de antemano por hogares, comercio e industria."
P0883,110,IV. Balance sectorial,Sector Minas y Energía,7.4738,0.8863,7,10,8,"El objetivo de fondo es recuperar la seguridad y la soberanía energética del país, reduciendo su exposición estructural a importaciones costosas. Eso exige recuperar la capacidad de planeación de larg"
P0884,111,IV. Balance sectorial,Sector Minas y Energía,7.8849,0.5757,7,6,8,"La seguridad energética no se juega solo en el sistema eléctrico y en el gas. También depende de que el país pueda aprovechar sus recursos minerales con reglas estables, porque de ahí salen regalías, "
P0886,111,IV. Balance sectorial,Sector Minas y Energía,9.0501,2.4471,8,4,6,"Entre 2022 y 2026 se expidieron 333 normas con ese propósito, y a ellas se sumaron la declaratoria de Áreas de Protección para la Producción de Alimentos (APPA), los Territorios Campesinos Agroaliment"
P0887,111,IV. Balance sectorial,Sector Minas y Energía,5.9408,3.8482,12,6,11,"La extracción ilícita de oro por parte de grupos criminales mueve en Colombia más de 3.000 millones de dólares al año. Recuperar ese mercado para la economía formal aumentaría en 6,1 billones de pesos"
P0888,111,IV. Balance sectorial,Sector Minas y Energía,5.8212,3.9222,12,6,11,la extracción ilícita ha afectado más de 80.000 hectáreas del territorio nacional y recuperar una sola hectárea degradada le cuesta al Estado alrededor de 70 millones de pesos.
P0889,111,IV. Balance sectorial,Sector Minas y Energía,6.1653,3.9708,9,11,11,"A cierre de 2025, el pasivo ambiental acumulado por la extracción ilícita de minerales en Colombia ascendía a 6.02 billones de pesos, según la información recogida durante el empalme."
P0890,111,IV. Balance sectorial,Sector Minas y Energía,8.2243,0.1363,7,6,6,"A esto se suman los bloqueos a las operaciones mineras y en vías nacionales. Su efecto no se limita a la producción: reducen el empleo, disminuyen los ingresos por regalías e impuestos y recortan los "
P0892,111,IV. Balance sectorial,Sector Minas y Energía,9.1704,3.7735,8,9,11,"Mesa interinstitucional contra la extracción ilícita de minerales, con Defensa, Interior, Ambiente, la Fiscalía, la Agencia Nacional de Minería y los territorios, para recuperar el control estatal y c"
P0893,111,IV. Balance sectorial,Sector Minas y Energía,8.4128,1.0247,7,10,11,"Trazabilidad del mineral, desde el origen hasta la comercialización y la exportación, como condición para separar la minería que cumple de la que financia criminalidad."
P0894,111,IV. Balance sectorial,Sector Minas y Energía,10.037,0.3872,6,10,11,"Formalización con ruta, requisitos y tiempos definidos para la pequeña minería que quiere ser legal, distinguiéndola con precisión de la economía criminal."
P0895,111,IV. Balance sectorial,Sector Minas y Energía,9.368,2.4049,8,12,11,"Seguridad jurídica y ordenamiento predecible: revisar, con criterio técnico y jurídico, las figuras que hoy restringen la actividad —Áreas de Protección para la Producción de Alimentos (APPA), Territo"
P0896,112,IV. Balance sectorial,Sector Minas y Energía,8.4835,2.4724,7,2,10,"Lo que encontramos en contratación La exigencia de cuentas claras empieza por casa. En contratación de prestación de servicios con persona natural, el Ministerio pasó de 551 contratos en 2022 a 1.860 "
P0897,112,IV. Balance sectorial,Sector Minas y Energía,10.1561,0.8452,3,6,10,"Un crecimiento de esa magnitud exige explicación y ajuste. Haremos una revisión dependencia por dependencia para verificar la pertinencia, la justificación técnica y los resultados de cada contrato vi"
P0898,112,IV. Balance sectorial,Sector Minas y Energía,7.6171,0.7973,7,10,8,"Los problemas que recibimos no pueden seguir aplazándose. Nuestra prioridad será evitar que la falta de energía, de gas o de liquidez termine convirtiéndose en una crisis para los hogares y para la ec"
P0899,112,IV. Balance sectorial,Sector Minas y Energía,10.1235,0.453,6,4,7,"La soberanía energética debe ser una política de Estado, no una consigna de gobierno. Se construye con planeación seria, cuentas claras, instituciones fuertes, inversión y decisiones oportunas; nunca "
P0900,112,IV. Balance sectorial,Sector Minas y Energía,9.961,-0.2617,6,8,8,"Trabajaremos para avanzar de manera inmediata en estos propósitos, con una visión también de largo plazo, y con una regla que nos obliga: rendir cuentas."
P0904,113,IV. Balance sectorial,Sector Presidencia de la República,11.4499,3.2708,8,7,5,"Director del Departamento Administrativo de la Presidencia de la República Además de la concentración en una sola entidad, su ejecución y resultados son altamente débiles para el sector que dirige el "
P0905,113,IV. Balance sectorial,Sector Presidencia de la República,4.9656,5.3571,4,2,5,"Entre 2022 y 2026 el sector Presidencia recibió apropiaciones por $18,49 billones y pagó $2,79 billones: una ejecución del 15,1 % en cuatro años. En 2026 la cifra cae al 3,0 %. La UNGRD concentró cerc"
P0906,113,IV. Balance sectorial,Sector Presidencia de la República,6.1091,4.8118,1,7,0,"El problema se agrava por las debilidades de control y trazabilidad identificadas por los organismos de control y en los ejercicios de seguimiento presupuestal, sobre recursos de gran magnitud: $856.2"
P0907,113,IV. Balance sectorial,Sector Presidencia de la República,9.4737,1.5931,3,3,1,"Los desembolsos del 100 % se hicieron a semanas antes del cambio de gobierno, con ejecución proyectada hasta 2027. En una entidad responsable de anticipar y responder ante emergencias, el riesgo es do"
P0908,113,IV. Balance sectorial,Sector Presidencia de la República,7.8368,3.7953,11,0,4,La respuesta institucional al fenómeno de El Niño siguió la misma lógica. El Decreto 802 de 2026 declaró la situación de desastre nacional y habilitó al Ministerio de Hacienda a hacer “los traslados n
P0910,113,IV. Balance sectorial,Sector Presidencia de la República,8.66,3.9566,11,2,6,"La Agencia de Renovación del Territorio tiene $1,714 billones en proyectos aprobados y sin contratar: si no se formalizan a tiempo, los recursos se liberan y los proyectos quedan desaprobados. El 53 %"
P0911,114,IV. Balance sectorial,Sector Presidencia de la República,6.4934,4.9763,1,7,0,"El Fondo Mujer Libre y Productiva ejecutó cerca de $172 millones de los $55.142 millones adicionados, aproximadamente el 0,3 %, destinados a personal de apoyo. Según el memorando de la Dirección Ejecu"
P0912,114,IV. Balance sectorial,Sector Presidencia de la República,7.0274,4.0948,9,2,5,"Las cuentas del sector tampoco resisten el escrutinio de la Contraloría. Aunque la ejecución presupuestal de la ARN fue conceptuada como razonable, la CGR emitió opinión contable negativa y no feneció"
P0913,114,IV. Balance sectorial,Sector Presidencia de la República,4.7497,5.5457,4,2,0,El Departamento Administrativo de la Presidencia cerró mayo de 2026 con un resultado operacional negativo de $166.578 millones y $148.013 millones pendientes de legalización. Y el sector acumula $612.
P0914,114,IV. Balance sectorial,Sector Presidencia de la República,8.2394,2.1307,7,11,7,"Al final, la factura se traslada al Estado y exige responder con mayor responsabilidad por el cuidado de los recursos públicos. Colombia enfrenta actualmente 19 arbitrajes internacionales de inversión"
P0915,114,IV. Balance sectorial,Sector Presidencia de la República,9.0509,0.0921,7,5,7,"En un contexto de mayores presiones sobre las finanzas públicas y de menores recursos complementarios, resulta fundamental fortalecer la prevención del litigio, mejorar la gestión de los recursos y pr"
P0916,114,IV. Balance sectorial,Sector Presidencia de la República,9.734,-0.3161,6,9,7,"Recibimos el centro del Estado convertido en su propio cuello de botella. Nuestra tarea es devolverle la capacidad de ejecutar y responder: trazabilidad completa de cada peso girado por anticipado, co"
P0917,115,IV. Balance sectorial,Sector Relaciones Exteriores,7.4843,2.4193,5,3,9,"Se abrieron once embajadas y diez consulados y se financiaron sedes temporales de tres meses, mientras los consulados permanentes seguían sin poder atender a la gente."
P0918,115,IV. Balance sectorial,Sector Relaciones Exteriores,8.3485,1.8255,7,8,7,"La política exterior de un país se mide, entre otras cosas, por algo muy concreto: si un colombiano en el exterior puede renovar su pasaporte, registrar a su hijo o pedir una cita sin esperar meses. D"
P0919,115,IV. Balance sectorial,Sector Relaciones Exteriores,5.1406,5.4192,4,2,8,"El crecimiento no vino acompañado de sostenibilidad. El Fondo Rotatorio del Ministerio reporta un déficit de funcionamiento de $168.425 millones para lo que resta de 2026, tras un traslado interno de "
P0920,115,IV. Balance sectorial,Sector Relaciones Exteriores,6.7996,3.7014,9,7,0,"Mientras tanto, se financiaron espacios efímeros. Las llamadas Casas Colombia (sedes temporales, eventos y operaciones de apenas 90 a 120 días) habrían recibido más de $8.500 millones, girados directa"
P0921,115,IV. Balance sectorial,Sector Relaciones Exteriores,7.5151,3.3417,9,0,7,"En los trámites esenciales el riesgo es mayor. Los convenios del nuevo modelo de expedición de pasaportes y cédulas de extranjería superan $1,3 billones, están vigentes hasta 2036 y enfrentan tres pro"
P0925,115,IV. Balance sectorial,Sector Relaciones Exteriores,11.6217,2.1891,0,9,12,Ministro de Relaciones Exteriores nuevo Gobierno debe verificar la operación real de la Imprenta Nacional antes de que un fallo o una falla técnica deje sin pasaporte a miles de personas.
P0926,116,IV. Balance sectorial,Sector Relaciones Exteriores,8.6361,3.0916,8,7,10,"La estructura interna también quedó desbalanceada. Frente a una planta interna de 712 cargos, la Cancillería mantiene alrededor de 764 contratos de prestación de servicios: una nómina paralela atípica"
P0927,116,IV. Balance sectorial,Sector Relaciones Exteriores,8.5832,2.435,8,12,2,"En la frontera, el control tiene sus propios vacíos. Migración Colombia atendió 10.903.500 movimientos migratorios entre enero y junio de 2026 con una ejecución presupuestal del 51,34 %, y su inventar"
P0928,116,IV. Balance sectorial,Sector Relaciones Exteriores,9.68,1.3935,3,1,2,"Las auditorías internas advierten además riesgos de suplantación durante el enrolamiento biométrico y registros duplicados en la plataforma que soporta las decisiones sobre ingreso, permanencia y depo"
P0929,116,IV. Balance sectorial,Sector Relaciones Exteriores,8.4503,1.8753,8,9,7,"Este Ministerio no se reconstruye con declaraciones. Se reconstruye evaluando sede por sede qué aporta cada embajada y cada consulado, cerrando el hueco financiero del Fondo Rotatorio, auditando el mo"
P0931,117,IV. Balance sectorial,Sector Salud y Protección Social,7.7078,3.6015,11,2,9,"Ocho Entidades Promotoras de Salud (EPS) fueron intervenidas por la Superintendencia Nacional de Salud, las cuales concentraron 27,8 millones de afiliados (más del 50% de la población asegurada del pa"
P0932,117,IV. Balance sectorial,Sector Salud y Protección Social,9.1335,0.9988,3,5,9,"El costo humano está documentado. Según los datos de la Superintendencia, entre 2022 y lo corrido de 2026, se acumularon más de 1,5 millones de peticiones, quejas y reclamos en las EPS intervenidas, d"
P0933,117,IV. Balance sectorial,Sector Salud y Protección Social,9.6186,1.7003,3,2,9,"Adicionalmente, la Superintendencia presenta un represamiento de más de 30.000 casos sin radicar en el canal web, uno de los medios más utilizados por la ciudadanía, situación que está generando retra"
P0934,117,IV. Balance sectorial,Sector Salud y Protección Social,4.9603,5.0907,4,2,9,"La deuda es el otro rostro de la crisis. De acuerdo con información oficial, las cuentas por cobrar de las Instituciones Prestadoras de Servicios de Salud (IPS) frente a las EPS que se encontraban act"
P0935,117,IV. Balance sectorial,Sector Salud y Protección Social,4.8532,5.2828,4,2,9,"El crecimiento de la cartera se presenta tanto en las IPS privadas como en las IPS públicas, aunque con diferencias importantes en su magnitud. En las IPS privadas, la cartera neta frente a las EPS in"
P0939,117,IV. Balance sectorial,Sector Salud y Protección Social,4.8158,5.2542,4,2,9,"Ministra de Salud y Protección Social En las IPS públicas se observa un crecimiento aún más pronunciado de las cuentas por cobrar frente a las EPS intervenidas. La cartera neta pasó de $2,02 billones "
P0940,118,IV. Balance sectorial,Sector Salud y Protección Social,8.7385,2.1328,9,5,9,"En las IPS públicas al igual que en las privadas, el crecimiento de la cartera de las primeras fue más elevado frente a las EPS intervenidas que frente a las demás EPS, sin embargo, la diferencia es p"
P0941,118,IV. Balance sectorial,Sector Salud y Protección Social,6.7797,4.3969,1,2,9,"Mientras el sistema se desfinanciaba, el Ministerio, desde el último trimestre de 2022 hasta junio de 2026 asignó recursos por $16,1 billones, de los cuales giró $10 billones para la financiación de E"
P0942,118,IV. Balance sectorial,Sector Salud y Protección Social,7.3657,4.0556,11,3,9,"Algo semejante ocurrió con los Equipos Básicos en Salud: entre el último trimestre de 2022 a junio de 2026 se asignaron más de $6,8 billones a financiarlos en todo el país, cuya ejecución a junio es a"
P0943,118,IV. Balance sectorial,Sector Salud y Protección Social,11.7081,1.8719,0,9,9,"El deterioro se confirma en los controles. La Contraloría no feneció la cuenta fiscal 2025 del Ministerio y formuló 21 hallazgos administrativos, 17 con incidencia disciplinaria y uno fiscal. La Corte"
P0944,119,IV. Balance sectorial,Sector Salud y Protección Social,9.3047,0.4989,7,2,9,"Colombia tiene una cobertura de afiliación del 99,56 %, pero 225 municipios están por debajo del 67%. Esa distancia entre el carné y la atención efectiva es el problema que este Gobierno viene a resol"
P0945,120,IV. Balance sectorial,Sector Tecnologías de la Información y las Comunicaciones,10.3441,2.5478,3,9,11,Recibo la responsabilidad de liderar el Ministerio de Tecnologías de la Información y las Comunicaciones con una convicción clara: el tiempo perdido en materia tecnológica no se recupera solamente con
P0946,120,IV. Balance sectorial,Sector Tecnologías de la Información y las Comunicaciones,7.7283,0.4862,7,3,8,"El diagnóstico inicial que hoy ponemos a consideración del país revela una preocupación profunda. Colombia ha perdido posicionamiento internacional en asuntos determinantes para su futuro, como el gob"
P0947,120,IV. Balance sectorial,Sector Tecnologías de la Información y las Comunicaciones,8.1537,0.4559,7,3,7,Detrás de cada retroceso hay una consecuencia concreta: una familia que no accede a educación virtual de calidad; una empresa que no logra vender en nuevos mercados; un emprendedor que no dispone de h
P0948,120,IV. Balance sectorial,Sector Tecnologías de la Información y las Comunicaciones,7.79,0.4033,7,8,3,"La tecnología no es un sector aislado, es el motor habilitador de todos los sectores: de la educación, la salud, la seguridad, la justicia, la productividad empresarial, la agricultura, la cultura, el"
P0950,120,IV. Balance sectorial,Sector Tecnologías de la Información y las Comunicaciones,7.8642,0.3977,7,4,7,"En los últimos años, el sector TIC ha dejado de actuar como el ecosistema cohesionado que Colombia necesita. Encontramos actores desconectados, desarticulados y, en muchos casos, sin incentivos para i"
P0951,120,IV. Balance sectorial,Sector Tecnologías de la Información y las Comunicaciones,9.2269,0.1652,7,5,4,"Colombia requiere una relación madura, transparente, que cuide el cumplimiento de las responsabilidades y permanente con el sector productivo y tecnológico: una relación que cuide la competencia promu"
P0955,120,IV. Balance sectorial,Sector Tecnologías de la Información y las Comunicaciones,10.2836,2.4718,3,8,3,"Ministra de Tecnologías de la Información y las Comunicaciones transformación digital real sin industria; pero tampoco habrá desarrollo sostenible sin un Estado capaz de orientar, regular, ejecutar y "
P0956,121,IV. Balance sectorial,Sector Tecnologías de la Información y las Comunicaciones,9.6274,2.7559,3,2,6,"Amerita revisión de proyectos estratégicos del Sector TIC, tales como el de los Centros PotencIA, concebidos para ampliar la formación y el acceso ciudadano a herramientas de inteligencia artificial, "
P0957,121,IV. Balance sectorial,Sector Tecnologías de la Información y las Comunicaciones,9.97,1.1027,3,9,6,"Esto debe llamarnos a una reflexión de fondo, en tanto que, cada proyecto tecnológico requiere una planeación seria desde su origen, con predios viables, diseños completos, permisos oportunos, cronogr"
P0958,121,IV. Balance sectorial,Sector Tecnologías de la Información y las Comunicaciones,10.0071,2.2989,8,6,3,"En lo que respecta al sector postal, el cual es estratégico para la integración territorial, logística, comercio y comunicación, nos encontramos con el caso de Servicios Postales Nacionales S.A. 4-72,"
P0959,121,IV. Balance sectorial,Sector Tecnologías de la Información y las Comunicaciones,9.2552,0.3709,3,4,10,"Lo mismo ocurre con los medios públicos: Colombia necesita medios públicos fuertes, confiables y modernos, capaces de informar, educar y reflejar la diversidad del país. A nuestra llegada encontramos "
P0960,121,IV. Balance sectorial,Sector Tecnologías de la Información y las Comunicaciones,9.3208,0.1629,7,5,7,"Con base en esto, nuestra tarea será defender y acelerar la continuidad de los servicios públicos, de la radio y televisión pública, de la conectividad y de la transformación digital del país. Pero lo"
P0961,121,IV. Balance sectorial,Sector Tecnologías de la Información y las Comunicaciones,10.1085,2.1537,3,3,7,"También, la ciberseguridad será otra prioridad inaplazable. En un mundo en el que la información, los sistemas públicos y la confianza digital son activos esenciales, no podemos permitir que procesos "
P0962,121,IV. Balance sectorial,Sector Tecnologías de la Información y las Comunicaciones,10.5681,2.7227,8,1,6,"Finalmente, desde el momento de nuestra designación, adelantamos un estricto estudio y seguimiento al proyecto de Fibra Óptica para la Amazonía, tanto en el ámbito administrativo como jurídico, con el"
P0963,122,IV. Balance sectorial,Sector Tecnologías de la Información y las Comunicaciones,5.8081,4.6151,1,7,6,"El proyecto había sido diseñado inicialmente por $683.000 millones, según el CONPES 4167 de 2025. En 2026, su valor fue incrementado en un 67,1% frente a lo inicialmente planeado, conforme al CONPES 4"
P0964,122,IV. Balance sectorial,Sector Tecnologías de la Información y las Comunicaciones,10.3988,1.6336,3,12,2,"Como resultado de esta revisión, se identificaron incertidumbres financieras y estimaciones preliminares que podrían traducirse en graves riesgos técnicos, ambientales y de cobertura efectiva. Estos h"
P0965,122,IV. Balance sectorial,Sector Tecnologías de la Información y las Comunicaciones,9.1161,0.2286,3,10,7,"Esto deja grandes lecciones aprendidas, como que debemos invertir mejor, con criterios objetivos, especificaciones técnicas robustas y controles que inspiren confianza. La seguridad digital es una con"
P0966,122,IV. Balance sectorial,Sector Tecnologías de la Información y las Comunicaciones,9.1616,0.0418,7,3,7,"Recuperaremos el diálogo sectorial, actualizaremos las capacidades del Ministerio frente a las realidades tecnológicas y pondremos a los usuarios en el centro de las decisiones. Impulsaremos infraestr"
P0970,123,IV. Balance sectorial,Sector Trabajo,12.7311,4.4329,0,5,4,"Ministra del Trabajo El Congreso aprobó la ley 2466 de 2025 y, al hacerlo, dejó expresamente algunos aspectos de su regulación para ser reglamentados por el Ministerio del Trabajo, lo que habilitaría "
P0971,123,IV. Balance sectorial,Sector Trabajo,12.7623,4.4699,0,1,4,"El Decreto 234 de 2026 “Por el cual se subroga el Capítulo 7 del Título 2 de la Parte 2 del Libro 2 del Decreto 1072 de 2015, Único Reglamentario del Sector Trabajo y se dictan disposiciones sobre neg"
P0972,123,IV. Balance sectorial,Sector Trabajo,12.7833,4.4898,0,1,4,"Con respecto al Decreto 720 de 2026 “Por el cual se adiciona el Capítulo 4 al Título 3 de la Parte, 2 del Libro 2 del Decreto número 1072 de 2015, Único Reglamentario del Sector Trabajo, y se reglamen"
P0973,123,IV. Balance sectorial,Sector Trabajo,12.8269,4.5327,0,0,4,"Por último, el Decreto 581 de 2026 “Por el cual se adiciona un capítulo 4, al Título 3 de la Parte 2 del Libro 2 del Decreto 1072 de 2015, Único Reglamentario del Sector Trabajo y se dictan otras disp"
P0974,123,IV. Balance sectorial,Sector Trabajo,10.8876,0.4528,6,3,4,"Es importante que la relación laboral entre empleadores y trabajadores, tanto en la parte individual como colectiva, exista certeza basada en la regulación laboral coherente, constitucional y legal."
P0975,124,IV. Balance sectorial,Sector Trabajo,6.5412,3.2474,12,0,4,"Según el DANE, en junio de 2026 la tasa de desempleo nacional fue del 8%, y en el trimestre móvil marzo-mayo de 2026 la informalidad alcanzó el 55,7%; cada punto de incertidumbre por el exceso de pote"
P0976,124,IV. Balance sectorial,Sector Trabajo,11.8841,3.378,0,7,4,"La debilidad no está solo en las normas. Mediante el Decreto 0649 del 26 de junio de 2026, el Gobierno encargó al entonces Ministro Antonio Sanguino de las funciones de Superintendente del Subsidio Fa"
P0977,124,IV. Balance sectorial,Sector Trabajo,4.7523,5.7977,4,2,0,"El SENA es el caso más severo. La Contraloría emitió opinión contable adversa y no feneció su cuenta fiscal de 2025: reportó incorrecciones contables por $189.535 millones, una ejecución presupuestal "
P0978,124,IV. Balance sectorial,Sector Trabajo,8.0518,2.8767,9,12,5,"A eso se suman indisponibilidad tecnológica, equipos que nunca entraron en funcionamiento, concentración en determinados proveedores, la suspensión del proceso meritocrático para proveer cargos direct"
P0979,124,IV. Balance sectorial,Sector Trabajo,9.0944,2.0743,8,1,12,"En el frente pensional, Colpensiones —que administra la cobertura de 1.954.365 pensionados— presenta debilidades recurrentes entre defensa judicial, gestión financiera y contabilidad:"
P0980,124,IV. Balance sectorial,Sector Trabajo,6.5437,4.2905,1,3,10,"diferencias por $7.665 millones en las provisiones de 89 procesos, pagos de sentencias fuera del término legal y registros incompletos. Un contrato de transformación digital se pagó en su totalidad pe"
P0981,124,IV. Balance sectorial,Sector Trabajo,10.7028,2.8686,8,6,7,"Tampoco sabemos con precisión si la política de empleo funciona. El Servicio Público de Empleo no cuenta con una serie nacional oficial, conciliada y reciente de colocaciones efectivas:"
P0982,124,IV. Balance sectorial,Sector Trabajo,9.1377,1.2519,3,10,10,"la información disponible se concentra en vacantes y actividades, no en cuántas personas consiguieron trabajo ni en qué condiciones. Su operación depende de cerca de 400 contratos de prestación de ser"
P0983,125,IV. Balance sectorial,Sector Trabajo,7.7458,2.6661,9,2,5,"Este Gobierno recibe un sector con $58,7 billones de presupuesto, de los cuales cerca del 97 % del presupuesto ministerial está atado a obligaciones y transferencias pensionales, y con muy poco margen"
P0984,126,IV. Balance sectorial,Sector Transporte,9.6737,-0.3827,6,6,7,"El principal reto que encontramos al recibir el sector Transporte se puede resumir, en una palabra: confianza. Recuperarla es el punto de partida para que vuelva la inversión, mejore nuestra capacidad"
P0985,126,IV. Balance sectorial,Sector Transporte,4.7547,5.8239,4,2,5,"Los hallazgos del empalme muestran la magnitud del desafío. La ejecución de la inversión, medida por obligaciones, pasó del 76,5 % en 2023 al 37,3 % en 2025. Ese año, de $12,13 billones apropiados par"
P0986,126,IV. Balance sectorial,Sector Transporte,8.4027,2.8946,11,5,10,Detrás de esas cifras hay obras y oportunidades que no llegaron. Caminos Comunitarios para la Paz alcanzó apenas 4.087 de los 33.102 kilómetros establecidos como meta. Y de los catorce aeródromos prio
P0987,126,IV. Balance sectorial,Sector Transporte,6.4313,4.2074,1,11,5,"También encontramos un deterioro de la confianza contractual. Entre 2022 y 2026, los tribunales arbitrales de la ANI pasaron de 17, con pretensiones cercanas a $9 billones, a 48, con reclamaciones del"
P0988,126,IV. Balance sectorial,Sector Transporte,9.3023,2.1944,8,2,6,"A esto se suman contratos suscritos al cierre del Gobierno anterior que comprometieron vigencias futuras y, con ellas, recursos de los próximos años, como ocurrió con proyectos en La Guajira. Tendremo"
P0989,126,IV. Balance sectorial,Sector Transporte,9.7589,-0.2201,6,5,7,"Por eso tenemos que empezar por recuperar la confianza. Con reglas claras, seguridad jurídica, respeto por los contratos, buena planeación y un Estado que cumpla. Cuando hay confianza llega la inversi"
P0990,126,IV. Balance sectorial,Sector Transporte,7.7919,0.5647,7,6,7,"Y ahí está la gran oportunidad. La infraestructura puede volver a ser uno de los principales motores de nuestra economía: genera empleo, dinamiza las regiones, reduce los costos logísticos y mejora la"
P0994,126,IV. Balance sectorial,Sector Transporte,7.9635,0.2393,7,8,8,"Ministra de Transporte Nuestra tarea será terminar lo que está empezado, conservar lo que ya tenemos y preparar la nueva generación de infraestructura que Colombia necesita, integrando carreteras, fer"
P0995,127,IV. Balance sectorial,Sector Transporte,9.6787,1.3363,7,6,10,Porque los colombianos no nos van a medir por el tamaño del presupuesto ni por el número de contratos firmados. Nos van a medir por las obras que entreguemos y por las oportunidades que generemos.
P0996,127,IV. Balance sectorial,Sector Transporte,7.6367,0.5994,7,9,7,"Ese es nuestro reto: recuperar la confianza para que vuelva la inversión, convertir esa inversión en infraestructura y hacer de la infraestructura un motor de empleo, competitividad y bienestar para l"
P0997,128,IV. Balance sectorial,"Sector Vivienda, Ciudad y Territorio",9.0244,-0.6797,2,8,7,"Una vivienda cambia verdaderamente la vida de una familia cuando deja de ser simplemente una construcción y se convierte en un hogar. Un hogar donde el agua potable llega de manera permanente, donde e"
P0999,128,IV. Balance sectorial,"Sector Vivienda, Ciudad y Territorio",9.0566,-0.7003,7,8,7,Durante muchos años hemos entendido la política de vivienda como la entrega de una solución habitacional. Hoy Colombia necesita dar un paso más. Las familias no esperan respuestas fragmentadas del Est
P1000,128,IV. Balance sectorial,"Sector Vivienda, Ciudad y Territorio",8.6595,-0.2114,7,4,7,"El diagnóstico que hoy recibe el sector nos obliga a actuar con decisión. Según la línea base del empalme, con referencia DANE-Camacol, las iniciaciones de vivienda nueva registran una disminución del"
P1001,128,IV. Balance sectorial,"Sector Vivienda, Ciudad y Territorio",7.7067,2.8778,9,7,5,"A este panorama se suma un desafío institucional igualmente importante: Fonvivienda, la entidad que ejecuta financieramente los subsidios de vivienda urbana, presenta proyectos de inversión comprometi"
P1007,128,IV. Balance sectorial,"Sector Vivienda, Ciudad y Territorio",9.4537,1.8051,8,12,11,"Ministro de Vivienda, Ciudad y Territorio tarifario para los servicios de acueducto y alcantarillado, y de la Resolución CRA 1040 de 2026, que actualiza el régimen tarifario del servicio público de as"
P1009,129,IV. Balance sectorial,"Sector Vivienda, Ciudad y Territorio",9.1328,0.544,3,0,7,"Los casos que acompañan este documento permiten comprender que estos desafíos tienen un rostro concreto. Encontramos viviendas que, pese a haber sido reportadas como ejecutadas, no representaron una s"
P1010,129,IV. Balance sectorial,"Sector Vivienda, Ciudad y Territorio",9.6128,-0.3755,7,6,7,"Los retos del sector no dependen únicamente de la disponibilidad de recursos. También dependen de la capacidad institucional para administrarlos con transparencia, ejecutarlos con eficiencia y convert"
P1011,129,IV. Balance sectorial,"Sector Vivienda, Ciudad y Territorio",10.0603,0.2244,6,4,7,"Por eso, nuestra prioridad es actuar en paralelo sobre estos frentes, sin esperar a que uno resuelva a los demás: definir la política de vivienda, suelo, subsidios y mejoramientos que reactive la cons"
P1012,129,IV. Balance sectorial,"Sector Vivienda, Ciudad y Territorio",9.2237,-0.6248,7,4,7,Casa Milagro representa precisamente esa visión integral. No es únicamente un programa de vivienda; es una forma distinta de entender el desarrollo social. Porque una vivienda solo transforma vidas cu
P1013,130,IV. Balance sectorial,"Sector Vivienda, Ciudad y Territorio",9.1531,-0.3501,7,5,7,Creemos en un Estado que construya confianza al mismo tiempo que construye soluciones habitacionales. Construye hogares. Que administre los recursos públicos con responsabilidad.
P1014,130,IV. Balance sectorial,"Sector Vivienda, Ciudad y Territorio",9.0207,-0.6806,7,4,7,"Que entienda que detrás de cada subsidio, de cada proyecto y de cada obra existe una familia que espera una oportunidad para salir adelante. Porque las familias colombianas no necesitan únicamente una"
P1015,130,IV. Balance sectorial,"Sector Vivienda, Ciudad y Territorio",9.7243,-0.1823,6,6,7,"Ese compromiso también implica aprender de las lecciones que hoy recoge este documento, para que las situaciones aquí identificadas no vuelvan a repetirse y la política pública llegue con mayor eficac"
P1022,132,V. Principios de Gobierno de la Patria Milagro,Introducción del capítulo,10.8423,1.0053,3,4,2,"De la corrección de los comportamientos críticos a la construcción del nuevo gobierno Los capítulos precedentes de este Libro documentaron, con soporte técnico y trazabilidad de fuente, el estado en q"
P1023,132,V. Principios de Gobierno de la Patria Milagro,Introducción del capítulo,11.0252,1.1989,8,12,2,El Gobierno de la Patria Milagro no formula su respuesta como una lista de buenas intenciones posterior a los hallazgos. La responde con principios rectores adoptados desde el inicio del proceso de em
P1025,132,V. Principios de Gobierno de la Patria Milagro,De los valores presidenciales a los principios de gobierno,11.4313,-0.017,6,8,2,Los principios rectores del empalme son la traducción operativa de los valores y principios que el presidente Abelardo de la Espriella ha planteado como fundamento de la Patria Milagro. Esos valores (
P1026,132,V. Principios de Gobierno de la Patria Milagro,De los valores presidenciales a los principios de gobierno,11.3703,-0.068,6,0,7,"A ese fundamento de valores se suman los principios que el Presidente ha fijado como base de su acción cívica y de gobierno: la fe, los valores cristianos y la plena libertad; el respeto irrestricto a"
P1027,132,V. Principios de Gobierno de la Patria Milagro,De los valores presidenciales a los principios de gobierno,11.484,0.0178,6,12,2,"De ese doble fundamento (valores y principios presidenciales) se derivan los principios rectores adoptados para el empalme y, desde el primer día, para el ejercicio de gobierno: Primero, la Patria; Ex"
P1031,133,V. Principios de Gobierno de la Patria Milagro,Los principios rectores frente a los comportamientos críticos,10.8703,1.3418,3,12,2,"Los principios rectores de la Patria Milagro contribuyen a revertir los comportamientos críticos identificados por los equipos técnicos durante el proceso de empalme, y orientan las acciones de correc"
P1033,133,V. Principios de Gobierno de la Patria Milagro,Los principios rectores frente a los comportamientos críticos,11.1931,1.9219,8,7,7,"La libertad de acceder a un cargo público se ejerce sobre la base del mérito verificable, y quien ocupa el cargo responde por sus decisiones. El Gobierno de la Patria Milagro restablece los requisitos"
P1035,133,V. Principios de Gobierno de la Patria Milagro,Los principios rectores frente a los comportamientos críticos,11.2748,1.4767,6,12,2,"Ninguna cifra de gestión se acepta sin fuente y sin contraste independiente, y ninguna meta se declara cumplida sin el soporte documental que la respalde (título registrado, escritura pública, caja ve"
P1037,133,V. Principios de Gobierno de la Patria Milagro,Los principios rectores frente a los comportamientos críticos,8.9162,2.2794,8,6,6,"El kilómetro de vía construido, el cupo carcelario habilitado, el crédito educativo desembolsado. El principio se traduce en la práctica en la priorización de proyectos con mayor impacto poblacional, "
P1039,133,V. Principios de Gobierno de la Patria Milagro,Los principios rectores frente a los comportamientos críticos,11.4107,1.7461,8,5,10,"El Gobierno de la Patria Milagro revisa los contratos y convenios adjudicados sin concurrencia efectiva de oferentes, fortalece la selección objetiva como regla y no como excepción, y devuelve a la co"
P1041,133,V. Principios de Gobierno de la Patria Milagro,Los principios rectores frente a los comportamientos críticos,11.5189,1.1923,6,12,12,"El Gobierno de la Patria Milagro adopta la prevención del daño antijurídico como política de gestión, revisa los pasivos contingentes heredados con criterio técnico (no político) y prioriza la solució"
P1045,134,V. Principios de Gobierno de la Patria Milagro,Los principios rectores frente a los comportamientos críticos,11.4445,0.7157,6,12,12,"La extrema coherencia exige que lo que el Gobierno anuncia, presupuesta y ejecuta sea una sola cosa, y que ninguna entidad opere como una isla frente a la estrategia nacional."
P1047,134,V. Principios de Gobierno de la Patria Milagro,Los principios rectores frente a los comportamientos críticos,11.5391,1.2009,6,8,12,"Cuando el margen fiscal se estrecha, el criterio de decisión no puede ser el cálculo particular ni la conveniencia sectorial: tiene que ser la Nación. Primero, la Patria ordena esa jerarquía: cada dec"
P1050,134,V. Principios de Gobierno de la Patria Milagro,Síntesis: un gobierno que corrige desde sus principios,11.0157,0.5868,6,12,2,"son la respuesta institucional, uno a uno, a los nueve comportamientos que los equipos técnicos identificaron como favorecedores de la corrupción durante el empalme. Donde se destruyó el rigor técnico"
P1051,134,V. Principios de Gobierno de la Patria Milagro,Síntesis: un gobierno que corrige desde sus principios,11.3924,0.1248,2,10,11,"Donde se capturó la contratación, gobierna la autoridad legítima. Donde se expandió el riesgo litigioso a costa de la gente, gobierna la dignidad humana. Donde el Estado perdió el territorio, gobierna"
P1052,134,V. Principios de Gobierno de la Patria Milagro,Síntesis: un gobierno que corrige desde sus principios,11.3391,-0.15,6,3,2,"Este es el código de acción con el que el Gobierno de la Patria Milagro asume la administración del Estado desde el primer día: firme en sus principios, popular en su vocación de servicio, moral en su"
