entity,entity_type,source,sentence_id,paragraph_id,page,section,level2,entity_canonical,is_public_institution
República,GENERIC,spacy,P0007-S01,P0007,3,0. Preliminares > Contenido > Presentación del Libro de la Verdad,Contenido,República,False
Director Nacional,ORG,spacy,P0007-S01,P0007,3,0. Preliminares > Contenido > Presentación del Libro de la Verdad,Contenido,Director Nacional,False
Empalme,GENERIC,spacy+override,P0007-S01,P0007,3,0. Preliminares > Contenido > Presentación del Libro de la Verdad,Contenido,Empalme,False
Rigor y,MISC,spacy,P0009-S01,P0009,3,0. Preliminares > Contenido > I. Proceso metodológico del empalme,Contenido,Rigor y,False
Transferencia Estratégica,ORG,spacy,P0009-S01,P0009,3,0. Preliminares > Contenido > I. Proceso metodológico del empalme,Contenido,Transferencia Estratégica,False
Equipo Élite Anticorrupción,MISC,spacy,P0012-S01,P0012,3,0. Preliminares > Contenido > III. Hallazgos en materia de corrupción y balance de acciones frente a estas situaciones,Contenido,Equipo Élite Anticorrupción,True
ABELARDO DE LA ESPRIELLA,PERSON,spacy,P0018-S01,P0018,5,0. Preliminares > Carta de Presentación A los colombianos:,Carta de Presentación A los colombianos:,ABELARDO DE LA ESPRIELLA,False
República de Colombia Gobernar,GPE_LOC,spacy,P0019-S01,P0019,5,0. Preliminares > Carta de Presentación A los colombianos:,Carta de Presentación A los colombianos:,República de Colombia Gobernar,False
Libro de la Verdad,MISC,spacy,P0020-S01,P0020,5,0. Preliminares > Carta de Presentación A los colombianos:,Carta de Presentación A los colombianos:,Libro de la Verdad,False
Gobierno,GENERIC,spacy,P0020-S01,P0020,5,0. Preliminares > Carta de Presentación A los colombianos:,Carta de Presentación A los colombianos:,Gobierno,False
República,GENERIC,spacy,P0022-S01,P0022,5,0. Preliminares > Carta de Presentación A los colombianos:,Carta de Presentación A los colombianos:,República,False
Jefe de Estado,PERSON,spacy,P0022-S02,P0022,5,0. Preliminares > Carta de Presentación A los colombianos:,Carta de Presentación A los colombianos:,Jefe de Estado,False
Estado,GENERIC,spacy,P0023-S02,P0023,5,0. Preliminares > Carta de Presentación A los colombianos:,Carta de Presentación A los colombianos:,Estado,False
República,GENERIC,spacy,P0023-S03,P0023,5,0. Preliminares > Carta de Presentación A los colombianos:,Carta de Presentación A los colombianos:,República,False
Mi Gobierno,PERSON,spacy,P0024-S01,P0024,5,0. Preliminares > Carta de Presentación A los colombianos:,Carta de Presentación A los colombianos:,Mi Gobierno,True
Gobierno,GENERIC,spacy,P0025-S01,P0025,5,0. Preliminares > Carta de Presentación A los colombianos:,Carta de Presentación A los colombianos:,Gobierno,False
Estado,GENERIC,spacy,P0025-S01,P0025,5,0. Preliminares > Carta de Presentación A los colombianos:,Carta de Presentación A los colombianos:,Estado,False
Gobierno,GENERIC,spacy,P0025-S02,P0025,5,0. Preliminares > Carta de Presentación A los colombianos:,Carta de Presentación A los colombianos:,Gobierno,False
Patria,GENERIC,spacy,P0027-S02,P0027,5,0. Preliminares > Carta de Presentación A los colombianos:,Carta de Presentación A los colombianos:,Patria,False
zaherida,PERSON,spacy,P0029-S01,P0029,5,0. Preliminares > Carta de Presentación A los colombianos:,Carta de Presentación A los colombianos:,zaherida,False
Colombia,GPE_LOC,spacy,P0029-S02,P0029,5,0. Preliminares > Carta de Presentación A los colombianos:,Carta de Presentación A los colombianos:,Colombia,False
Libro de la Verdad,MISC,spacy,P0032-S01,P0032,6,0. Preliminares > PRESENTACIÓN DEL LIBRO DE LA VERDAD > Vicepresidente de la República y Director Nacional del Empalme,PRESENTACIÓN DEL LIBRO DE LA VERDAD,Libro de la Verdad,False
Estado,GENERIC,spacy,P0032-S01,P0032,6,0. Preliminares > PRESENTACIÓN DEL LIBRO DE LA VERDAD > Vicepresidente de la República y Director Nacional del Empalme,PRESENTACIÓN DEL LIBRO DE LA VERDAD,Estado,False
Equipo Élite Anticorrupción,MISC,spacy,P0032-S01,P0032,6,0. Preliminares > PRESENTACIÓN DEL LIBRO DE LA VERDAD > Vicepresidente de la República y Director Nacional del Empalme,PRESENTACIÓN DEL LIBRO DE LA VERDAD,Equipo Élite Anticorrupción,True
Ministros de este Gobierno,GPE_LOC,spacy,P0032-S01,P0032,6,0. Preliminares > PRESENTACIÓN DEL LIBRO DE LA VERDAD > Vicepresidente de la República y Director Nacional del Empalme,PRESENTACIÓN DEL LIBRO DE LA VERDAD,Ministros de este Gobierno,True
Comité Nacional del Empalme Anticorrupción,ORG,spacy,P0032-S01,P0032,6,0. Preliminares > PRESENTACIÓN DEL LIBRO DE LA VERDAD > Vicepresidente de la República y Director Nacional del Empalme,PRESENTACIÓN DEL LIBRO DE LA VERDAD,Comité Nacional del Empalme Anticorrupción,False
Estado,GENERIC,spacy,P0034-S03,P0034,6,0. Preliminares > PRESENTACIÓN DEL LIBRO DE LA VERDAD > Vicepresidente de la República y Director Nacional del Empalme,PRESENTACIÓN DEL LIBRO DE LA VERDAD,Estado,False
Autoridad,ORG,spacy,P0034-S04,P0034,6,0. Preliminares > PRESENTACIÓN DEL LIBRO DE LA VERDAD > Vicepresidente de la República y Director Nacional del Empalme,PRESENTACIÓN DEL LIBRO DE LA VERDAD,Autoridad,False
Estado,GENERIC,spacy,P0034-S05,P0034,6,0. Preliminares > PRESENTACIÓN DEL LIBRO DE LA VERDAD > Vicepresidente de la República y Director Nacional del Empalme,PRESENTACIÓN DEL LIBRO DE LA VERDAD,Estado,False
Libro,GENERIC,spacy,P0035-S01,P0035,6,0. Preliminares > PRESENTACIÓN DEL LIBRO DE LA VERDAD > Vicepresidente de la República y Director Nacional del Empalme,PRESENTACIÓN DEL LIBRO DE LA VERDAD,Libro,False
Equipo Élite Anticorrupción,ORG,spacy,P0036-S03,P0036,6,0. Preliminares > PRESENTACIÓN DEL LIBRO DE LA VERDAD > Vicepresidente de la República y Director Nacional del Empalme,PRESENTACIÓN DEL LIBRO DE LA VERDAD,Equipo Élite Anticorrupción,True
Ministro,GENERIC,spacy,P0036-S04,P0036,6,0. Preliminares > PRESENTACIÓN DEL LIBRO DE LA VERDAD > Vicepresidente de la República y Director Nacional del Empalme,PRESENTACIÓN DEL LIBRO DE LA VERDAD,Ministro,False
Gobierno,GENERIC,spacy,P0036-S04,P0036,6,0. Preliminares > PRESENTACIÓN DEL LIBRO DE LA VERDAD > Vicepresidente de la República y Director Nacional del Empalme,PRESENTACIÓN DEL LIBRO DE LA VERDAD,Gobierno,False
Gobierno de la Patria Milagro,GPE_LOC,spacy,P0036-S05,P0036,6,0. Preliminares > PRESENTACIÓN DEL LIBRO DE LA VERDAD > Vicepresidente de la República y Director Nacional del Empalme,PRESENTACIÓN DEL LIBRO DE LA VERDAD,Gobierno de la Patria Milagro,True
Libro de aquello que,MISC,spacy,P0037-S01,P0037,7,0. Preliminares > PRESENTACIÓN DEL LIBRO DE LA VERDAD > Vicepresidente de la República y Director Nacional del Empalme,PRESENTACIÓN DEL LIBRO DE LA VERDAD,Libro de aquello que,False
Libro,GENERIC,spacy,P0039-S01,P0039,7,0. Preliminares > PRESENTACIÓN DEL LIBRO DE LA VERDAD > Vicepresidente de la República y Director Nacional del Empalme,PRESENTACIÓN DEL LIBRO DE LA VERDAD,Libro,False
Gobierno,GENERIC,spacy,P0039-S03,P0039,7,0. Preliminares > PRESENTACIÓN DEL LIBRO DE LA VERDAD > Vicepresidente de la República y Director Nacional del Empalme,PRESENTACIÓN DEL LIBRO DE LA VERDAD,Gobierno,False
Libro de la Verdad,MISC,spacy,P0040-S01,P0040,7,0. Preliminares > PRESENTACIÓN DEL LIBRO DE LA VERDAD > Vicepresidente de la República y Director Nacional del Empalme,PRESENTACIÓN DEL LIBRO DE LA VERDAD,Libro de la Verdad,False
Estado,GENERIC,spacy,P0040-S02,P0040,7,0. Preliminares > PRESENTACIÓN DEL LIBRO DE LA VERDAD > Vicepresidente de la República y Director Nacional del Empalme,PRESENTACIÓN DEL LIBRO DE LA VERDAD,Estado,False
Dirección Nacional del Empalme,ORG,spacy,P0040-S03,P0040,7,0. Preliminares > PRESENTACIÓN DEL LIBRO DE LA VERDAD > Vicepresidente de la República y Director Nacional del Empalme,PRESENTACIÓN DEL LIBRO DE LA VERDAD,Dirección Nacional del Empalme,False
Patria Milagro,MISC,spacy,P0040-S03,P0040,7,0. Preliminares > PRESENTACIÓN DEL LIBRO DE LA VERDAD > Vicepresidente de la República y Director Nacional del Empalme,PRESENTACIÓN DEL LIBRO DE LA VERDAD,Patria Milagro,False
José Manuel Restrepo Abondano,PERSON,spacy,P0041-S01,P0041,7,0. Preliminares > PRESENTACIÓN DEL LIBRO DE LA VERDAD > Vicepresidente de la República y Director Nacional del Empalme,PRESENTACIÓN DEL LIBRO DE LA VERDAD,José Manuel Restrepo Abondano,False
República,GENERIC,spacy,P0042-S01,P0042,7,0. Preliminares > PRESENTACIÓN DEL LIBRO DE LA VERDAD > Vicepresidente de la República y Director Nacional del Empalme,PRESENTACIÓN DEL LIBRO DE LA VERDAD,República,False
Director Nacional,ORG,spacy,P0042-S01,P0042,7,0. Preliminares > PRESENTACIÓN DEL LIBRO DE LA VERDAD > Vicepresidente de la República y Director Nacional del Empalme,PRESENTACIÓN DEL LIBRO DE LA VERDAD,Director Nacional,False
Empalme,GENERIC,spacy+override,P0042-S01,P0042,7,0. Preliminares > PRESENTACIÓN DEL LIBRO DE LA VERDAD > Vicepresidente de la República y Director Nacional del Empalme,PRESENTACIÓN DEL LIBRO DE LA VERDAD,Empalme,False
Contraloría General de la República,ORG,spacy,P0047-S01,P0047,8,I. Proceso metodológico del empalme > Portadilla del capítulo,Portadilla del capítulo,Contraloría General de la República,True
SIIF Nación,MISC,spacy,P0047-S01,P0047,8,I. Proceso metodológico del empalme > Portadilla del capítulo,Portadilla del capítulo,SIIF Nación,False
2005,DATE,regex,P0047-S02,P0047,8,I. Proceso metodológico del empalme > Portadilla del capítulo,Portadilla del capítulo,2005,False
Ley 951 de 2005,LAW,regex,P0047-S02,P0047,8,I. Proceso metodológico del empalme > Portadilla del capítulo,Portadilla del capítulo,Ley 951 de 2005,False
Arca de la Patria,MISC,spacy,P0049-S01,P0049,9,I. Proceso metodológico del empalme > Introducción del capítulo,Introducción del capítulo,Arca de la Patria,False
Nación,GENERIC,spacy,P0049-S01,P0049,9,I. Proceso metodológico del empalme > Introducción del capítulo,Introducción del capítulo,Nación,False
2026,DATE,regex,P0050-S01,P0050,9,I. Proceso metodológico del empalme > Introducción del capítulo,Introducción del capítulo,2026,False
Metodología Operativa,MISC,spacy,P0050-S02,P0050,9,I. Proceso metodológico del empalme > Introducción del capítulo,Introducción del capítulo,Metodología Operativa,False
Estado,GENERIC,spacy,P0050-S02,P0050,9,I. Proceso metodológico del empalme > Introducción del capítulo,Introducción del capítulo,Estado,False
2026,DATE,regex,P0050-S03,P0050,9,I. Proceso metodológico del empalme > Introducción del capítulo,Introducción del capítulo,2026,False
Empalme,GENERIC,spacy+override,P0050-S03,P0050,9,I. Proceso metodológico del empalme > Introducción del capítulo,Introducción del capítulo,Empalme,False
Colombia,GPE_LOC,spacy,P0050-S03,P0050,9,I. Proceso metodológico del empalme > Introducción del capítulo,Introducción del capítulo,Colombia,False
Estado,GENERIC,spacy,P0050-S03,P0050,9,I. Proceso metodológico del empalme > Introducción del capítulo,Introducción del capítulo,Estado,False
Empalme Anticorrupción,GPE_LOC,spacy,P0050-S03,P0050,9,I. Proceso metodológico del empalme > Introducción del capítulo,Introducción del capítulo,Empalme Anticorrupción,False
2026,DATE,regex,P0052-S02,P0052,9,I. Proceso metodológico del empalme > Gente: La voluntad ciudadana que sostuvo el empalme,Gente: La voluntad ciudadana que sostuvo el empalme,2026,False
Empalme 2026,GPE_LOC,spacy,P0052-S02,P0052,9,I. Proceso metodológico del empalme > Gente: La voluntad ciudadana que sostuvo el empalme,Gente: La voluntad ciudadana que sostuvo el empalme,Empalme 2026,False
Empalme,GENERIC,spacy+override,P0053-S01,P0053,9,I. Proceso metodológico del empalme > Gente: La voluntad ciudadana que sostuvo el empalme,Gente: La voluntad ciudadana que sostuvo el empalme,Empalme,False
Arca de Noé,MISC,spacy,P0053-S01,P0053,9,I. Proceso metodológico del empalme > Gente: La voluntad ciudadana que sostuvo el empalme,Gente: La voluntad ciudadana que sostuvo el empalme,Arca de Noé,False
Gobierno,GENERIC,spacy,P0053-S01,P0053,9,I. Proceso metodológico del empalme > Gente: La voluntad ciudadana que sostuvo el empalme,Gente: La voluntad ciudadana que sostuvo el empalme,Gobierno,False
Colombia,GPE_LOC,spacy,P0053-S02,P0053,9,I. Proceso metodológico del empalme > Gente: La voluntad ciudadana que sostuvo el empalme,Gente: La voluntad ciudadana que sostuvo el empalme,Colombia,False
Empalme Anticorrupción,GPE_LOC,spacy,P0053-S02,P0053,9,I. Proceso metodológico del empalme > Gente: La voluntad ciudadana que sostuvo el empalme,Gente: La voluntad ciudadana que sostuvo el empalme,Empalme Anticorrupción,False
Estado,GENERIC,spacy,P0053-S03,P0053,9,I. Proceso metodológico del empalme > Gente: La voluntad ciudadana que sostuvo el empalme,Gente: La voluntad ciudadana que sostuvo el empalme,Estado,False
Patria,GENERIC,spacy,P0053-S03,P0053,9,I. Proceso metodológico del empalme > Gente: La voluntad ciudadana que sostuvo el empalme,Gente: La voluntad ciudadana que sostuvo el empalme,Patria,False
Metodología Operativa,MISC,spacy,P0054-S02,P0054,9,I. Proceso metodológico del empalme > Gente: La voluntad ciudadana que sostuvo el empalme,Gente: La voluntad ciudadana que sostuvo el empalme,Metodología Operativa,False
2026,DATE,regex,P0055-S01,P0055,9,I. Proceso metodológico del empalme > Gente: La voluntad ciudadana que sostuvo el empalme,Gente: La voluntad ciudadana que sostuvo el empalme,2026,False
Metodologías Operativa,MISC,spacy,P0055-S01,P0055,9,I. Proceso metodológico del empalme > Gente: La voluntad ciudadana que sostuvo el empalme,Gente: La voluntad ciudadana que sostuvo el empalme,Metodologías Operativa,False
Estratégica,MISC,spacy,P0055-S01,P0055,9,I. Proceso metodológico del empalme > Gente: La voluntad ciudadana que sostuvo el empalme,Gente: La voluntad ciudadana que sostuvo el empalme,Estratégica,False
Empalme Anticorrupción 2026,GPE_LOC,spacy,P0055-S01,P0055,9,I. Proceso metodológico del empalme > Gente: La voluntad ciudadana que sostuvo el empalme,Gente: La voluntad ciudadana que sostuvo el empalme,Empalme Anticorrupción 2026,False
Dirección del Empalme,GPE_LOC,spacy,P0056-S01,P0056,10,I. Proceso metodológico del empalme > Gente: La voluntad ciudadana que sostuvo el empalme,Gente: La voluntad ciudadana que sostuvo el empalme,Dirección del Empalme,False
Presidente,GENERIC,spacy,P0056-S01,P0056,10,I. Proceso metodológico del empalme > Gente: La voluntad ciudadana que sostuvo el empalme,Gente: La voluntad ciudadana que sostuvo el empalme,Presidente,False
Comité Nacional del Empalme Anticorrupción,ORG,spacy,P0057-S01,P0057,10,I. Proceso metodológico del empalme > Gente: La voluntad ciudadana que sostuvo el empalme,Gente: La voluntad ciudadana que sostuvo el empalme,Comité Nacional del Empalme Anticorrupción,False
Equipo Transversal,MISC,spacy,P0058-S01,P0058,10,I. Proceso metodológico del empalme > Gente: La voluntad ciudadana que sostuvo el empalme,Gente: La voluntad ciudadana que sostuvo el empalme,Equipo Transversal,False
Equipo Élite Anticorrupción,MISC,spacy,P0061-S01,P0061,10,I. Proceso metodológico del empalme > Gente: La voluntad ciudadana que sostuvo el empalme,Gente: La voluntad ciudadana que sostuvo el empalme,Equipo Élite Anticorrupción,True
Comité Intersectorial de Empalme,ORG,spacy,P0062-S01,P0062,10,I. Proceso metodológico del empalme > Gente: La voluntad ciudadana que sostuvo el empalme,Gente: La voluntad ciudadana que sostuvo el empalme,Comité Intersectorial de Empalme,False
2026,DATE,regex,P0063-S01,P0063,10,I. Proceso metodológico del empalme > Gente: La voluntad ciudadana que sostuvo el empalme,Gente: La voluntad ciudadana que sostuvo el empalme,2026,False
Empalme,GENERIC,spacy+override,P0063-S01,P0063,10,I. Proceso metodológico del empalme > Gente: La voluntad ciudadana que sostuvo el empalme,Gente: La voluntad ciudadana que sostuvo el empalme,Empalme,False
Metodología Operativa,MISC,spacy,P0065-S01,P0065,10,I. Proceso metodológico del empalme > Tecnología: La inteligencia artificial como garantía de escala y rigor,Tecnología: La inteligencia artificial como garantía de escala y rigor,Metodología Operativa,False
Aprovechamiento de Tecnología,PERSON,spacy,P0066-S02,P0066,10,I. Proceso metodológico del empalme > Tecnología: La inteligencia artificial como garantía de escala y rigor,Tecnología: La inteligencia artificial como garantía de escala y rigor,Aprovechamiento de Tecnología,False
Equipo Transversal,MISC,spacy,P0066-S03,P0066,10,I. Proceso metodológico del empalme > Tecnología: La inteligencia artificial como garantía de escala y rigor,Tecnología: La inteligencia artificial como garantía de escala y rigor,Equipo Transversal,False
Plataforma de Inteligencia Artificial,ORG,spacy,P0067-S01,P0067,11,I. Proceso metodológico del empalme > Tecnología: La inteligencia artificial como garantía de escala y rigor,Tecnología: La inteligencia artificial como garantía de escala y rigor,Plataforma de Inteligencia Artificial,False
Metodología Operativa,MISC,spacy,P0067-S02,P0067,11,I. Proceso metodológico del empalme > Tecnología: La inteligencia artificial como garantía de escala y rigor,Tecnología: La inteligencia artificial como garantía de escala y rigor,Metodología Operativa,False
2026,DATE,regex,P0069-S01,P0069,11,I. Proceso metodológico del empalme > Proceso: La arquitectura metodológica,Proceso: La arquitectura metodológica,2026,False
Empalme,GENERIC,spacy+override,P0069-S01,P0069,11,I. Proceso metodológico del empalme > Proceso: La arquitectura metodológica,Proceso: La arquitectura metodológica,Empalme,False
Metodología Operativa,MISC,spacy,P0069-S02,P0069,11,I. Proceso metodológico del empalme > Proceso: La arquitectura metodológica,Proceso: La arquitectura metodológica,Metodología Operativa,False
Anexo General,MISC,spacy,P0069-S02,P0069,11,I. Proceso metodológico del empalme > Proceso: La arquitectura metodológica,Proceso: La arquitectura metodológica,Anexo General,False
Metodología Estratégica,MISC,spacy,P0070-S01,P0070,11,I. Proceso metodológico del empalme > Proceso: La arquitectura metodológica,Proceso: La arquitectura metodológica,Metodología Estratégica,False
Banco Estratégico de Decisiones de Gobierno,ORG,spacy,P0070-S01,P0070,11,I. Proceso metodológico del empalme > Proceso: La arquitectura metodológica,Proceso: La arquitectura metodológica,Banco Estratégico de Decisiones de Gobierno,True
Libro de la Verdad,MISC,spacy,P0070-S01,P0070,11,I. Proceso metodológico del empalme > Proceso: La arquitectura metodológica,Proceso: La arquitectura metodológica,Libro de la Verdad,False
7 de agosto de 2026,DATE,regex,P0071-S01,P0071,11,I. Proceso metodológico del empalme > Proceso: La arquitectura metodológica,Proceso: La arquitectura metodológica,7 de agosto de 2026,False
Banco Estratégico,ORG,spacy,P0071-S01,P0071,11,I. Proceso metodológico del empalme > Proceso: La arquitectura metodológica,Proceso: La arquitectura metodológica,Banco Estratégico,False
Inventario de Compromisos,MISC,spacy,P0071-S01,P0071,11,I. Proceso metodológico del empalme > Proceso: La arquitectura metodológica,Proceso: La arquitectura metodológica,Inventario de Compromisos,False
Libro de la Verdad,MISC,spacy,P0071-S01,P0071,11,I. Proceso metodológico del empalme > Proceso: La arquitectura metodológica,Proceso: La arquitectura metodológica,Libro de la Verdad,False
Gobierno,GENERIC,spacy,P0073-S01,P0073,12,I. Proceso metodológico del empalme > Proceso: La arquitectura metodológica,Proceso: La arquitectura metodológica,Gobierno,False
Sistema Electrónico,GPE_LOC,spacy,P0073-S01,P0073,12,I. Proceso metodológico del empalme > Proceso: La arquitectura metodológica,Proceso: La arquitectura metodológica,Sistema Electrónico,False
Contratación Pública,ORG,spacy,P0073-S01,P0073,12,I. Proceso metodológico del empalme > Proceso: La arquitectura metodológica,Proceso: La arquitectura metodológica,Contratación Pública,False
SECOP,MISC,spacy,P0073-S01,P0073,12,I. Proceso metodológico del empalme > Proceso: La arquitectura metodológica,Proceso: La arquitectura metodológica,SECOP,False
Gobierno,GENERIC,spacy,P0073-S01,P0073,12,I. Proceso metodológico del empalme > Proceso: La arquitectura metodológica,Proceso: La arquitectura metodológica,Gobierno,False
Plataforma de Inteligencia Artificial,ORG,spacy,P0073-S02,P0073,12,I. Proceso metodológico del empalme > Proceso: La arquitectura metodológica,Proceso: La arquitectura metodológica,Plataforma de Inteligencia Artificial,False
Estado,GENERIC,spacy,P0073-S02,P0073,12,I. Proceso metodológico del empalme > Proceso: La arquitectura metodológica,Proceso: La arquitectura metodológica,Estado,False
Libro de la Verdad,MISC,spacy,P0073-S02,P0073,12,I. Proceso metodológico del empalme > Proceso: La arquitectura metodológica,Proceso: La arquitectura metodológica,Libro de la Verdad,False
Estado,GENERIC,spacy,P0080-S01,P0080,12,I. Proceso metodológico del empalme > Notas aclaratorias: Los límites que le dan credibilidad al ejercicio,Notas aclaratorias: Los límites que le dan credibilidad al ejercicio,Estado,False
Gobierno,GENERIC,spacy,P0080-S01,P0080,12,I. Proceso metodológico del empalme > Notas aclaratorias: Los límites que le dan credibilidad al ejercicio,Notas aclaratorias: Los límites que le dan credibilidad al ejercicio,Gobierno,False
2026–2030,DATE,regex,P0087-S01,P0087,14,II. Comportamientos críticos nocivos para el Estado > Introducción del capítulo,Introducción del capítulo,2026–2030,False
Gobierno Nacional,GPE_LOC,spacy,P0087-S01,P0087,14,II. Comportamientos críticos nocivos para el Estado > Introducción del capítulo,Introducción del capítulo,Gobierno Nacional,True
Estado,GENERIC,spacy,P0092-S02,P0092,15,II. Comportamientos críticos nocivos para el Estado > 9 comportamientos críticos,9 comportamientos críticos,Estado,False
diciembre de 2026,DATE,regex,P0112-S01,P0112,16,II. Comportamientos críticos nocivos para el Estado > Definición del comportamiento 01: Destrucción del rigor técnico > Definición,Definición del comportamiento 01: Destrucción del rigor técnico,diciembre de 2026,False
Estado,GENERIC,spacy,P0116-S01,P0116,16,II. Comportamientos críticos nocivos para el Estado > Definición del comportamiento 01: Destrucción del rigor técnico > Impacto sobre la ciudadanía,Definición del comportamiento 01: Destrucción del rigor técnico,Estado,False
Discrecionalidad,GPE_LOC,spacy,P0122-S01,P0122,17,II. Comportamientos críticos nocivos para el Estado > Definición del comportamiento 02: Colapso de la capacidad tecnológica > Espíritu de la práctica negativa,Definición del comportamiento 02: Colapso de la capacidad tecnológica,Discrecionalidad,False
Estado,GENERIC,spacy,P0122-S02,P0122,17,II. Comportamientos críticos nocivos para el Estado > Definición del comportamiento 02: Colapso de la capacidad tecnológica > Espíritu de la práctica negativa,Definición del comportamiento 02: Colapso de la capacidad tecnológica,Estado,False
Estado,GENERIC,spacy,P0140-S01,P0140,19,II. Comportamientos críticos nocivos para el Estado > Definición del comportamiento 04: Parálisis operativa > Impacto sobre la ciudadanía,Definición del comportamiento 04: Parálisis operativa,Estado,False
Estado,GENERIC,spacy,P0146-S01,P0146,20,II. Comportamientos críticos nocivos para el Estado > Definición del comportamiento 05: Captura contractual y concentración del poder operativo > Espíritu de la práctica negativa,Definición del comportamiento 05: Captura contractual y concentración del poder operativo,Estado,False
Estado,GENERIC,spacy,P0160-S01,P0160,22,II. Comportamientos críticos nocivos para el Estado > Definición del comportamiento 07: Pérdida de control territorial frente a economías criminales > Definición,Definición del comportamiento 07: Pérdida de control territorial frente a economías criminales,Estado,False
Estado,GENERIC,spacy,P0164-S01,P0164,22,II. Comportamientos críticos nocivos para el Estado > Definición del comportamiento 07: Pérdida de control territorial frente a economías criminales > Impacto sobre la ciudadanía,Definición del comportamiento 07: Pérdida de control territorial frente a economías criminales,Estado,False
Estado,GENERIC,spacy,P0168-S01,P0168,23,II. Comportamientos críticos nocivos para el Estado > Definición del comportamiento 08: Fragmentación del Estado y fracaso de la conducción estratégica > Definición,Definición del comportamiento 08: Fragmentación del Estado y fracaso de la conducción estratégica,Estado,False
Estado,GENERIC,spacy,P0176-S01,P0176,24,II. Comportamientos críticos nocivos para el Estado > Definición del comportamiento 09: Capacidad fiscal restringida (comportamiento transversal) > Definición,Definición del comportamiento 09: Capacidad fiscal restringida (comportamiento transversal),Estado,False
Gobierno,GENERIC,spacy,P0176-S01,P0176,24,II. Comportamientos críticos nocivos para el Estado > Definición del comportamiento 09: Capacidad fiscal restringida (comportamiento transversal) > Definición,Definición del comportamiento 09: Capacidad fiscal restringida (comportamiento transversal),Gobierno,False
Minas,GENERIC,spacy,P0188-S01,P0188,26,II. Comportamientos críticos nocivos para el Estado > Comportamiento 1. Destrucción del rigor técnico,Comportamiento 1. Destrucción del rigor técnico,Minas,False
Energía,GENERIC,spacy,P0188-S01,P0188,26,II. Comportamientos críticos nocivos para el Estado > Comportamiento 1. Destrucción del rigor técnico,Comportamiento 1. Destrucción del rigor técnico,Energía,False
$55.142 millones,MONEY,regex,P0190-S01,P0190,26,II. Comportamientos críticos nocivos para el Estado > Comportamiento 1. Destrucción del rigor técnico > Caso 1. Presidencia de la República,Comportamiento 1. Destrucción del rigor técnico,$55.142 millones,False
"0,3%",PERCENT,regex,P0190-S01,P0190,26,II. Comportamientos críticos nocivos para el Estado > Comportamiento 1. Destrucción del rigor técnico > Caso 1. Presidencia de la República,Comportamiento 1. Destrucción del rigor técnico,"0,3%",False
Fondo mujer,ORG,spacy,P0190-S01,P0190,26,II. Comportamientos críticos nocivos para el Estado > Comportamiento 1. Destrucción del rigor técnico > Caso 1. Presidencia de la República,Comportamiento 1. Destrucción del rigor técnico,Fondo mujer,True
1º de julio de 2026,DATE,regex,P0191-S01,P0191,26,II. Comportamientos críticos nocivos para el Estado > Comportamiento 1. Destrucción del rigor técnico > Caso 1. Presidencia de la República,Comportamiento 1. Destrucción del rigor técnico,1º de julio de 2026,False
$172 millones,MONEY,regex,P0191-S01,P0191,26,II. Comportamientos críticos nocivos para el Estado > Comportamiento 1. Destrucción del rigor técnico > Caso 1. Presidencia de la República,Comportamiento 1. Destrucción del rigor técnico,$172 millones,False
$55.142 millones,MONEY,regex,P0191-S01,P0191,26,II. Comportamientos críticos nocivos para el Estado > Comportamiento 1. Destrucción del rigor técnico > Caso 1. Presidencia de la República,Comportamiento 1. Destrucción del rigor técnico,$55.142 millones,False
"0,3%",PERCENT,regex,P0191-S01,P0191,26,II. Comportamientos críticos nocivos para el Estado > Comportamiento 1. Destrucción del rigor técnico > Caso 1. Presidencia de la República,Comportamiento 1. Destrucción del rigor técnico,"0,3%",False
Fondo mujer libre y productiva,ORG,spacy,P0191-S01,P0191,26,II. Comportamientos críticos nocivos para el Estado > Comportamiento 1. Destrucción del rigor técnico > Caso 1. Presidencia de la República,Comportamiento 1. Destrucción del rigor técnico,Fondo mujer libre y productiva,True
0%,PERCENT,regex,P0192-S01,P0192,26,II. Comportamientos críticos nocivos para el Estado > Comportamiento 1. Destrucción del rigor técnico > Caso 1. Presidencia de la República,Comportamiento 1. Destrucción del rigor técnico,0%,False
mayo de 2026,DATE,regex,P0194-S02,P0194,26,II. Comportamientos críticos nocivos para el Estado > Comportamiento 1. Destrucción del rigor técnico > Caso 1. Presidencia de la República,Comportamiento 1. Destrucción del rigor técnico,mayo de 2026,False
24 de abril de 2026,DATE,regex,P0195-S02,P0195,26,II. Comportamientos críticos nocivos para el Estado > Comportamiento 1. Destrucción del rigor técnico > Caso 1. Presidencia de la República,Comportamiento 1. Destrucción del rigor técnico,24 de abril de 2026,False
Autonomía Económica y Desarrollo Empresarial,ORG,spacy,P0195-S02,P0195,26,II. Comportamientos críticos nocivos para el Estado > Comportamiento 1. Destrucción del rigor técnico > Caso 1. Presidencia de la República,Comportamiento 1. Destrucción del rigor técnico,Autonomía Económica y Desarrollo Empresarial,False
Dirección Ejecutiva,ORG,spacy,P0195-S03,P0195,26,II. Comportamientos críticos nocivos para el Estado > Comportamiento 1. Destrucción del rigor técnico > Caso 1. Presidencia de la República,Comportamiento 1. Destrucción del rigor técnico,Dirección Ejecutiva,False
2 de junio,DATE,regex,P0195-S05,P0195,26,II. Comportamientos críticos nocivos para el Estado > Comportamiento 1. Destrucción del rigor técnico > Caso 1. Presidencia de la República,Comportamiento 1. Destrucción del rigor técnico,2 de junio,False
Vicepresidencia,GPE_LOC,spacy,P0195-S05,P0195,26,II. Comportamientos críticos nocivos para el Estado > Comportamiento 1. Destrucción del rigor técnico > Caso 1. Presidencia de la República,Comportamiento 1. Destrucción del rigor técnico,Vicepresidencia,True
Dirección Ejecutiva,ORG,spacy,P0195-S06,P0195,26,II. Comportamientos críticos nocivos para el Estado > Comportamiento 1. Destrucción del rigor técnico > Caso 1. Presidencia de la República,Comportamiento 1. Destrucción del rigor técnico,Dirección Ejecutiva,False
Hiladoras,PERSON,spacy,P0196-S02,P0196,26,II. Comportamientos críticos nocivos para el Estado > Comportamiento 1. Destrucción del rigor técnico > Caso 1. Presidencia de la República,Comportamiento 1. Destrucción del rigor técnico,Hiladoras,False
Territorios,MISC,spacy,P0196-S02,P0196,26,II. Comportamientos críticos nocivos para el Estado > Comportamiento 1. Destrucción del rigor técnico > Caso 1. Presidencia de la República,Comportamiento 1. Destrucción del rigor técnico,Territorios,False
$55.142 millones,MONEY,regex,P0198-S01,P0198,27,II. Comportamientos críticos nocivos para el Estado > Comportamiento 1. Destrucción del rigor técnico > Caso 1. Presidencia de la República,Comportamiento 1. Destrucción del rigor técnico,$55.142 millones,False
"99,7%",PERCENT,regex,P0198-S01,P0198,27,II. Comportamientos críticos nocivos para el Estado > Comportamiento 1. Destrucción del rigor técnico > Caso 1. Presidencia de la República,Comportamiento 1. Destrucción del rigor técnico,"99,7%",False
"$2,2 billones",MONEY,regex,P0200-S01,P0200,27,II. Comportamientos críticos nocivos para el Estado > Comportamiento 1. Destrucción del rigor técnico > Caso 2. Salud y Protección Social,Comportamiento 1. Destrucción del rigor técnico,"$2,2 billones",False
2022,DATE,regex,P0201-S01,P0201,27,II. Comportamientos críticos nocivos para el Estado > Comportamiento 1. Destrucción del rigor técnico > Caso 2. Salud y Protección Social,Comportamiento 1. Destrucción del rigor técnico,2022,False
junio de 2026,DATE,regex,P0201-S01,P0201,27,II. Comportamientos críticos nocivos para el Estado > Comportamiento 1. Destrucción del rigor técnico > Caso 2. Salud y Protección Social,Comportamiento 1. Destrucción del rigor técnico,junio de 2026,False
"$16,1 billones",MONEY,regex,P0201-S01,P0201,27,II. Comportamientos críticos nocivos para el Estado > Comportamiento 1. Destrucción del rigor técnico > Caso 2. Salud y Protección Social,Comportamiento 1. Destrucción del rigor técnico,"$16,1 billones",False
$10 billones,MONEY,regex,P0201-S01,P0201,27,II. Comportamientos críticos nocivos para el Estado > Comportamiento 1. Destrucción del rigor técnico > Caso 2. Salud y Protección Social,Comportamiento 1. Destrucción del rigor técnico,$10 billones,False
Ministerio de Salud,GPE_LOC,spacy,P0201-S01,P0201,27,II. Comportamientos críticos nocivos para el Estado > Comportamiento 1. Destrucción del rigor técnico > Caso 2. Salud y Protección Social,Comportamiento 1. Destrucción del rigor técnico,Ministerio de Salud,True
Equipos Básicos,ORG,spacy,P0201-S01,P0201,27,II. Comportamientos críticos nocivos para el Estado > Comportamiento 1. Destrucción del rigor técnico > Caso 2. Salud y Protección Social,Comportamiento 1. Destrucción del rigor técnico,Equipos Básicos,False
"28,3%",PERCENT,regex,P0201-S02,P0201,27,II. Comportamientos críticos nocivos para el Estado > Comportamiento 1. Destrucción del rigor técnico > Caso 2. Salud y Protección Social,Comportamiento 1. Destrucción del rigor técnico,"28,3%",False
Ministerio,GENERIC,spacy,P0201-S02,P0201,27,II. Comportamientos críticos nocivos para el Estado > Comportamiento 1. Destrucción del rigor técnico > Caso 2. Salud y Protección Social,Comportamiento 1. Destrucción del rigor técnico,Ministerio,False
Superintendencia Nacional de Salud,ORG,spacy,P0201-S02,P0201,27,II. Comportamientos críticos nocivos para el Estado > Comportamiento 1. Destrucción del rigor técnico > Caso 2. Salud y Protección Social,Comportamiento 1. Destrucción del rigor técnico,Superintendencia Nacional de Salud,True
2025,DATE,regex,P0201-S03,P0201,27,II. Comportamientos críticos nocivos para el Estado > Comportamiento 1. Destrucción del rigor técnico > Caso 2. Salud y Protección Social,Comportamiento 1. Destrucción del rigor técnico,2025,False
2026,DATE,regex,P0201-S03,P0201,27,II. Comportamientos críticos nocivos para el Estado > Comportamiento 1. Destrucción del rigor técnico > Caso 2. Salud y Protección Social,Comportamiento 1. Destrucción del rigor técnico,2026,False
67%,PERCENT,regex,P0201-S03,P0201,27,II. Comportamientos críticos nocivos para el Estado > Comportamiento 1. Destrucción del rigor técnico > Caso 2. Salud y Protección Social,Comportamiento 1. Destrucción del rigor técnico,67%,False
29 de diciembre de 2025,DATE,regex,P0201-S04,P0201,27,II. Comportamientos críticos nocivos para el Estado > Comportamiento 1. Destrucción del rigor técnico > Caso 2. Salud y Protección Social,Comportamiento 1. Destrucción del rigor técnico,29 de diciembre de 2025,False
"$2,2 billones",MONEY,regex,P0201-S04,P0201,27,II. Comportamientos críticos nocivos para el Estado > Comportamiento 1. Destrucción del rigor técnico > Caso 2. Salud y Protección Social,Comportamiento 1. Destrucción del rigor técnico,"$2,2 billones",False
30 de junio de 2026,DATE,regex,P0201-S05,P0201,27,II. Comportamientos críticos nocivos para el Estado > Comportamiento 1. Destrucción del rigor técnico > Caso 2. Salud y Protección Social,Comportamiento 1. Destrucción del rigor técnico,30 de junio de 2026,False
$834 mil millones,MONEY,regex,P0201-S05,P0201,27,II. Comportamientos críticos nocivos para el Estado > Comportamiento 1. Destrucción del rigor técnico > Caso 2. Salud y Protección Social,Comportamiento 1. Destrucción del rigor técnico,$834 mil millones,False
Ministerio,GENERIC,spacy,P0201-S05,P0201,27,II. Comportamientos críticos nocivos para el Estado > Comportamiento 1. Destrucción del rigor técnico > Caso 2. Salud y Protección Social,Comportamiento 1. Destrucción del rigor técnico,Ministerio,False
"$1,3 billones",MONEY,regex,P0201-S06,P0201,27,II. Comportamientos críticos nocivos para el Estado > Comportamiento 1. Destrucción del rigor técnico > Caso 2. Salud y Protección Social,Comportamiento 1. Destrucción del rigor técnico,"$1,3 billones",False
Ministerio,GENERIC,spacy,P0202-S01,P0202,27,II. Comportamientos críticos nocivos para el Estado > Comportamiento 1. Destrucción del rigor técnico > Caso 2. Salud y Protección Social,Comportamiento 1. Destrucción del rigor técnico,Ministerio,False
"$2,2 billones",MONEY,regex,P0202-S02,P0202,27,II. Comportamientos críticos nocivos para el Estado > Comportamiento 1. Destrucción del rigor técnico > Caso 2. Salud y Protección Social,Comportamiento 1. Destrucción del rigor técnico,"$2,2 billones",False
2025,DATE,regex,P0205-S02,P0205,27,II. Comportamientos críticos nocivos para el Estado > Comportamiento 1. Destrucción del rigor técnico > Caso 3. Función Pública,Comportamiento 1. Destrucción del rigor técnico,2025,False
2026,DATE,regex,P0205-S02,P0205,27,II. Comportamientos críticos nocivos para el Estado > Comportamiento 1. Destrucción del rigor técnico > Caso 3. Función Pública,Comportamiento 1. Destrucción del rigor técnico,2026,False
2000,DATE,regex,P0205-S02,P0205,27,II. Comportamientos críticos nocivos para el Estado > Comportamiento 1. Destrucción del rigor técnico > Caso 3. Función Pública,Comportamiento 1. Destrucción del rigor técnico,2000,False
Resolución 10142 de 2025,LAW,regex,P0205-S02,P0205,27,II. Comportamientos críticos nocivos para el Estado > Comportamiento 1. Destrucción del rigor técnico > Caso 3. Función Pública,Comportamiento 1. Destrucción del rigor técnico,Resolución 10142 de 2025,False
Resolución 0341 de 2026,LAW,regex,P0205-S02,P0205,27,II. Comportamientos críticos nocivos para el Estado > Comportamiento 1. Destrucción del rigor técnico > Caso 3. Función Pública,Comportamiento 1. Destrucción del rigor técnico,Resolución 0341 de 2026,False
Ley 274 de 2000,LAW,regex,P0205-S02,P0205,27,II. Comportamientos críticos nocivos para el Estado > Comportamiento 1. Destrucción del rigor técnico > Caso 3. Función Pública,Comportamiento 1. Destrucción del rigor técnico,Ley 274 de 2000,False
Manual de Funciones,MISC,spacy,P0205-S02,P0205,27,II. Comportamientos críticos nocivos para el Estado > Comportamiento 1. Destrucción del rigor técnico > Caso 3. Función Pública,Comportamiento 1. Destrucción del rigor técnico,Manual de Funciones,False
Competencias Laborales,MISC,spacy,P0205-S02,P0205,27,II. Comportamientos críticos nocivos para el Estado > Comportamiento 1. Destrucción del rigor técnico > Caso 3. Función Pública,Comportamiento 1. Destrucción del rigor técnico,Competencias Laborales,False
Ministerio de Relaciones Exteriores,GPE_LOC,spacy,P0205-S02,P0205,27,II. Comportamientos críticos nocivos para el Estado > Comportamiento 1. Destrucción del rigor técnico > Caso 3. Función Pública,Comportamiento 1. Destrucción del rigor técnico,Ministerio de Relaciones Exteriores,True
Decreto Ley,MISC,spacy,P0205-S02,P0205,27,II. Comportamientos críticos nocivos para el Estado > Comportamiento 1. Destrucción del rigor técnico > Caso 3. Función Pública,Comportamiento 1. Destrucción del rigor técnico,Decreto Ley,False
Carrera Diplomática y Consular,MISC,spacy,P0205-S02,P0205,27,II. Comportamientos críticos nocivos para el Estado > Comportamiento 1. Destrucción del rigor técnico > Caso 3. Función Pública,Comportamiento 1. Destrucción del rigor técnico,Carrera Diplomática y Consular,False
2026,DATE,regex,P0206-S01,P0206,28,II. Comportamientos críticos nocivos para el Estado > Comportamiento 1. Destrucción del rigor técnico > Caso 3. Función Pública,Comportamiento 1. Destrucción del rigor técnico,2026,False
2015,DATE,regex,P0206-S01,P0206,28,II. Comportamientos críticos nocivos para el Estado > Comportamiento 1. Destrucción del rigor técnico > Caso 3. Función Pública,Comportamiento 1. Destrucción del rigor técnico,2015,False
2026,DATE,regex,P0206-S01,P0206,28,II. Comportamientos críticos nocivos para el Estado > Comportamiento 1. Destrucción del rigor técnico > Caso 3. Función Pública,Comportamiento 1. Destrucción del rigor técnico,2026,False
2026,DATE,regex,P0206-S01,P0206,28,II. Comportamientos críticos nocivos para el Estado > Comportamiento 1. Destrucción del rigor técnico > Caso 3. Función Pública,Comportamiento 1. Destrucción del rigor técnico,2026,False
Decreto 0226 de 2026,LAW,regex,P0206-S01,P0206,28,II. Comportamientos críticos nocivos para el Estado > Comportamiento 1. Destrucción del rigor técnico > Caso 3. Función Pública,Comportamiento 1. Destrucción del rigor técnico,Decreto 0226 de 2026,False
Decreto 1083 de 2015,LAW,regex,P0206-S01,P0206,28,II. Comportamientos críticos nocivos para el Estado > Comportamiento 1. Destrucción del rigor técnico > Caso 3. Función Pública,Comportamiento 1. Destrucción del rigor técnico,Decreto 1083 de 2015,False
Decreto 0670 de 2026,LAW,regex,P0206-S01,P0206,28,II. Comportamientos críticos nocivos para el Estado > Comportamiento 1. Destrucción del rigor técnico > Caso 3. Función Pública,Comportamiento 1. Destrucción del rigor técnico,Decreto 0670 de 2026,False
Decreto 020 de 2026,LAW,regex,P0206-S01,P0206,28,II. Comportamientos críticos nocivos para el Estado > Comportamiento 1. Destrucción del rigor técnico > Caso 3. Función Pública,Comportamiento 1. Destrucción del rigor técnico,Decreto 020 de 2026,False
Superintendentes de la Superintendencia Financiera,GPE_LOC,spacy,P0206-S01,P0206,28,II. Comportamientos críticos nocivos para el Estado > Comportamiento 1. Destrucción del rigor técnico > Caso 3. Función Pública,Comportamiento 1. Destrucción del rigor técnico,Superintendentes de la Superintendencia Financiera,True
Superintendencia de Industria y Comercio,ORG,spacy,P0206-S01,P0206,28,II. Comportamientos críticos nocivos para el Estado > Comportamiento 1. Destrucción del rigor técnico > Caso 3. Función Pública,Comportamiento 1. Destrucción del rigor técnico,Superintendencia de Industria y Comercio,True
Superintendencia de Sociedades,ORG,spacy,P0206-S01,P0206,28,II. Comportamientos críticos nocivos para el Estado > Comportamiento 1. Destrucción del rigor técnico > Caso 3. Función Pública,Comportamiento 1. Destrucción del rigor técnico,Superintendencia de Sociedades,True
Oficial de Protección,MISC,spacy,P0206-S01,P0206,28,II. Comportamientos críticos nocivos para el Estado > Comportamiento 1. Destrucción del rigor técnico > Caso 3. Función Pública,Comportamiento 1. Destrucción del rigor técnico,Oficial de Protección,False
Unidad Nacional de Protección,ORG,spacy,P0206-S01,P0206,28,II. Comportamientos críticos nocivos para el Estado > Comportamiento 1. Destrucción del rigor técnico > Caso 3. Función Pública,Comportamiento 1. Destrucción del rigor técnico,Unidad Nacional de Protección,True
Planta de Personal,MISC,spacy,P0206-S01,P0206,28,II. Comportamientos críticos nocivos para el Estado > Comportamiento 1. Destrucción del rigor técnico > Caso 3. Función Pública,Comportamiento 1. Destrucción del rigor técnico,Planta de Personal,False
entre agosto de 2025 y enero de 2026,DATE,regex,P0207-S01,P0207,28,II. Comportamientos críticos nocivos para el Estado > Comportamiento 1. Destrucción del rigor técnico > Caso 3. Función Pública,Comportamiento 1. Destrucción del rigor técnico,entre agosto de 2025 y enero de 2026,False
$83.742 millones,MONEY,regex,P0207-S01,P0207,28,II. Comportamientos críticos nocivos para el Estado > Comportamiento 1. Destrucción del rigor técnico > Caso 3. Función Pública,Comportamiento 1. Destrucción del rigor técnico,$83.742 millones,False
Ley de Garantías,LAW,regex,P0207-S01,P0207,28,II. Comportamientos críticos nocivos para el Estado > Comportamiento 1. Destrucción del rigor técnico > Caso 3. Función Pública,Comportamiento 1. Destrucción del rigor técnico,Ley de Garantías,False
Cancillería,MISC,spacy,P0207-S01,P0207,28,II. Comportamientos críticos nocivos para el Estado > Comportamiento 1. Destrucción del rigor técnico > Caso 3. Función Pública,Comportamiento 1. Destrucción del rigor técnico,Cancillería,True
México,GPE_LOC,spacy,P0207-S02,P0207,28,II. Comportamientos críticos nocivos para el Estado > Comportamiento 1. Destrucción del rigor técnico > Caso 3. Función Pública,Comportamiento 1. Destrucción del rigor técnico,México,False
Consejo de Estado,ORG,spacy,P0207-S02,P0207,28,II. Comportamientos críticos nocivos para el Estado > Comportamiento 1. Destrucción del rigor técnico > Caso 3. Función Pública,Comportamiento 1. Destrucción del rigor técnico,Consejo de Estado,True
Estado fracasan,GPE_LOC,spacy,P0208-S01,P0208,28,II. Comportamientos críticos nocivos para el Estado > Comportamiento 1. Destrucción del rigor técnico > Caso 3. Función Pública,Comportamiento 1. Destrucción del rigor técnico,Estado fracasan,False
Estado,GENERIC,spacy,P0208-S03,P0208,28,II. Comportamientos críticos nocivos para el Estado > Comportamiento 1. Destrucción del rigor técnico > Caso 3. Función Pública,Comportamiento 1. Destrucción del rigor técnico,Estado,False
UPME,ORG,spacy,P0210-S01,P0210,28,II. Comportamientos críticos nocivos para el Estado > Comportamiento 1. Destrucción del rigor técnico > Caso 4. Minas y Energía,Comportamiento 1. Destrucción del rigor técnico,Unidad de Planeación Minero Energética,True
Asignación de Capacidad de Conexión,MISC,spacy,P0211-S01,P0211,28,II. Comportamientos críticos nocivos para el Estado > Comportamiento 1. Destrucción del rigor técnico > Caso 4. Minas y Energía,Comportamiento 1. Destrucción del rigor técnico,Asignación de Capacidad de Conexión,False
Unidad de Planeación Minero Energética,ORG,spacy,P0211-S01,P0211,28,II. Comportamientos críticos nocivos para el Estado > Comportamiento 1. Destrucción del rigor técnico > Caso 4. Minas y Energía,Comportamiento 1. Destrucción del rigor técnico,Unidad de Planeación Minero Energética,True
UPME,ORG,spacy,P0211-S01,P0211,28,II. Comportamientos críticos nocivos para el Estado > Comportamiento 1. Destrucción del rigor técnico > Caso 4. Minas y Energía,Comportamiento 1. Destrucción del rigor técnico,Unidad de Planeación Minero Energética,True
Hacienda,GENERIC,spacy,P0214-S01,P0214,29,II. Comportamientos críticos nocivos para el Estado > Comportamiento 2. Colapso de la capacidad tecnológica,Comportamiento 2. Colapso de la capacidad tecnológica,Hacienda,False
Defensa Nacional,ORG,spacy,P0215-S01,P0215,29,II. Comportamientos críticos nocivos para el Estado > Comportamiento 2. Colapso de la capacidad tecnológica,Comportamiento 2. Colapso de la capacidad tecnológica,Defensa Nacional,False
Función Pública,ORG,spacy,P0215-S01,P0215,29,II. Comportamientos críticos nocivos para el Estado > Comportamiento 2. Colapso de la capacidad tecnológica,Comportamiento 2. Colapso de la capacidad tecnológica,Función Pública,False
2028,DATE,regex,P0217-S02,P0217,29,II. Comportamientos críticos nocivos para el Estado > Comportamiento 2. Colapso de la capacidad tecnológica > Caso 5. Hacienda y Crédito Público,Comportamiento 2. Colapso de la capacidad tecnológica,2028,False
$310 mil millones,MONEY,regex,P0217-S02,P0217,29,II. Comportamientos críticos nocivos para el Estado > Comportamiento 2. Colapso de la capacidad tecnológica > Caso 5. Hacienda y Crédito Público,Comportamiento 2. Colapso de la capacidad tecnológica,$310 mil millones,False
Gobierno Petro,ORG,spacy,P0217-S02,P0217,29,II. Comportamientos críticos nocivos para el Estado > Comportamiento 2. Colapso de la capacidad tecnológica > Caso 5. Hacienda y Crédito Público,Comportamiento 2. Colapso de la capacidad tecnológica,Gobierno Petro,True
$310 mil millones de pesos,MONEY,regex,P0218-S01,P0218,29,II. Comportamientos críticos nocivos para el Estado > Comportamiento 2. Colapso de la capacidad tecnológica > Caso 5. Hacienda y Crédito Público,Comportamiento 2. Colapso de la capacidad tecnológica,$310 mil millones de pesos,False
Fondo DIAN,ORG,spacy,P0218-S01,P0218,29,II. Comportamientos críticos nocivos para el Estado > Comportamiento 2. Colapso de la capacidad tecnológica > Caso 5. Hacienda y Crédito Público,Comportamiento 2. Colapso de la capacidad tecnológica,Fondo DIAN,True
Gobierno,GENERIC,spacy,P0218-S01,P0218,29,II. Comportamientos críticos nocivos para el Estado > Comportamiento 2. Colapso de la capacidad tecnológica > Caso 5. Hacienda y Crédito Público,Comportamiento 2. Colapso de la capacidad tecnológica,Gobierno,False
Contraloría,ORG,spacy,P0218-S01,P0218,29,II. Comportamientos críticos nocivos para el Estado > Comportamiento 2. Colapso de la capacidad tecnológica > Caso 5. Hacienda y Crédito Público,Comportamiento 2. Colapso de la capacidad tecnológica,Contraloría,True
Procuraduría,ORG,spacy,P0218-S01,P0218,29,II. Comportamientos críticos nocivos para el Estado > Comportamiento 2. Colapso de la capacidad tecnológica > Caso 5. Hacienda y Crédito Público,Comportamiento 2. Colapso de la capacidad tecnológica,Procuraduría,True
2028,DATE,regex,P0218-S02,P0218,29,II. Comportamientos críticos nocivos para el Estado > Comportamiento 2. Colapso de la capacidad tecnológica > Caso 5. Hacienda y Crédito Público,Comportamiento 2. Colapso de la capacidad tecnológica,2028,False
USD 29 millones,MONEY,regex,P0218-S02,P0218,29,II. Comportamientos críticos nocivos para el Estado > Comportamiento 2. Colapso de la capacidad tecnológica > Caso 5. Hacienda y Crédito Público,Comportamiento 2. Colapso de la capacidad tecnológica,USD 29 millones,False
USD 45 millones,MONEY,regex,P0218-S02,P0218,29,II. Comportamientos críticos nocivos para el Estado > Comportamiento 2. Colapso de la capacidad tecnológica > Caso 5. Hacienda y Crédito Público,Comportamiento 2. Colapso de la capacidad tecnológica,USD 45 millones,False
Gobierno,GENERIC,spacy,P0218-S02,P0218,29,II. Comportamientos críticos nocivos para el Estado > Comportamiento 2. Colapso de la capacidad tecnológica > Caso 5. Hacienda y Crédito Público,Comportamiento 2. Colapso de la capacidad tecnológica,Gobierno,False
Administración,ORG,spacy,P0218-S02,P0218,29,II. Comportamientos críticos nocivos para el Estado > Comportamiento 2. Colapso de la capacidad tecnológica > Caso 5. Hacienda y Crédito Público,Comportamiento 2. Colapso de la capacidad tecnológica,Administración,False
2019-2024,DATE,regex,P0219-S02,P0219,29,II. Comportamientos críticos nocivos para el Estado > Comportamiento 2. Colapso de la capacidad tecnológica > Caso 5. Hacienda y Crédito Público,Comportamiento 2. Colapso de la capacidad tecnológica,2019-2024,False
$333.853 millones,MONEY,regex,P0219-S02,P0219,29,II. Comportamientos críticos nocivos para el Estado > Comportamiento 2. Colapso de la capacidad tecnológica > Caso 5. Hacienda y Crédito Público,Comportamiento 2. Colapso de la capacidad tecnológica,$333.853 millones,False
95%,PERCENT,regex,P0219-S02,P0219,29,II. Comportamientos críticos nocivos para el Estado > Comportamiento 2. Colapso de la capacidad tecnológica > Caso 5. Hacienda y Crédito Público,Comportamiento 2. Colapso de la capacidad tecnológica,95%,False
Plan de Modernización Tecnológica,MISC,spacy,P0219-S02,P0219,29,II. Comportamientos críticos nocivos para el Estado > Comportamiento 2. Colapso de la capacidad tecnológica > Caso 5. Hacienda y Crédito Público,Comportamiento 2. Colapso de la capacidad tecnológica,Plan de Modernización Tecnológica,False
95%,PERCENT,regex,P0219-S03,P0219,29,II. Comportamientos críticos nocivos para el Estado > Comportamiento 2. Colapso de la capacidad tecnológica > Caso 5. Hacienda y Crédito Público,Comportamiento 2. Colapso de la capacidad tecnológica,95%,False
DIAN,ORG,spacy,P0219-S03,P0219,29,II. Comportamientos críticos nocivos para el Estado > Comportamiento 2. Colapso de la capacidad tecnológica > Caso 5. Hacienda y Crédito Público,Comportamiento 2. Colapso de la capacidad tecnológica,DIAN,True
Estado,GENERIC,spacy,P0220-S01,P0220,29,II. Comportamientos críticos nocivos para el Estado > Comportamiento 2. Colapso de la capacidad tecnológica > Caso 5. Hacienda y Crédito Público,Comportamiento 2. Colapso de la capacidad tecnológica,Estado,False
DIAN,ORG,spacy,P0220-S02,P0220,29,II. Comportamientos críticos nocivos para el Estado > Comportamiento 2. Colapso de la capacidad tecnológica > Caso 5. Hacienda y Crédito Público,Comportamiento 2. Colapso de la capacidad tecnológica,DIAN,True
2028,DATE,regex,P0220-S04,P0220,29,II. Comportamientos críticos nocivos para el Estado > Comportamiento 2. Colapso de la capacidad tecnológica > Caso 5. Hacienda y Crédito Público,Comportamiento 2. Colapso de la capacidad tecnológica,2028,False
Estado,GENERIC,spacy,P0220-S04,P0220,29,II. Comportamientos críticos nocivos para el Estado > Comportamiento 2. Colapso de la capacidad tecnológica > Caso 5. Hacienda y Crédito Público,Comportamiento 2. Colapso de la capacidad tecnológica,Estado,False
$310.000 millones de pesos,MONEY,regex,P0220-S05,P0220,30,II. Comportamientos críticos nocivos para el Estado > Comportamiento 2. Colapso de la capacidad tecnológica > Caso 5. Hacienda y Crédito Público,Comportamiento 2. Colapso de la capacidad tecnológica,$310.000 millones de pesos,False
Gobierno,GENERIC,spacy,P0220-S05,P0220,30,II. Comportamientos críticos nocivos para el Estado > Comportamiento 2. Colapso de la capacidad tecnológica > Caso 5. Hacienda y Crédito Público,Comportamiento 2. Colapso de la capacidad tecnológica,Gobierno,False
"$6,3 billones",MONEY,regex,P0222-S01,P0222,30,II. Comportamientos críticos nocivos para el Estado > Comportamiento 2. Colapso de la capacidad tecnológica > Caso 6. Defensa Nacional,Comportamiento 2. Colapso de la capacidad tecnológica,"$6,3 billones",False
"$6,3 billones",MONEY,regex,P0223-S01,P0223,30,II. Comportamientos críticos nocivos para el Estado > Comportamiento 2. Colapso de la capacidad tecnológica > Caso 6. Defensa Nacional,Comportamiento 2. Colapso de la capacidad tecnológica,"$6,3 billones",False
Gobierno,GENERIC,spacy,P0223-S01,P0223,30,II. Comportamientos críticos nocivos para el Estado > Comportamiento 2. Colapso de la capacidad tecnológica > Caso 6. Defensa Nacional,Comportamiento 2. Colapso de la capacidad tecnológica,Gobierno,False
Escudo Nacional Antidrones,MISC,spacy,P0223-S01,P0223,30,II. Comportamientos críticos nocivos para el Estado > Comportamiento 2. Colapso de la capacidad tecnológica > Caso 6. Defensa Nacional,Comportamiento 2. Colapso de la capacidad tecnológica,Escudo Nacional Antidrones,False
Contraloría,ORG,spacy,P0223-S02,P0223,30,II. Comportamientos críticos nocivos para el Estado > Comportamiento 2. Colapso de la capacidad tecnológica > Caso 6. Defensa Nacional,Comportamiento 2. Colapso de la capacidad tecnológica,Contraloría,True
2025,DATE,regex,P0224-S01,P0224,30,II. Comportamientos críticos nocivos para el Estado > Comportamiento 2. Colapso de la capacidad tecnológica > Caso 6. Defensa Nacional,Comportamiento 2. Colapso de la capacidad tecnológica,2025,False
Estado,GENERIC,spacy,P0224-S01,P0224,30,II. Comportamientos críticos nocivos para el Estado > Comportamiento 2. Colapso de la capacidad tecnológica > Caso 6. Defensa Nacional,Comportamiento 2. Colapso de la capacidad tecnológica,Estado,False
Fuerza Pública,ORG,spacy,P0224-S01,P0224,30,II. Comportamientos críticos nocivos para el Estado > Comportamiento 2. Colapso de la capacidad tecnológica > Caso 6. Defensa Nacional,Comportamiento 2. Colapso de la capacidad tecnológica,Fuerza Pública,False
Grupos Armados Organizados,ORG,spacy,P0224-S01,P0224,30,II. Comportamientos críticos nocivos para el Estado > Comportamiento 2. Colapso de la capacidad tecnológica > Caso 6. Defensa Nacional,Comportamiento 2. Colapso de la capacidad tecnológica,Grupos Armados Organizados,False
GAO,ORG,spacy,P0224-S01,P0224,30,II. Comportamientos críticos nocivos para el Estado > Comportamiento 2. Colapso de la capacidad tecnológica > Caso 6. Defensa Nacional,Comportamiento 2. Colapso de la capacidad tecnológica,Grupos Armados Organizados,False
Entre abril de 2024 y noviembre de 2025,DATE,regex,P0224-S02,P0224,30,II. Comportamientos críticos nocivos para el Estado > Comportamiento 2. Colapso de la capacidad tecnológica > Caso 6. Defensa Nacional,Comportamiento 2. Colapso de la capacidad tecnológica,Entre abril de 2024 y noviembre de 2025,False
UAS,ORG,spacy,P0224-S02,P0224,30,II. Comportamientos críticos nocivos para el Estado > Comportamiento 2. Colapso de la capacidad tecnológica > Caso 6. Defensa Nacional,Comportamiento 2. Colapso de la capacidad tecnológica,UAS,False
2025,DATE,regex,P0224-S03,P0224,30,II. Comportamientos críticos nocivos para el Estado > Comportamiento 2. Colapso de la capacidad tecnológica > Caso 6. Defensa Nacional,Comportamiento 2. Colapso de la capacidad tecnológica,2025,False
Cauca,GPE_LOC,spacy,P0224-S03,P0224,30,II. Comportamientos críticos nocivos para el Estado > Comportamiento 2. Colapso de la capacidad tecnológica > Caso 6. Defensa Nacional,Comportamiento 2. Colapso de la capacidad tecnológica,Cauca,False
Nariño,GPE_LOC,spacy,P0224-S03,P0224,30,II. Comportamientos críticos nocivos para el Estado > Comportamiento 2. Colapso de la capacidad tecnológica > Caso 6. Defensa Nacional,Comportamiento 2. Colapso de la capacidad tecnológica,Nariño,False
"$6,3 billones",MONEY,regex,P0224-S04,P0224,30,II. Comportamientos críticos nocivos para el Estado > Comportamiento 2. Colapso de la capacidad tecnológica > Caso 6. Defensa Nacional,Comportamiento 2. Colapso de la capacidad tecnológica,"$6,3 billones",False
Colombia,GPE_LOC,spacy,P0224-S04,P0224,30,II. Comportamientos críticos nocivos para el Estado > Comportamiento 2. Colapso de la capacidad tecnológica > Caso 6. Defensa Nacional,Comportamiento 2. Colapso de la capacidad tecnológica,Colombia,False
Estado: SIGEP II,GPE_LOC,spacy,P0226-S01,P0226,30,II. Comportamientos críticos nocivos para el Estado > Comportamiento 2. Colapso de la capacidad tecnológica > Caso 7. Función Pública,Comportamiento 2. Colapso de la capacidad tecnológica,Estado: SIGEP II,False
FURAG,MISC,spacy,P0226-S01,P0226,30,II. Comportamientos críticos nocivos para el Estado > Comportamiento 2. Colapso de la capacidad tecnológica > Caso 7. Función Pública,Comportamiento 2. Colapso de la capacidad tecnológica,FURAG,False
SUIT,GPE_LOC,spacy,P0226-S01,P0226,30,II. Comportamientos críticos nocivos para el Estado > Comportamiento 2. Colapso de la capacidad tecnológica > Caso 7. Función Pública,Comportamiento 2. Colapso de la capacidad tecnológica,SUIT,False
Función Pública,ORG,spacy,P0226-S01,P0226,30,II. Comportamientos críticos nocivos para el Estado > Comportamiento 2. Colapso de la capacidad tecnológica > Caso 7. Función Pública,Comportamiento 2. Colapso de la capacidad tecnológica,Función Pública,False
Departamento Administrativo de la Función Pública,ORG,spacy,P0227-S01,P0227,30,II. Comportamientos críticos nocivos para el Estado > Comportamiento 2. Colapso de la capacidad tecnológica > Caso 7. Función Pública,Comportamiento 2. Colapso de la capacidad tecnológica,Departamento Administrativo de la Función Pública,True
DAFP,ORG,spacy,P0227-S01,P0227,30,II. Comportamientos críticos nocivos para el Estado > Comportamiento 2. Colapso de la capacidad tecnológica > Caso 7. Función Pública,Comportamiento 2. Colapso de la capacidad tecnológica,Departamento Administrativo de la Función Pública,True
SIGEP II,MISC,spacy,P0228-S02,P0228,30,II. Comportamientos críticos nocivos para el Estado > Comportamiento 2. Colapso de la capacidad tecnológica > Caso 7. Función Pública,Comportamiento 2. Colapso de la capacidad tecnológica,SIGEP II,False
FURAG,ORG,spacy,P0228-S03,P0228,30,II. Comportamientos críticos nocivos para el Estado > Comportamiento 2. Colapso de la capacidad tecnológica > Caso 7. Función Pública,Comportamiento 2. Colapso de la capacidad tecnológica,FURAG,False
Estado en Cifras,MISC,spacy,P0228-S03,P0228,30,II. Comportamientos críticos nocivos para el Estado > Comportamiento 2. Colapso de la capacidad tecnológica > Caso 7. Función Pública,Comportamiento 2. Colapso de la capacidad tecnológica,Estado en Cifras,False
DAFP,MISC,spacy,P0228-S03,P0228,30,II. Comportamientos críticos nocivos para el Estado > Comportamiento 2. Colapso de la capacidad tecnológica > Caso 7. Función Pública,Comportamiento 2. Colapso de la capacidad tecnológica,Departamento Administrativo de la Función Pública,True
SUIT,GPE_LOC,spacy,P0228-S04,P0228,30,II. Comportamientos críticos nocivos para el Estado > Comportamiento 2. Colapso de la capacidad tecnológica > Caso 7. Función Pública,Comportamiento 2. Colapso de la capacidad tecnológica,SUIT,False
Datos Abiertos,MISC,spacy,P0228-S04,P0228,30,II. Comportamientos críticos nocivos para el Estado > Comportamiento 2. Colapso de la capacidad tecnológica > Caso 7. Función Pública,Comportamiento 2. Colapso de la capacidad tecnológica,Datos Abiertos,False
Estado colapsan,GPE_LOC,spacy,P0229-S01,P0229,31,II. Comportamientos críticos nocivos para el Estado > Comportamiento 2. Colapso de la capacidad tecnológica > Caso 7. Función Pública,Comportamiento 2. Colapso de la capacidad tecnológica,Estado colapsan,False
SIGEP,ORG,spacy,P0229-S02,P0229,31,II. Comportamientos críticos nocivos para el Estado > Comportamiento 2. Colapso de la capacidad tecnológica > Caso 7. Función Pública,Comportamiento 2. Colapso de la capacidad tecnológica,SIGEP,False
FURAG,ORG,spacy,P0229-S02,P0229,31,II. Comportamientos críticos nocivos para el Estado > Comportamiento 2. Colapso de la capacidad tecnológica > Caso 7. Función Pública,Comportamiento 2. Colapso de la capacidad tecnológica,FURAG,False
Nación,GENERIC,spacy,P0229-S03,P0229,31,II. Comportamientos críticos nocivos para el Estado > Comportamiento 2. Colapso de la capacidad tecnológica > Caso 7. Función Pública,Comportamiento 2. Colapso de la capacidad tecnológica,Nación,False
Agricultura y Desarrollo Rural,GPE_LOC,spacy,P0231-S01,P0231,31,II. Comportamientos críticos nocivos para el Estado > Comportamiento 3. Opacidad y distorsión de la información pública,Comportamiento 3. Opacidad y distorsión de la información pública,Agricultura y Desarrollo Rural,False
Hacienda,GENERIC,spacy,P0231-S01,P0231,31,II. Comportamientos críticos nocivos para el Estado > Comportamiento 3. Opacidad y distorsión de la información pública,Comportamiento 3. Opacidad y distorsión de la información pública,Hacienda,False
Industria,GENERIC,spacy,P0231-S01,P0231,31,II. Comportamientos críticos nocivos para el Estado > Comportamiento 3. Opacidad y distorsión de la información pública,Comportamiento 3. Opacidad y distorsión de la información pública,Industria,False
Turismo; Salud y Protección Social,GPE_LOC,spacy,P0231-S01,P0231,31,II. Comportamientos críticos nocivos para el Estado > Comportamiento 3. Opacidad y distorsión de la información pública,Comportamiento 3. Opacidad y distorsión de la información pública,Turismo; Salud y Protección Social,False
Vivienda,GENERIC,spacy,P0232-S01,P0232,31,II. Comportamientos críticos nocivos para el Estado > Comportamiento 3. Opacidad y distorsión de la información pública,Comportamiento 3. Opacidad y distorsión de la información pública,Vivienda,False
Ciudad,GENERIC,spacy,P0232-S01,P0232,31,II. Comportamientos críticos nocivos para el Estado > Comportamiento 3. Opacidad y distorsión de la información pública,Comportamiento 3. Opacidad y distorsión de la información pública,Ciudad,False
Territorio,GENERIC,spacy,P0232-S01,P0232,31,II. Comportamientos críticos nocivos para el Estado > Comportamiento 3. Opacidad y distorsión de la información pública,Comportamiento 3. Opacidad y distorsión de la información pública,Territorio,False
Tecnologías de la Información,MISC,spacy,P0232-S01,P0232,31,II. Comportamientos críticos nocivos para el Estado > Comportamiento 3. Opacidad y distorsión de la información pública,Comportamiento 3. Opacidad y distorsión de la información pública,Tecnologías de la Información,False
Comunicaciones,MISC,spacy,P0232-S01,P0232,31,II. Comportamientos críticos nocivos para el Estado > Comportamiento 3. Opacidad y distorsión de la información pública,Comportamiento 3. Opacidad y distorsión de la información pública,Comunicaciones,False
Gobierno,GENERIC,spacy,P0234-S01,P0234,31,II. Comportamientos críticos nocivos para el Estado > Comportamiento 3. Opacidad y distorsión de la información pública > Caso 8. Agricultura y Desarrollo Rural,Comportamiento 3. Opacidad y distorsión de la información pública,Gobierno,False
Estado,GENERIC,spacy,P0234-S01,P0234,31,II. Comportamientos críticos nocivos para el Estado > Comportamiento 3. Opacidad y distorsión de la información pública > Caso 8. Agricultura y Desarrollo Rural,Comportamiento 3. Opacidad y distorsión de la información pública,Estado,False
Gobierno,GENERIC,spacy,P0235-S01,P0235,31,II. Comportamientos críticos nocivos para el Estado > Comportamiento 3. Opacidad y distorsión de la información pública > Caso 8. Agricultura y Desarrollo Rural,Comportamiento 3. Opacidad y distorsión de la información pública,Gobierno,False
2022-2026,DATE,regex,P0235-S02,P0235,31,II. Comportamientos críticos nocivos para el Estado > Comportamiento 3. Opacidad y distorsión de la información pública > Caso 8. Agricultura y Desarrollo Rural,Comportamiento 3. Opacidad y distorsión de la información pública,2022-2026,False
7%,PERCENT,regex,P0235-S02,P0235,31,II. Comportamientos críticos nocivos para el Estado > Comportamiento 3. Opacidad y distorsión de la información pública > Caso 8. Agricultura y Desarrollo Rural,Comportamiento 3. Opacidad y distorsión de la información pública,7%,False
Fondo de Tierras,ORG,spacy,P0235-S02,P0235,31,II. Comportamientos críticos nocivos para el Estado > Comportamiento 3. Opacidad y distorsión de la información pública > Caso 8. Agricultura y Desarrollo Rural,Comportamiento 3. Opacidad y distorsión de la información pública,Fondo de Tierras,True
Instrumentos Públicos,GPE_LOC,spacy,P0235-S02,P0235,31,II. Comportamientos críticos nocivos para el Estado > Comportamiento 3. Opacidad y distorsión de la información pública > Caso 8. Agricultura y Desarrollo Rural,Comportamiento 3. Opacidad y distorsión de la información pública,Instrumentos Públicos,False
Agencia Nacional de Tierras,ORG,spacy,P0236-S01,P0236,31,II. Comportamientos críticos nocivos para el Estado > Comportamiento 3. Opacidad y distorsión de la información pública > Caso 8. Agricultura y Desarrollo Rural,Comportamiento 3. Opacidad y distorsión de la información pública,Agencia Nacional de Tierras,True
22 de junio de 2026,DATE,regex,P0237-S01,P0237,31,II. Comportamientos críticos nocivos para el Estado > Comportamiento 3. Opacidad y distorsión de la información pública > Caso 8. Agricultura y Desarrollo Rural,Comportamiento 3. Opacidad y distorsión de la información pública,22 de junio de 2026,False
$979.003 millones,MONEY,regex,P0237-S01,P0237,31,II. Comportamientos críticos nocivos para el Estado > Comportamiento 3. Opacidad y distorsión de la información pública > Caso 8. Agricultura y Desarrollo Rural,Comportamiento 3. Opacidad y distorsión de la información pública,$979.003 millones,False
Contraloría,ORG,spacy,P0237-S01,P0237,31,II. Comportamientos críticos nocivos para el Estado > Comportamiento 3. Opacidad y distorsión de la información pública > Caso 8. Agricultura y Desarrollo Rural,Comportamiento 3. Opacidad y distorsión de la información pública,Contraloría,True
Sociedad de Activos Especiales,ORG,spacy,P0237-S01,P0237,31,II. Comportamientos críticos nocivos para el Estado > Comportamiento 3. Opacidad y distorsión de la información pública > Caso 8. Agricultura y Desarrollo Rural,Comportamiento 3. Opacidad y distorsión de la información pública,Sociedad de Activos Especiales,True
Nación,GENERIC,spacy,P0237-S01,P0237,31,II. Comportamientos críticos nocivos para el Estado > Comportamiento 3. Opacidad y distorsión de la información pública > Caso 8. Agricultura y Desarrollo Rural,Comportamiento 3. Opacidad y distorsión de la información pública,Nación,False
Estado,GENERIC,spacy,P0237-S02,P0237,31,II. Comportamientos críticos nocivos para el Estado > Comportamiento 3. Opacidad y distorsión de la información pública > Caso 8. Agricultura y Desarrollo Rural,Comportamiento 3. Opacidad y distorsión de la información pública,Estado,False
Gobierno,GENERIC,spacy,P0237-S03,P0237,31,II. Comportamientos críticos nocivos para el Estado > Comportamiento 3. Opacidad y distorsión de la información pública > Caso 8. Agricultura y Desarrollo Rural,Comportamiento 3. Opacidad y distorsión de la información pública,Gobierno,False
Gobierno,GENERIC,spacy,P0238-S03,P0238,31,II. Comportamientos críticos nocivos para el Estado > Comportamiento 3. Opacidad y distorsión de la información pública > Caso 8. Agricultura y Desarrollo Rural,Comportamiento 3. Opacidad y distorsión de la información pública,Gobierno,False
Gobierno,GENERIC,spacy,P0238-S04,P0238,31,II. Comportamientos críticos nocivos para el Estado > Comportamiento 3. Opacidad y distorsión de la información pública > Caso 8. Agricultura y Desarrollo Rural,Comportamiento 3. Opacidad y distorsión de la información pública,Gobierno,False
Procuraduría,ORG,spacy,P0240-S01,P0240,32,II. Comportamientos críticos nocivos para el Estado > Comportamiento 3. Opacidad y distorsión de la información pública > Caso 9. Hacienda y Crédito Público,Comportamiento 3. Opacidad y distorsión de la información pública,Procuraduría,True
Ministro,GENERIC,spacy,P0240-S01,P0240,32,II. Comportamientos críticos nocivos para el Estado > Comportamiento 3. Opacidad y distorsión de la información pública > Caso 9. Hacienda y Crédito Público,Comportamiento 3. Opacidad y distorsión de la información pública,Ministro,False
Contraloría General de la República,ORG,spacy,P0241-S01,P0241,32,II. Comportamientos críticos nocivos para el Estado > Comportamiento 3. Opacidad y distorsión de la información pública > Caso 9. Hacienda y Crédito Público,Comportamiento 3. Opacidad y distorsión de la información pública,Contraloría General de la República,True
50%,PERCENT,regex,P0241-S02,P0241,32,II. Comportamientos críticos nocivos para el Estado > Comportamiento 3. Opacidad y distorsión de la información pública > Caso 9. Hacienda y Crédito Público,Comportamiento 3. Opacidad y distorsión de la información pública,50%,False
100%,PERCENT,regex,P0241-S02,P0241,32,II. Comportamientos críticos nocivos para el Estado > Comportamiento 3. Opacidad y distorsión de la información pública > Caso 9. Hacienda y Crédito Público,Comportamiento 3. Opacidad y distorsión de la información pública,100%,False
Ministerio de Hacienda,GPE_LOC,spacy,P0241-S02,P0241,32,II. Comportamientos críticos nocivos para el Estado > Comportamiento 3. Opacidad y distorsión de la información pública > Caso 9. Hacienda y Crédito Público,Comportamiento 3. Opacidad y distorsión de la información pública,Ministerio de Hacienda,True
13%,PERCENT,regex,P0241-S03,P0241,32,II. Comportamientos críticos nocivos para el Estado > Comportamiento 3. Opacidad y distorsión de la información pública > Caso 9. Hacienda y Crédito Público,Comportamiento 3. Opacidad y distorsión de la información pública,13%,False
15%,PERCENT,regex,P0241-S03,P0241,32,II. Comportamientos críticos nocivos para el Estado > Comportamiento 3. Opacidad y distorsión de la información pública > Caso 9. Hacienda y Crédito Público,Comportamiento 3. Opacidad y distorsión de la información pública,15%,False
2026,DATE,regex,P0241-S04,P0241,32,II. Comportamientos críticos nocivos para el Estado > Comportamiento 3. Opacidad y distorsión de la información pública > Caso 9. Hacienda y Crédito Público,Comportamiento 3. Opacidad y distorsión de la información pública,2026,False
2029,DATE,regex,P0241-S04,P0241,32,II. Comportamientos críticos nocivos para el Estado > Comportamiento 3. Opacidad y distorsión de la información pública > Caso 9. Hacienda y Crédito Público,Comportamiento 3. Opacidad y distorsión de la información pública,2029,False
2030,DATE,regex,P0241-S04,P0241,32,II. Comportamientos críticos nocivos para el Estado > Comportamiento 3. Opacidad y distorsión de la información pública > Caso 9. Hacienda y Crédito Público,Comportamiento 3. Opacidad y distorsión de la información pública,2030,False
Gobierno,GENERIC,spacy,P0241-S04,P0241,32,II. Comportamientos críticos nocivos para el Estado > Comportamiento 3. Opacidad y distorsión de la información pública > Caso 9. Hacienda y Crédito Público,Comportamiento 3. Opacidad y distorsión de la información pública,Gobierno,False
$113 billones,MONEY,regex,P0242-S02,P0242,32,II. Comportamientos críticos nocivos para el Estado > Comportamiento 3. Opacidad y distorsión de la información pública > Caso 9. Hacienda y Crédito Público,Comportamiento 3. Opacidad y distorsión de la información pública,$113 billones,False
Procuraduría General de la Nación,ORG,spacy,P0243-S01,P0243,32,II. Comportamientos críticos nocivos para el Estado > Comportamiento 3. Opacidad y distorsión de la información pública > Caso 9. Hacienda y Crédito Público,Comportamiento 3. Opacidad y distorsión de la información pública,Procuraduría General de la Nación,True
Procuraduría,MISC,spacy,P0243-S02,P0243,32,II. Comportamientos críticos nocivos para el Estado > Comportamiento 3. Opacidad y distorsión de la información pública > Caso 9. Hacienda y Crédito Público,Comportamiento 3. Opacidad y distorsión de la información pública,Procuraduría,True
"$5,8 billones",MONEY,regex,P0246-S01,P0246,32,"II. Comportamientos críticos nocivos para el Estado > Comportamiento 3. Opacidad y distorsión de la información pública > Caso 10. Comercio, Industria y Turismo",Comportamiento 3. Opacidad y distorsión de la información pública,"$5,8 billones",False
Ministerio,GENERIC,spacy,P0246-S01,P0246,32,"II. Comportamientos críticos nocivos para el Estado > Comportamiento 3. Opacidad y distorsión de la información pública > Caso 10. Comercio, Industria y Turismo",Comportamiento 3. Opacidad y distorsión de la información pública,Ministerio,False
entre 2022 y 2026,DATE,regex,P0247-S01,P0247,32,"II. Comportamientos críticos nocivos para el Estado > Comportamiento 3. Opacidad y distorsión de la información pública > Caso 10. Comercio, Industria y Turismo",Comportamiento 3. Opacidad y distorsión de la información pública,entre 2022 y 2026,False
"$5,81 billones",MONEY,regex,P0247-S01,P0247,32,"II. Comportamientos críticos nocivos para el Estado > Comportamiento 3. Opacidad y distorsión de la información pública > Caso 10. Comercio, Industria y Turismo",Comportamiento 3. Opacidad y distorsión de la información pública,"$5,81 billones",False
"$4,05 billones",MONEY,regex,P0247-S02,P0247,32,"II. Comportamientos críticos nocivos para el Estado > Comportamiento 3. Opacidad y distorsión de la información pública > Caso 10. Comercio, Industria y Turismo",Comportamiento 3. Opacidad y distorsión de la información pública,"$4,05 billones",False
70%,PERCENT,regex,P0247-S02,P0247,32,"II. Comportamientos críticos nocivos para el Estado > Comportamiento 3. Opacidad y distorsión de la información pública > Caso 10. Comercio, Industria y Turismo",Comportamiento 3. Opacidad y distorsión de la información pública,70%,False
Ministerio,GENERIC,spacy,P0247-S02,P0247,32,"II. Comportamientos críticos nocivos para el Estado > Comportamiento 3. Opacidad y distorsión de la información pública > Caso 10. Comercio, Industria y Turismo",Comportamiento 3. Opacidad y distorsión de la información pública,Ministerio,False
entre 2022 y 2025,DATE,regex,P0247-S03,P0247,33,"II. Comportamientos críticos nocivos para el Estado > Comportamiento 3. Opacidad y distorsión de la información pública > Caso 10. Comercio, Industria y Turismo",Comportamiento 3. Opacidad y distorsión de la información pública,entre 2022 y 2025,False
$119.725 millones,MONEY,regex,P0247-S03,P0247,33,"II. Comportamientos críticos nocivos para el Estado > Comportamiento 3. Opacidad y distorsión de la información pública > Caso 10. Comercio, Industria y Turismo",Comportamiento 3. Opacidad y distorsión de la información pública,$119.725 millones,False
Contraloría,ORG,spacy,P0247-S03,P0247,33,"II. Comportamientos críticos nocivos para el Estado > Comportamiento 3. Opacidad y distorsión de la información pública > Caso 10. Comercio, Industria y Turismo",Comportamiento 3. Opacidad y distorsión de la información pública,Contraloría,True
Ministerio,GENERIC,spacy,P0247-S03,P0247,33,"II. Comportamientos críticos nocivos para el Estado > Comportamiento 3. Opacidad y distorsión de la información pública > Caso 10. Comercio, Industria y Turismo",Comportamiento 3. Opacidad y distorsión de la información pública,Ministerio,False
$766.813 millones,MONEY,regex,P0247-S04,P0247,33,"II. Comportamientos críticos nocivos para el Estado > Comportamiento 3. Opacidad y distorsión de la información pública > Caso 10. Comercio, Industria y Turismo",Comportamiento 3. Opacidad y distorsión de la información pública,$766.813 millones,False
marzo de 2026,DATE,regex,P0247-S05,P0247,33,"II. Comportamientos críticos nocivos para el Estado > Comportamiento 3. Opacidad y distorsión de la información pública > Caso 10. Comercio, Industria y Turismo",Comportamiento 3. Opacidad y distorsión de la información pública,marzo de 2026,False
$876.845 millones,MONEY,regex,P0247-S05,P0247,33,"II. Comportamientos críticos nocivos para el Estado > Comportamiento 3. Opacidad y distorsión de la información pública > Caso 10. Comercio, Industria y Turismo",Comportamiento 3. Opacidad y distorsión de la información pública,$876.845 millones,False
$650.821 millones,MONEY,regex,P0247-S05,P0247,33,"II. Comportamientos críticos nocivos para el Estado > Comportamiento 3. Opacidad y distorsión de la información pública > Caso 10. Comercio, Industria y Turismo",Comportamiento 3. Opacidad y distorsión de la información pública,$650.821 millones,False
$408.359 millones,MONEY,regex,P0247-S05,P0247,33,"II. Comportamientos críticos nocivos para el Estado > Comportamiento 3. Opacidad y distorsión de la información pública > Caso 10. Comercio, Industria y Turismo",Comportamiento 3. Opacidad y distorsión de la información pública,$408.359 millones,False
Ministerio,GENERIC,spacy,P0247-S05,P0247,33,"II. Comportamientos críticos nocivos para el Estado > Comportamiento 3. Opacidad y distorsión de la información pública > Caso 10. Comercio, Industria y Turismo",Comportamiento 3. Opacidad y distorsión de la información pública,Ministerio,False
$766.813 millones,MONEY,regex,P0248-S03,P0248,33,"II. Comportamientos críticos nocivos para el Estado > Comportamiento 3. Opacidad y distorsión de la información pública > Caso 10. Comercio, Industria y Turismo",Comportamiento 3. Opacidad y distorsión de la información pública,$766.813 millones,False
Estado,GENERIC,spacy,P0248-S03,P0248,33,"II. Comportamientos críticos nocivos para el Estado > Comportamiento 3. Opacidad y distorsión de la información pública > Caso 10. Comercio, Industria y Turismo",Comportamiento 3. Opacidad y distorsión de la información pública,Estado,False
$650.821 millones,MONEY,regex,P0248-S04,P0248,33,"II. Comportamientos críticos nocivos para el Estado > Comportamiento 3. Opacidad y distorsión de la información pública > Caso 10. Comercio, Industria y Turismo",Comportamiento 3. Opacidad y distorsión de la información pública,$650.821 millones,False
Ministerio,GENERIC,spacy,P0248-S04,P0248,33,"II. Comportamientos críticos nocivos para el Estado > Comportamiento 3. Opacidad y distorsión de la información pública > Caso 10. Comercio, Industria y Turismo",Comportamiento 3. Opacidad y distorsión de la información pública,Ministerio,False
"$6,8 billones",MONEY,regex,P0250-S01,P0250,33,II. Comportamientos críticos nocivos para el Estado > Comportamiento 3. Opacidad y distorsión de la información pública > Caso 11. Salud y Protección Social,Comportamiento 3. Opacidad y distorsión de la información pública,"$6,8 billones",False
Ministerio de Salud,GPE_LOC,spacy,P0250-S01,P0250,33,II. Comportamientos críticos nocivos para el Estado > Comportamiento 3. Opacidad y distorsión de la información pública > Caso 11. Salud y Protección Social,Comportamiento 3. Opacidad y distorsión de la información pública,Ministerio de Salud,True
Equipos Básicos,ORG,spacy,P0250-S01,P0250,33,II. Comportamientos críticos nocivos para el Estado > Comportamiento 3. Opacidad y distorsión de la información pública > Caso 11. Salud y Protección Social,Comportamiento 3. Opacidad y distorsión de la información pública,Equipos Básicos,False
2022,DATE,regex,P0251-S01,P0251,33,II. Comportamientos críticos nocivos para el Estado > Comportamiento 3. Opacidad y distorsión de la información pública > Caso 11. Salud y Protección Social,Comportamiento 3. Opacidad y distorsión de la información pública,2022,False
junio de 2026,DATE,regex,P0251-S01,P0251,33,II. Comportamientos críticos nocivos para el Estado > Comportamiento 3. Opacidad y distorsión de la información pública > Caso 11. Salud y Protección Social,Comportamiento 3. Opacidad y distorsión de la información pública,junio de 2026,False
"$6,8 billones",MONEY,regex,P0251-S01,P0251,33,II. Comportamientos críticos nocivos para el Estado > Comportamiento 3. Opacidad y distorsión de la información pública > Caso 11. Salud y Protección Social,Comportamiento 3. Opacidad y distorsión de la información pública,"$6,8 billones",False
Superintendencia Nacional de Salud,ORG,spacy,P0251-S01,P0251,33,II. Comportamientos críticos nocivos para el Estado > Comportamiento 3. Opacidad y distorsión de la información pública > Caso 11. Salud y Protección Social,Comportamiento 3. Opacidad y distorsión de la información pública,Superintendencia Nacional de Salud,True
Equipos Básicos,ORG,spacy,P0252-S01,P0252,33,II. Comportamientos críticos nocivos para el Estado > Comportamiento 3. Opacidad y distorsión de la información pública > Caso 11. Salud y Protección Social,Comportamiento 3. Opacidad y distorsión de la información pública,Equipos Básicos,False
Salud,GENERIC,spacy,P0252-S01,P0252,33,II. Comportamientos críticos nocivos para el Estado > Comportamiento 3. Opacidad y distorsión de la información pública > Caso 11. Salud y Protección Social,Comportamiento 3. Opacidad y distorsión de la información pública,Salud,False
Empresas Sociales del Estado,ORG,spacy,P0252-S01,P0252,33,II. Comportamientos críticos nocivos para el Estado > Comportamiento 3. Opacidad y distorsión de la información pública > Caso 11. Salud y Protección Social,Comportamiento 3. Opacidad y distorsión de la información pública,Empresas Sociales del Estado,False
Gobierno,GENERIC,spacy,P0253-S02,P0253,33,II. Comportamientos críticos nocivos para el Estado > Comportamiento 3. Opacidad y distorsión de la información pública > Caso 11. Salud y Protección Social,Comportamiento 3. Opacidad y distorsión de la información pública,Gobierno,False
Congreso,ORG,spacy,P0253-S02,P0253,33,II. Comportamientos críticos nocivos para el Estado > Comportamiento 3. Opacidad y distorsión de la información pública > Caso 11. Salud y Protección Social,Comportamiento 3. Opacidad y distorsión de la información pública,Congreso,True
"$6,8 billones",MONEY,regex,P0254-S01,P0254,33,II. Comportamientos críticos nocivos para el Estado > Comportamiento 3. Opacidad y distorsión de la información pública > Caso 11. Salud y Protección Social,Comportamiento 3. Opacidad y distorsión de la información pública,"$6,8 billones",False
Ministerio,GENERIC,spacy,P0255-S02,P0255,33,II. Comportamientos críticos nocivos para el Estado > Comportamiento 3. Opacidad y distorsión de la información pública > Caso 11. Salud y Protección Social,Comportamiento 3. Opacidad y distorsión de la información pública,Ministerio,False
Superintendencia Nacional de Salud,ORG,spacy,P0255-S03,P0255,33,II. Comportamientos críticos nocivos para el Estado > Comportamiento 3. Opacidad y distorsión de la información pública > Caso 11. Salud y Protección Social,Comportamiento 3. Opacidad y distorsión de la información pública,Superintendencia Nacional de Salud,True
"$6,8 billones",MONEY,regex,P0255-S04,P0255,34,II. Comportamientos críticos nocivos para el Estado > Comportamiento 3. Opacidad y distorsión de la información pública > Caso 11. Salud y Protección Social,Comportamiento 3. Opacidad y distorsión de la información pública,"$6,8 billones",False
Contraloría,ORG,spacy,P0257-S01,P0257,34,"II. Comportamientos críticos nocivos para el Estado > Comportamiento 3. Opacidad y distorsión de la información pública > Caso 12. Vivienda, Ciudad y Territorio",Comportamiento 3. Opacidad y distorsión de la información pública,Contraloría,True
Ministerio de Vivienda,GPE_LOC,spacy,P0257-S01,P0257,34,"II. Comportamientos críticos nocivos para el Estado > Comportamiento 3. Opacidad y distorsión de la información pública > Caso 12. Vivienda, Ciudad y Territorio",Comportamiento 3. Opacidad y distorsión de la información pública,Ministerio de Vivienda,True
2025,DATE,regex,P0258-S01,P0258,34,"II. Comportamientos críticos nocivos para el Estado > Comportamiento 3. Opacidad y distorsión de la información pública > Caso 12. Vivienda, Ciudad y Territorio",Comportamiento 3. Opacidad y distorsión de la información pública,2025,False
Contraloría General de la República,ORG,spacy,P0258-S01,P0258,34,"II. Comportamientos críticos nocivos para el Estado > Comportamiento 3. Opacidad y distorsión de la información pública > Caso 12. Vivienda, Ciudad y Territorio",Comportamiento 3. Opacidad y distorsión de la información pública,Contraloría General de la República,True
Ministerio de Vivienda,GPE_LOC,spacy,P0258-S01,P0258,34,"II. Comportamientos críticos nocivos para el Estado > Comportamiento 3. Opacidad y distorsión de la información pública > Caso 12. Vivienda, Ciudad y Territorio",Comportamiento 3. Opacidad y distorsión de la información pública,Ministerio de Vivienda,True
Ciudad,GENERIC,spacy,P0258-S01,P0258,34,"II. Comportamientos críticos nocivos para el Estado > Comportamiento 3. Opacidad y distorsión de la información pública > Caso 12. Vivienda, Ciudad y Territorio",Comportamiento 3. Opacidad y distorsión de la información pública,Ciudad,False
Territorio,GENERIC,spacy,P0258-S01,P0258,34,"II. Comportamientos críticos nocivos para el Estado > Comportamiento 3. Opacidad y distorsión de la información pública > Caso 12. Vivienda, Ciudad y Territorio",Comportamiento 3. Opacidad y distorsión de la información pública,Territorio,False
Sistema Electrónico,GPE_LOC,spacy,P0259-S01,P0259,34,"II. Comportamientos críticos nocivos para el Estado > Comportamiento 3. Opacidad y distorsión de la información pública > Caso 12. Vivienda, Ciudad y Territorio",Comportamiento 3. Opacidad y distorsión de la información pública,Sistema Electrónico,False
Contratación Pública,ORG,spacy,P0259-S01,P0259,34,"II. Comportamientos críticos nocivos para el Estado > Comportamiento 3. Opacidad y distorsión de la información pública > Caso 12. Vivienda, Ciudad y Territorio",Comportamiento 3. Opacidad y distorsión de la información pública,Contratación Pública,False
SECOP,MISC,spacy,P0259-S01,P0259,34,"II. Comportamientos críticos nocivos para el Estado > Comportamiento 3. Opacidad y distorsión de la información pública > Caso 12. Vivienda, Ciudad y Territorio",Comportamiento 3. Opacidad y distorsión de la información pública,SECOP,False
Contraloría,ORG,spacy,P0260-S01,P0260,34,"II. Comportamientos críticos nocivos para el Estado > Comportamiento 3. Opacidad y distorsión de la información pública > Caso 12. Vivienda, Ciudad y Territorio",Comportamiento 3. Opacidad y distorsión de la información pública,Contraloría,True
SECOP,MISC,spacy,P0260-S01,P0260,34,"II. Comportamientos críticos nocivos para el Estado > Comportamiento 3. Opacidad y distorsión de la información pública > Caso 12. Vivienda, Ciudad y Territorio",Comportamiento 3. Opacidad y distorsión de la información pública,SECOP,False
SECOP,MISC,spacy,P0261-S02,P0261,34,"II. Comportamientos críticos nocivos para el Estado > Comportamiento 3. Opacidad y distorsión de la información pública > Caso 12. Vivienda, Ciudad y Territorio",Comportamiento 3. Opacidad y distorsión de la información pública,SECOP,False
$11.665 millones,MONEY,regex,P0263-S01,P0263,34,II. Comportamientos críticos nocivos para el Estado > Comportamiento 3. Opacidad y distorsión de la información pública > Caso 13. Tecnologías de la Información y las Comunicaciones (TIC),Comportamiento 3. Opacidad y distorsión de la información pública,$11.665 millones,False
119%,PERCENT,regex,P0263-S01,P0263,34,II. Comportamientos críticos nocivos para el Estado > Comportamiento 3. Opacidad y distorsión de la información pública > Caso 13. Tecnologías de la Información y las Comunicaciones (TIC),Comportamiento 3. Opacidad y distorsión de la información pública,119%,False
RTVC,MISC,spacy,P0263-S01,P0263,34,II. Comportamientos críticos nocivos para el Estado > Comportamiento 3. Opacidad y distorsión de la información pública > Caso 13. Tecnologías de la Información y las Comunicaciones (TIC),Comportamiento 3. Opacidad y distorsión de la información pública,RTVC,True
Gobierno,GENERIC,spacy,P0263-S01,P0263,34,II. Comportamientos críticos nocivos para el Estado > Comportamiento 3. Opacidad y distorsión de la información pública > Caso 13. Tecnologías de la Información y las Comunicaciones (TIC),Comportamiento 3. Opacidad y distorsión de la información pública,Gobierno,False
Contraloría General de la República,ORG,spacy,P0264-S01,P0264,34,II. Comportamientos críticos nocivos para el Estado > Comportamiento 3. Opacidad y distorsión de la información pública > Caso 13. Tecnologías de la Información y las Comunicaciones (TIC),Comportamiento 3. Opacidad y distorsión de la información pública,Contraloría General de la República,True
Radio Televisión Nacional de Colombia,ORG,spacy,P0264-S01,P0264,34,II. Comportamientos críticos nocivos para el Estado > Comportamiento 3. Opacidad y distorsión de la información pública > Caso 13. Tecnologías de la Información y las Comunicaciones (TIC),Comportamiento 3. Opacidad y distorsión de la información pública,Radio Televisión Nacional de Colombia,False
RTVC,MISC,spacy,P0264-S01,P0264,34,II. Comportamientos críticos nocivos para el Estado > Comportamiento 3. Opacidad y distorsión de la información pública > Caso 13. Tecnologías de la Información y las Comunicaciones (TIC),Comportamiento 3. Opacidad y distorsión de la información pública,RTVC,True
Observación Administrativa No,MISC,spacy,P0264-S01,P0264,34,II. Comportamientos críticos nocivos para el Estado > Comportamiento 3. Opacidad y distorsión de la información pública > Caso 13. Tecnologías de la Información y las Comunicaciones (TIC),Comportamiento 3. Opacidad y distorsión de la información pública,Observación Administrativa No,False
50%,PERCENT,regex,P0264-S02,P0264,34,II. Comportamientos críticos nocivos para el Estado > Comportamiento 3. Opacidad y distorsión de la información pública > Caso 13. Tecnologías de la Información y las Comunicaciones (TIC),Comportamiento 3. Opacidad y distorsión de la información pública,50%,False
2025,DATE,regex,P0265-S01,P0265,34,II. Comportamientos críticos nocivos para el Estado > Comportamiento 3. Opacidad y distorsión de la información pública > Caso 13. Tecnologías de la Información y las Comunicaciones (TIC),Comportamiento 3. Opacidad y distorsión de la información pública,2025,False
$2.342.334.238,MONEY,regex,P0265-S01,P0265,34,II. Comportamientos críticos nocivos para el Estado > Comportamiento 3. Opacidad y distorsión de la información pública > Caso 13. Tecnologías de la Información y las Comunicaciones (TIC),Comportamiento 3. Opacidad y distorsión de la información pública,$2.342.334.238,False
$5.146.864.213,MONEY,regex,P0265-S01,P0265,34,II. Comportamientos críticos nocivos para el Estado > Comportamiento 3. Opacidad y distorsión de la información pública > Caso 13. Tecnologías de la Información y las Comunicaciones (TIC),Comportamiento 3. Opacidad y distorsión de la información pública,$5.146.864.213,False
"119,73 %",PERCENT,regex,P0265-S01,P0265,34,II. Comportamientos críticos nocivos para el Estado > Comportamiento 3. Opacidad y distorsión de la información pública > Caso 13. Tecnologías de la Información y las Comunicaciones (TIC),Comportamiento 3. Opacidad y distorsión de la información pública,"119,73 %",False
$5.839.396.974,MONEY,regex,P0265-S02,P0265,34,II. Comportamientos críticos nocivos para el Estado > Comportamiento 3. Opacidad y distorsión de la información pública > Caso 13. Tecnologías de la Información y las Comunicaciones (TIC),Comportamiento 3. Opacidad y distorsión de la información pública,$5.839.396.974,False
Observación de la Contraloría,MISC,spacy,P0265-S02,P0265,34,II. Comportamientos críticos nocivos para el Estado > Comportamiento 3. Opacidad y distorsión de la información pública > Caso 13. Tecnologías de la Información y las Comunicaciones (TIC),Comportamiento 3. Opacidad y distorsión de la información pública,Observación de la Contraloría,True
RTVC,MISC,spacy,P0265-S02,P0265,34,II. Comportamientos críticos nocivos para el Estado > Comportamiento 3. Opacidad y distorsión de la información pública > Caso 13. Tecnologías de la Información y las Comunicaciones (TIC),Comportamiento 3. Opacidad y distorsión de la información pública,RTVC,True
3316-2025,DATE,regex,P0266-S01,P0266,34,II. Comportamientos críticos nocivos para el Estado > Comportamiento 3. Opacidad y distorsión de la información pública > Caso 13. Tecnologías de la Información y las Comunicaciones (TIC),Comportamiento 3. Opacidad y distorsión de la información pública,3316-2025,False
29 de diciembre de 2025,DATE,regex,P0266-S01,P0266,34,II. Comportamientos críticos nocivos para el Estado > Comportamiento 3. Opacidad y distorsión de la información pública > Caso 13. Tecnologías de la Información y las Comunicaciones (TIC),Comportamiento 3. Opacidad y distorsión de la información pública,29 de diciembre de 2025,False
$3.448.725.386,MONEY,regex,P0266-S01,P0266,34,II. Comportamientos críticos nocivos para el Estado > Comportamiento 3. Opacidad y distorsión de la información pública > Caso 13. Tecnologías de la Información y las Comunicaciones (TIC),Comportamiento 3. Opacidad y distorsión de la información pública,$3.448.725.386,False
$3.800.000.000,MONEY,regex,P0266-S01,P0266,34,II. Comportamientos críticos nocivos para el Estado > Comportamiento 3. Opacidad y distorsión de la información pública > Caso 13. Tecnologías de la Información y las Comunicaciones (TIC),Comportamiento 3. Opacidad y distorsión de la información pública,$3.800.000.000,False
$7.248.725.386,MONEY,regex,P0266-S01,P0266,34,II. Comportamientos críticos nocivos para el Estado > Comportamiento 3. Opacidad y distorsión de la información pública > Caso 13. Tecnologías de la Información y las Comunicaciones (TIC),Comportamiento 3. Opacidad y distorsión de la información pública,$7.248.725.386,False
"110,19 %",PERCENT,regex,P0266-S01,P0266,34,II. Comportamientos críticos nocivos para el Estado > Comportamiento 3. Opacidad y distorsión de la información pública > Caso 13. Tecnologías de la Información y las Comunicaciones (TIC),Comportamiento 3. Opacidad y distorsión de la información pública,"110,19 %",False
6 de agosto de 2026,DATE,regex,P0267-S02,P0267,35,II. Comportamientos críticos nocivos para el Estado > Comportamiento 3. Opacidad y distorsión de la información pública > Caso 13. Tecnologías de la Información y las Comunicaciones (TIC),Comportamiento 3. Opacidad y distorsión de la información pública,6 de agosto de 2026,False
$11.665.154.195,MONEY,regex,P0267-S02,P0267,35,II. Comportamientos críticos nocivos para el Estado > Comportamiento 3. Opacidad y distorsión de la información pública > Caso 13. Tecnologías de la Información y las Comunicaciones (TIC),Comportamiento 3. Opacidad y distorsión de la información pública,$11.665.154.195,False
Gobierno,GENERIC,spacy,P0267-S02,P0267,35,II. Comportamientos críticos nocivos para el Estado > Comportamiento 3. Opacidad y distorsión de la información pública > Caso 13. Tecnologías de la Información y las Comunicaciones (TIC),Comportamiento 3. Opacidad y distorsión de la información pública,Gobierno,False
50%,PERCENT,regex,P0268-S01,P0268,35,II. Comportamientos críticos nocivos para el Estado > Comportamiento 3. Opacidad y distorsión de la información pública > Caso 13. Tecnologías de la Información y las Comunicaciones (TIC),Comportamiento 3. Opacidad y distorsión de la información pública,50%,False
RTVC,MISC,spacy,P0268-S01,P0268,35,II. Comportamientos críticos nocivos para el Estado > Comportamiento 3. Opacidad y distorsión de la información pública > Caso 13. Tecnologías de la Información y las Comunicaciones (TIC),Comportamiento 3. Opacidad y distorsión de la información pública,RTVC,True
Estado,GENERIC,spacy,P0269-S02,P0269,35,II. Comportamientos críticos nocivos para el Estado > Comportamiento 3. Opacidad y distorsión de la información pública > Caso 13. Tecnologías de la Información y las Comunicaciones (TIC),Comportamiento 3. Opacidad y distorsión de la información pública,Estado,False
Observación de la Contraloría,MISC,spacy,P0269-S02,P0269,35,II. Comportamientos críticos nocivos para el Estado > Comportamiento 3. Opacidad y distorsión de la información pública > Caso 13. Tecnologías de la Información y las Comunicaciones (TIC),Comportamiento 3. Opacidad y distorsión de la información pública,Observación de la Contraloría,True
RTVC,MISC,spacy,P0269-S02,P0269,35,II. Comportamientos críticos nocivos para el Estado > Comportamiento 3. Opacidad y distorsión de la información pública > Caso 13. Tecnologías de la Información y las Comunicaciones (TIC),Comportamiento 3. Opacidad y distorsión de la información pública,RTVC,True
Transporte e Infraestructura; Ciencia,GPE_LOC,spacy,P0271-S01,P0271,35,II. Comportamientos críticos nocivos para el Estado > Comportamiento 4. Parálisis operativa,Comportamiento 4. Parálisis operativa,Transporte e Infraestructura; Ciencia,False
Tecnología e Innovación,MISC,spacy,P0271-S01,P0271,35,II. Comportamientos críticos nocivos para el Estado > Comportamiento 4. Parálisis operativa,Comportamiento 4. Parálisis operativa,Tecnología e Innovación,False
Inclusión Social y Reconciliación,MISC,spacy,P0272-S01,P0272,35,II. Comportamientos críticos nocivos para el Estado > Comportamiento 4. Parálisis operativa,Comportamiento 4. Parálisis operativa,Inclusión Social y Reconciliación,False
Salud y Protección Social; Relaciones Exteriores; Justicia y Derecho; Ambiente y Desarrollo Sostenible; Vivienda,MISC,spacy,P0272-S01,P0272,35,II. Comportamientos críticos nocivos para el Estado > Comportamiento 4. Parálisis operativa,Comportamiento 4. Parálisis operativa,Salud y Protección Social; Relaciones Exteriores; Justicia y Derecho; Ambiente y Desarrollo Sostenible; Vivienda,False
Ciudad,GENERIC,spacy,P0272-S01,P0272,35,II. Comportamientos críticos nocivos para el Estado > Comportamiento 4. Parálisis operativa,Comportamiento 4. Parálisis operativa,Ciudad,False
Territorio,GENERIC,spacy,P0272-S01,P0272,35,II. Comportamientos críticos nocivos para el Estado > Comportamiento 4. Parálisis operativa,Comportamiento 4. Parálisis operativa,Territorio,False
Minas,GENERIC,spacy,P0272-S01,P0272,35,II. Comportamientos críticos nocivos para el Estado > Comportamiento 4. Parálisis operativa,Comportamiento 4. Parálisis operativa,Minas,False
Energía,GENERIC,spacy,P0272-S01,P0272,35,II. Comportamientos críticos nocivos para el Estado > Comportamiento 4. Parálisis operativa,Comportamiento 4. Parálisis operativa,Energía,False
Tecnologías de la Información,MISC,spacy,P0272-S01,P0272,35,II. Comportamientos críticos nocivos para el Estado > Comportamiento 4. Parálisis operativa,Comportamiento 4. Parálisis operativa,Tecnologías de la Información,False
Comunicaciones,MISC,spacy,P0272-S01,P0272,35,II. Comportamientos críticos nocivos para el Estado > Comportamiento 4. Parálisis operativa,Comportamiento 4. Parálisis operativa,Comunicaciones,False
UNGRD,MISC,spacy,P0274-S01,P0274,35,II. Comportamientos críticos nocivos para el Estado > Comportamiento 4. Parálisis operativa > Caso 14. Presidencia de la República,Comportamiento 4. Parálisis operativa,UNGRD,True
Entre 2022 y 2026,DATE,regex,P0275-S01,P0275,35,II. Comportamientos críticos nocivos para el Estado > Comportamiento 4. Parálisis operativa > Caso 14. Presidencia de la República,Comportamiento 4. Parálisis operativa,Entre 2022 y 2026,False
"$15,3 billones",MONEY,regex,P0275-S01,P0275,35,II. Comportamientos críticos nocivos para el Estado > Comportamiento 4. Parálisis operativa > Caso 14. Presidencia de la República,Comportamiento 4. Parálisis operativa,"$15,3 billones",False
"4,3%",PERCENT,regex,P0275-S01,P0275,35,II. Comportamientos críticos nocivos para el Estado > Comportamiento 4. Parálisis operativa > Caso 14. Presidencia de la República,Comportamiento 4. Parálisis operativa,"4,3%",False
"82,8%",PERCENT,regex,P0275-S01,P0275,35,II. Comportamientos críticos nocivos para el Estado > Comportamiento 4. Parálisis operativa > Caso 14. Presidencia de la República,Comportamiento 4. Parálisis operativa,"82,8%",False
UNGRD,ORG,spacy,P0275-S01,P0275,35,II. Comportamientos críticos nocivos para el Estado > Comportamiento 4. Parálisis operativa > Caso 14. Presidencia de la República,Comportamiento 4. Parálisis operativa,UNGRD,True
Sector Presidencia,GPE_LOC,spacy,P0275-S01,P0275,35,II. Comportamientos críticos nocivos para el Estado > Comportamiento 4. Parálisis operativa > Caso 14. Presidencia de la República,Comportamiento 4. Parálisis operativa,Sector Presidencia,True
SIIF Nación II,MISC,spacy,P0275-S01,P0275,35,II. Comportamientos críticos nocivos para el Estado > Comportamiento 4. Parálisis operativa > Caso 14. Presidencia de la República,Comportamiento 4. Parálisis operativa,SIIF Nación II,False
2022,DATE,regex,P0275-S02,P0275,35,II. Comportamientos críticos nocivos para el Estado > Comportamiento 4. Parálisis operativa > Caso 14. Presidencia de la República,Comportamiento 4. Parálisis operativa,2022,False
2023,DATE,regex,P0275-S02,P0275,35,II. Comportamientos críticos nocivos para el Estado > Comportamiento 4. Parálisis operativa > Caso 14. Presidencia de la República,Comportamiento 4. Parálisis operativa,2023,False
2024,DATE,regex,P0275-S02,P0275,35,II. Comportamientos críticos nocivos para el Estado > Comportamiento 4. Parálisis operativa > Caso 14. Presidencia de la República,Comportamiento 4. Parálisis operativa,2024,False
2025,DATE,regex,P0275-S02,P0275,35,II. Comportamientos críticos nocivos para el Estado > Comportamiento 4. Parálisis operativa > Caso 14. Presidencia de la República,Comportamiento 4. Parálisis operativa,2025,False
junio de 2026,DATE,regex,P0275-S02,P0275,35,II. Comportamientos críticos nocivos para el Estado > Comportamiento 4. Parálisis operativa > Caso 14. Presidencia de la República,Comportamiento 4. Parálisis operativa,junio de 2026,False
"9,4%",PERCENT,regex,P0275-S02,P0275,35,II. Comportamientos críticos nocivos para el Estado > Comportamiento 4. Parálisis operativa > Caso 14. Presidencia de la República,Comportamiento 4. Parálisis operativa,"9,4%",False
"5,8%",PERCENT,regex,P0275-S02,P0275,35,II. Comportamientos críticos nocivos para el Estado > Comportamiento 4. Parálisis operativa > Caso 14. Presidencia de la República,Comportamiento 4. Parálisis operativa,"5,8%",False
"9,8%",PERCENT,regex,P0275-S02,P0275,35,II. Comportamientos críticos nocivos para el Estado > Comportamiento 4. Parálisis operativa > Caso 14. Presidencia de la República,Comportamiento 4. Parálisis operativa,"9,8%",False
"4,4%",PERCENT,regex,P0275-S02,P0275,35,II. Comportamientos críticos nocivos para el Estado > Comportamiento 4. Parálisis operativa > Caso 14. Presidencia de la República,Comportamiento 4. Parálisis operativa,"4,4%",False
"0,2%",PERCENT,regex,P0275-S02,P0275,35,II. Comportamientos críticos nocivos para el Estado > Comportamiento 4. Parálisis operativa > Caso 14. Presidencia de la República,Comportamiento 4. Parálisis operativa,"0,2%",False
Contraloría General de la República,ORG,spacy,P0275-S03,P0275,35,II. Comportamientos críticos nocivos para el Estado > Comportamiento 4. Parálisis operativa > Caso 14. Presidencia de la República,Comportamiento 4. Parálisis operativa,Contraloría General de la República,True
$240.766 millones,MONEY,regex,P0276-S01,P0276,35,II. Comportamientos críticos nocivos para el Estado > Comportamiento 4. Parálisis operativa > Caso 14. Presidencia de la República,Comportamiento 4. Parálisis operativa,$240.766 millones,False
IGAC,ORG,spacy,P0276-S01,P0276,35,II. Comportamientos críticos nocivos para el Estado > Comportamiento 4. Parálisis operativa > Caso 14. Presidencia de la República,Comportamiento 4. Parálisis operativa,IGAC,False
MinVivienda,PERSON,spacy,P0276-S01,P0276,35,II. Comportamientos críticos nocivos para el Estado > Comportamiento 4. Parálisis operativa > Caso 14. Presidencia de la República,Comportamiento 4. Parálisis operativa,MinVivienda,False
$223.988 millones,MONEY,regex,P0277-S01,P0277,36,II. Comportamientos críticos nocivos para el Estado > Comportamiento 4. Parálisis operativa > Caso 14. Presidencia de la República,Comportamiento 4. Parálisis operativa,$223.988 millones,False
55%,PERCENT,regex,P0277-S01,P0277,36,II. Comportamientos críticos nocivos para el Estado > Comportamiento 4. Parálisis operativa > Caso 14. Presidencia de la República,Comportamiento 4. Parálisis operativa,55%,False
Contraloría,ORG,spacy,P0277-S01,P0277,36,II. Comportamientos críticos nocivos para el Estado > Comportamiento 4. Parálisis operativa > Caso 14. Presidencia de la República,Comportamiento 4. Parálisis operativa,Contraloría,True
Región Caribe,GPE_LOC,spacy,P0277-S01,P0277,36,II. Comportamientos críticos nocivos para el Estado > Comportamiento 4. Parálisis operativa > Caso 14. Presidencia de la República,Comportamiento 4. Parálisis operativa,Región Caribe,False
2025,DATE,regex,P0277-S02,P0277,36,II. Comportamientos críticos nocivos para el Estado > Comportamiento 4. Parálisis operativa > Caso 14. Presidencia de la República,Comportamiento 4. Parálisis operativa,2025,False
$568.453 millones,MONEY,regex,P0277-S02,P0277,36,II. Comportamientos críticos nocivos para el Estado > Comportamiento 4. Parálisis operativa > Caso 14. Presidencia de la República,Comportamiento 4. Parálisis operativa,$568.453 millones,False
"0,82%",PERCENT,regex,P0277-S02,P0277,36,II. Comportamientos críticos nocivos para el Estado > Comportamiento 4. Parálisis operativa > Caso 14. Presidencia de la República,Comportamiento 4. Parálisis operativa,"0,82%",False
Mojana,GPE_LOC,spacy,P0277-S02,P0277,36,II. Comportamientos críticos nocivos para el Estado > Comportamiento 4. Parálisis operativa > Caso 14. Presidencia de la República,Comportamiento 4. Parálisis operativa,Mojana,False
Fondo Adaptación,ORG,spacy,P0277-S02,P0277,36,II. Comportamientos críticos nocivos para el Estado > Comportamiento 4. Parálisis operativa > Caso 14. Presidencia de la República,Comportamiento 4. Parálisis operativa,Fondo Adaptación,True
$6.759 millones,MONEY,regex,P0278-S01,P0278,36,II. Comportamientos críticos nocivos para el Estado > Comportamiento 4. Parálisis operativa > Caso 14. Presidencia de la República,Comportamiento 4. Parálisis operativa,$6.759 millones,False
Guajira,GPE_LOC,spacy,P0278-S01,P0278,36,II. Comportamientos críticos nocivos para el Estado > Comportamiento 4. Parálisis operativa > Caso 14. Presidencia de la República,Comportamiento 4. Parálisis operativa,Guajira,False
Contraloría,ORG,spacy,P0278-S01,P0278,36,II. Comportamientos críticos nocivos para el Estado > Comportamiento 4. Parálisis operativa > Caso 14. Presidencia de la República,Comportamiento 4. Parálisis operativa,Contraloría,True
Putumayo,GPE_LOC,spacy,P0278-S01,P0278,36,II. Comportamientos críticos nocivos para el Estado > Comportamiento 4. Parálisis operativa > Caso 14. Presidencia de la República,Comportamiento 4. Parálisis operativa,Putumayo,False
Cauca,GPE_LOC,spacy,P0278-S01,P0278,36,II. Comportamientos críticos nocivos para el Estado > Comportamiento 4. Parálisis operativa > Caso 14. Presidencia de la República,Comportamiento 4. Parálisis operativa,Cauca,False
Nariño,GPE_LOC,spacy,P0278-S01,P0278,36,II. Comportamientos críticos nocivos para el Estado > Comportamiento 4. Parálisis operativa > Caso 14. Presidencia de la República,Comportamiento 4. Parálisis operativa,Nariño,False
29 de julio de 2026,DATE,regex,P0279-S01,P0279,36,II. Comportamientos críticos nocivos para el Estado > Comportamiento 4. Parálisis operativa > Caso 14. Presidencia de la República,Comportamiento 4. Parálisis operativa,29 de julio de 2026,False
$4 billones,MONEY,regex,P0279-S01,P0279,36,II. Comportamientos críticos nocivos para el Estado > Comportamiento 4. Parálisis operativa > Caso 14. Presidencia de la República,Comportamiento 4. Parálisis operativa,$4 billones,False
Consejo de Estado,ORG,spacy,P0279-S01,P0279,36,II. Comportamientos críticos nocivos para el Estado > Comportamiento 4. Parálisis operativa > Caso 14. Presidencia de la República,Comportamiento 4. Parálisis operativa,Consejo de Estado,True
2024,DATE,regex,P0280-S01,P0280,36,II. Comportamientos críticos nocivos para el Estado > Comportamiento 4. Parálisis operativa > Caso 14. Presidencia de la República,Comportamiento 4. Parálisis operativa,2024,False
"$1,29 billones",MONEY,regex,P0280-S01,P0280,36,II. Comportamientos críticos nocivos para el Estado > Comportamiento 4. Parálisis operativa > Caso 14. Presidencia de la República,Comportamiento 4. Parálisis operativa,"$1,29 billones",False
2026,DATE,regex,P0281-S01,P0281,36,II. Comportamientos críticos nocivos para el Estado > Comportamiento 4. Parálisis operativa > Caso 14. Presidencia de la República,Comportamiento 4. Parálisis operativa,2026,False
"0,2%",PERCENT,regex,P0281-S01,P0281,36,II. Comportamientos críticos nocivos para el Estado > Comportamiento 4. Parálisis operativa > Caso 14. Presidencia de la República,Comportamiento 4. Parálisis operativa,"0,2%",False
81%,PERCENT,regex,P0281-S01,P0281,36,II. Comportamientos críticos nocivos para el Estado > Comportamiento 4. Parálisis operativa > Caso 14. Presidencia de la República,Comportamiento 4. Parálisis operativa,81%,False
IDEAM,ORG,spacy,P0281-S01,P0281,36,II. Comportamientos críticos nocivos para el Estado > Comportamiento 4. Parálisis operativa > Caso 14. Presidencia de la República,Comportamiento 4. Parálisis operativa,IDEAM,True
Niño,MISC,spacy+override,P0281-S01,P0281,36,II. Comportamientos críticos nocivos para el Estado > Comportamiento 4. Parálisis operativa > Caso 14. Presidencia de la República,Comportamiento 4. Parálisis operativa,Niño,False
$548.000 millones,MONEY,regex,P0284-S02,P0284,36,II. Comportamientos críticos nocivos para el Estado > Comportamiento 4. Parálisis operativa > Caso 15. Educación,Comportamiento 4. Parálisis operativa,$548.000 millones,False
2026,DATE,regex,P0285-S01,P0285,36,II. Comportamientos críticos nocivos para el Estado > Comportamiento 4. Parálisis operativa > Caso 15. Educación,Comportamiento 4. Parálisis operativa,2026,False
FOMAG,GPE_LOC,spacy,P0285-S01,P0285,36,II. Comportamientos críticos nocivos para el Estado > Comportamiento 4. Parálisis operativa > Caso 15. Educación,Comportamiento 4. Parálisis operativa,FOMAG,False
Gobierno,GENERIC,spacy,P0286-S01,P0286,36,II. Comportamientos críticos nocivos para el Estado > Comportamiento 4. Parálisis operativa > Caso 15. Educación,Comportamiento 4. Parálisis operativa,Gobierno,False
FOMAG,GPE_LOC,spacy,P0286-S01,P0286,36,II. Comportamientos críticos nocivos para el Estado > Comportamiento 4. Parálisis operativa > Caso 15. Educación,Comportamiento 4. Parálisis operativa,FOMAG,False
2023,DATE,regex,P0286-S02,P0286,36,II. Comportamientos críticos nocivos para el Estado > Comportamiento 4. Parálisis operativa > Caso 15. Educación,Comportamiento 4. Parálisis operativa,2023,False
2025,DATE,regex,P0286-S02,P0286,36,II. Comportamientos críticos nocivos para el Estado > Comportamiento 4. Parálisis operativa > Caso 15. Educación,Comportamiento 4. Parálisis operativa,2025,False
$548.120 millones,MONEY,regex,P0286-S02,P0286,36,II. Comportamientos críticos nocivos para el Estado > Comportamiento 4. Parálisis operativa > Caso 15. Educación,Comportamiento 4. Parálisis operativa,$548.120 millones,False
Contraloría,ORG,spacy,P0286-S02,P0286,36,II. Comportamientos críticos nocivos para el Estado > Comportamiento 4. Parálisis operativa > Caso 15. Educación,Comportamiento 4. Parálisis operativa,Contraloría,True
2023,DATE,regex,P0286-S03,P0286,36,II. Comportamientos críticos nocivos para el Estado > Comportamiento 4. Parálisis operativa > Caso 15. Educación,Comportamiento 4. Parálisis operativa,2023,False
2024,DATE,regex,P0286-S03,P0286,36,II. Comportamientos críticos nocivos para el Estado > Comportamiento 4. Parálisis operativa > Caso 15. Educación,Comportamiento 4. Parálisis operativa,2024,False
"$1,2 billones",MONEY,regex,P0286-S03,P0286,36,II. Comportamientos críticos nocivos para el Estado > Comportamiento 4. Parálisis operativa > Caso 15. Educación,Comportamiento 4. Parálisis operativa,"$1,2 billones",False
$133.255 millones,MONEY,regex,P0286-S03,P0286,36,II. Comportamientos críticos nocivos para el Estado > Comportamiento 4. Parálisis operativa > Caso 15. Educación,Comportamiento 4. Parálisis operativa,$133.255 millones,False
2026,DATE,regex,P0287-S02,P0287,37,II. Comportamientos críticos nocivos para el Estado > Comportamiento 4. Parálisis operativa > Caso 15. Educación,Comportamiento 4. Parálisis operativa,2026,False
Procuraduría,ORG,spacy,P0287-S03,P0287,37,II. Comportamientos críticos nocivos para el Estado > Comportamiento 4. Parálisis operativa > Caso 15. Educación,Comportamiento 4. Parálisis operativa,Procuraduría,True
Gobierno,GENERIC,spacy,P0288-S01,P0288,37,II. Comportamientos críticos nocivos para el Estado > Comportamiento 4. Parálisis operativa > Caso 15. Educación,Comportamiento 4. Parálisis operativa,Gobierno,False
2025,DATE,regex,P0289-S02,P0289,37,II. Comportamientos críticos nocivos para el Estado > Comportamiento 4. Parálisis operativa > Caso 15. Educación,Comportamiento 4. Parálisis operativa,2025,False
Contraloría,ORG,spacy,P0289-S02,P0289,37,II. Comportamientos críticos nocivos para el Estado > Comportamiento 4. Parálisis operativa > Caso 15. Educación,Comportamiento 4. Parálisis operativa,Contraloría,True
75 %,PERCENT,regex,P0289-S03,P0289,37,II. Comportamientos críticos nocivos para el Estado > Comportamiento 4. Parálisis operativa > Caso 15. Educación,Comportamiento 4. Parálisis operativa,75 %,False
FOMAG,ORG,spacy,P0289-S05,P0289,37,II. Comportamientos críticos nocivos para el Estado > Comportamiento 4. Parálisis operativa > Caso 15. Educación,Comportamiento 4. Parálisis operativa,FOMAG,False
Estado,GENERIC,spacy,P0289-S05,P0289,37,II. Comportamientos críticos nocivos para el Estado > Comportamiento 4. Parálisis operativa > Caso 15. Educación,Comportamiento 4. Parálisis operativa,Estado,False
"76,5%",PERCENT,regex,P0292-S01,P0292,37,II. Comportamientos críticos nocivos para el Estado > Comportamiento 4. Parálisis operativa > Caso 16. Transporte e Infraestructura,Comportamiento 4. Parálisis operativa,"76,5%",False
"37,3%",PERCENT,regex,P0292-S01,P0292,37,II. Comportamientos críticos nocivos para el Estado > Comportamiento 4. Parálisis operativa > Caso 16. Transporte e Infraestructura,Comportamiento 4. Parálisis operativa,"37,3%",False
2023,DATE,regex,P0293-S02,P0293,37,II. Comportamientos críticos nocivos para el Estado > Comportamiento 4. Parálisis operativa > Caso 16. Transporte e Infraestructura,Comportamiento 4. Parálisis operativa,2023,False
2025,DATE,regex,P0293-S02,P0293,37,II. Comportamientos críticos nocivos para el Estado > Comportamiento 4. Parálisis operativa > Caso 16. Transporte e Infraestructura,Comportamiento 4. Parálisis operativa,2025,False
mayo de 2026,DATE,regex,P0293-S02,P0293,37,II. Comportamientos críticos nocivos para el Estado > Comportamiento 4. Parálisis operativa > Caso 16. Transporte e Infraestructura,Comportamiento 4. Parálisis operativa,mayo de 2026,False
"76,5%",PERCENT,regex,P0293-S02,P0293,37,II. Comportamientos críticos nocivos para el Estado > Comportamiento 4. Parálisis operativa > Caso 16. Transporte e Infraestructura,Comportamiento 4. Parálisis operativa,"76,5%",False
"37,3%",PERCENT,regex,P0293-S02,P0293,37,II. Comportamientos críticos nocivos para el Estado > Comportamiento 4. Parálisis operativa > Caso 16. Transporte e Infraestructura,Comportamiento 4. Parálisis operativa,"37,3%",False
"9,8%",PERCENT,regex,P0293-S02,P0293,37,II. Comportamientos críticos nocivos para el Estado > Comportamiento 4. Parálisis operativa > Caso 16. Transporte e Infraestructura,Comportamiento 4. Parálisis operativa,"9,8%",False
Contraloría General de la República,ORG,spacy,P0293-S02,P0293,37,II. Comportamientos críticos nocivos para el Estado > Comportamiento 4. Parálisis operativa > Caso 16. Transporte e Infraestructura,Comportamiento 4. Parálisis operativa,Contraloría General de la República,True
2025,DATE,regex,P0293-S03,P0293,37,II. Comportamientos críticos nocivos para el Estado > Comportamiento 4. Parálisis operativa > Caso 16. Transporte e Infraestructura,Comportamiento 4. Parálisis operativa,2025,False
"$12,13 billones",MONEY,regex,P0293-S03,P0293,37,II. Comportamientos críticos nocivos para el Estado > Comportamiento 4. Parálisis operativa > Caso 16. Transporte e Infraestructura,Comportamiento 4. Parálisis operativa,"$12,13 billones",False
"$4,52 billones",MONEY,regex,P0293-S03,P0293,37,II. Comportamientos críticos nocivos para el Estado > Comportamiento 4. Parálisis operativa > Caso 16. Transporte e Infraestructura,Comportamiento 4. Parálisis operativa,"$4,52 billones",False
"$7,6 billones",MONEY,regex,P0293-S03,P0293,37,II. Comportamientos críticos nocivos para el Estado > Comportamiento 4. Parálisis operativa > Caso 16. Transporte e Infraestructura,Comportamiento 4. Parálisis operativa,"$7,6 billones",False
entre 2022 y 2026,DATE,regex,P0294-S02,P0294,37,II. Comportamientos críticos nocivos para el Estado > Comportamiento 4. Parálisis operativa > Caso 16. Transporte e Infraestructura,Comportamiento 4. Parálisis operativa,entre 2022 y 2026,False
$714.000 millones,MONEY,regex,P0294-S02,P0294,37,II. Comportamientos críticos nocivos para el Estado > Comportamiento 4. Parálisis operativa > Caso 16. Transporte e Infraestructura,Comportamiento 4. Parálisis operativa,$714.000 millones,False
"12,35 %",PERCENT,regex,P0294-S02,P0294,37,II. Comportamientos críticos nocivos para el Estado > Comportamiento 4. Parálisis operativa > Caso 16. Transporte e Infraestructura,Comportamiento 4. Parálisis operativa,"12,35 %",False
Comunitarios para la Paz,GPE_LOC,spacy,P0294-S02,P0294,37,II. Comportamientos críticos nocivos para el Estado > Comportamiento 4. Parálisis operativa > Caso 16. Transporte e Infraestructura,Comportamiento 4. Parálisis operativa,Comunitarios para la Paz,False
Gobierno,GENERIC,spacy,P0294-S02,P0294,37,II. Comportamientos críticos nocivos para el Estado > Comportamiento 4. Parálisis operativa > Caso 16. Transporte e Infraestructura,Comportamiento 4. Parálisis operativa,Gobierno,False
Plan Nacional de Desarrollo,MISC,spacy,P0294-S02,P0294,37,II. Comportamientos críticos nocivos para el Estado > Comportamiento 4. Parálisis operativa > Caso 16. Transporte e Infraestructura,Comportamiento 4. Parálisis operativa,Plan Nacional de Desarrollo,False
septiembre de 2025,DATE,regex,P0294-S03,P0294,38,II. Comportamientos críticos nocivos para el Estado > Comportamiento 4. Parálisis operativa > Caso 16. Transporte e Infraestructura,Comportamiento 4. Parálisis operativa,septiembre de 2025,False
$377.019 millones,MONEY,regex,P0294-S03,P0294,38,II. Comportamientos críticos nocivos para el Estado > Comportamiento 4. Parálisis operativa > Caso 16. Transporte e Infraestructura,Comportamiento 4. Parálisis operativa,$377.019 millones,False
50%,PERCENT,regex,P0294-S03,P0294,38,II. Comportamientos críticos nocivos para el Estado > Comportamiento 4. Parálisis operativa > Caso 16. Transporte e Infraestructura,Comportamiento 4. Parálisis operativa,50%,False
2%,PERCENT,regex,P0294-S03,P0294,38,II. Comportamientos críticos nocivos para el Estado > Comportamiento 4. Parálisis operativa > Caso 16. Transporte e Infraestructura,Comportamiento 4. Parálisis operativa,2%,False
Aeropuertos para los Servicios Aéreos Esenciales,MISC,spacy,P0294-S03,P0294,38,II. Comportamientos críticos nocivos para el Estado > Comportamiento 4. Parálisis operativa > Caso 16. Transporte e Infraestructura,Comportamiento 4. Parálisis operativa,Aeropuertos para los Servicios Aéreos Esenciales,False
ASAES,MISC,spacy,P0294-S03,P0294,38,II. Comportamientos críticos nocivos para el Estado > Comportamiento 4. Parálisis operativa > Caso 16. Transporte e Infraestructura,Comportamiento 4. Parálisis operativa,ASAES,False
Pacífico,GPE_LOC,spacy,P0295-S04,P0295,38,II. Comportamientos críticos nocivos para el Estado > Comportamiento 4. Parálisis operativa > Caso 16. Transporte e Infraestructura,Comportamiento 4. Parálisis operativa,Pacífico,False
Amazonía,GPE_LOC,spacy,P0295-S04,P0295,38,II. Comportamientos críticos nocivos para el Estado > Comportamiento 4. Parálisis operativa > Caso 16. Transporte e Infraestructura,Comportamiento 4. Parálisis operativa,Amazonía,False
Orinoquía,GPE_LOC,spacy,P0295-S04,P0295,38,II. Comportamientos críticos nocivos para el Estado > Comportamiento 4. Parálisis operativa > Caso 16. Transporte e Infraestructura,Comportamiento 4. Parálisis operativa,Orinoquía,False
Estado,GENERIC,spacy,P0295-S05,P0295,38,II. Comportamientos críticos nocivos para el Estado > Comportamiento 4. Parálisis operativa > Caso 16. Transporte e Infraestructura,Comportamiento 4. Parálisis operativa,Estado,False
"$3,8 billones",MONEY,regex,P0297-S01,P0297,38,"II. Comportamientos críticos nocivos para el Estado > Comportamiento 4. Parálisis operativa > Caso 17. Ciencia, Tecnología e Innovación",Comportamiento 4. Parálisis operativa,"$3,8 billones",False
2025,DATE,regex,P0298-S01,P0298,38,"II. Comportamientos críticos nocivos para el Estado > Comportamiento 4. Parálisis operativa > Caso 17. Ciencia, Tecnología e Innovación",Comportamiento 4. Parálisis operativa,2025,False
2026,DATE,regex,P0298-S01,P0298,38,"II. Comportamientos críticos nocivos para el Estado > Comportamiento 4. Parálisis operativa > Caso 17. Ciencia, Tecnología e Innovación",Comportamiento 4. Parálisis operativa,2026,False
"$3,8 billones",MONEY,regex,P0298-S01,P0298,38,"II. Comportamientos críticos nocivos para el Estado > Comportamiento 4. Parálisis operativa > Caso 17. Ciencia, Tecnología e Innovación",Comportamiento 4. Parálisis operativa,"$3,8 billones",False
2026,DATE,regex,P0298-S02,P0298,38,"II. Comportamientos críticos nocivos para el Estado > Comportamiento 4. Parálisis operativa > Caso 17. Ciencia, Tecnología e Innovación",Comportamiento 4. Parálisis operativa,2026,False
Procuraduría,ORG,spacy,P0298-S02,P0298,38,"II. Comportamientos críticos nocivos para el Estado > Comportamiento 4. Parálisis operativa > Caso 17. Ciencia, Tecnología e Innovación",Comportamiento 4. Parálisis operativa,Procuraduría,True
$630.000 millones,MONEY,regex,P0299-S01,P0299,38,"II. Comportamientos críticos nocivos para el Estado > Comportamiento 4. Parálisis operativa > Caso 17. Ciencia, Tecnología e Innovación",Comportamiento 4. Parálisis operativa,$630.000 millones,False
Convocatoria 46,MISC,spacy,P0299-S01,P0299,38,"II. Comportamientos críticos nocivos para el Estado > Comportamiento 4. Parálisis operativa > Caso 17. Ciencia, Tecnología e Innovación",Comportamiento 4. Parálisis operativa,Convocatoria 46,False
Colombia,GPE_LOC,spacy,P0299-S01,P0299,38,"II. Comportamientos críticos nocivos para el Estado > Comportamiento 4. Parálisis operativa > Caso 17. Ciencia, Tecnología e Innovación",Comportamiento 4. Parálisis operativa,Colombia,False
Inteligencia Artificial,MISC,spacy,P0299-S01,P0299,38,"II. Comportamientos críticos nocivos para el Estado > Comportamiento 4. Parálisis operativa > Caso 17. Ciencia, Tecnología e Innovación",Comportamiento 4. Parálisis operativa,Inteligencia Artificial,False
2023-2024,DATE,regex,P0300-S01,P0300,38,"II. Comportamientos críticos nocivos para el Estado > Comportamiento 4. Parálisis operativa > Caso 17. Ciencia, Tecnología e Innovación",Comportamiento 4. Parálisis operativa,2023-2024,False
DNP,ORG,spacy,P0300-S01,P0300,38,"II. Comportamientos críticos nocivos para el Estado > Comportamiento 4. Parálisis operativa > Caso 17. Ciencia, Tecnología e Innovación",Comportamiento 4. Parálisis operativa,DNP,True
Ministerio,GENERIC,spacy,P0300-S01,P0300,38,"II. Comportamientos críticos nocivos para el Estado > Comportamiento 4. Parálisis operativa > Caso 17. Ciencia, Tecnología e Innovación",Comportamiento 4. Parálisis operativa,Ministerio,False
DNP,ORG,spacy,P0300-S01,P0300,38,"II. Comportamientos críticos nocivos para el Estado > Comportamiento 4. Parálisis operativa > Caso 17. Ciencia, Tecnología e Innovación",Comportamiento 4. Parálisis operativa,DNP,True
OCAD,MISC,spacy,P0300-S01,P0300,38,"II. Comportamientos críticos nocivos para el Estado > Comportamiento 4. Parálisis operativa > Caso 17. Ciencia, Tecnología e Innovación",Comportamiento 4. Parálisis operativa,OCAD,True
$325.216 millones,MONEY,regex,P0302-S01,P0302,39,"II. Comportamientos críticos nocivos para el Estado > Comportamiento 4. Parálisis operativa > Caso 17. Ciencia, Tecnología e Innovación",Comportamiento 4. Parálisis operativa,$325.216 millones,False
MinCiencias,ORG,spacy+override,P0302-S01,P0302,39,"II. Comportamientos críticos nocivos para el Estado > Comportamiento 4. Parálisis operativa > Caso 17. Ciencia, Tecnología e Innovación",Comportamiento 4. Parálisis operativa,MinCiencias,True
$123 mil millones de pesos,MONEY,regex,P0303-S01,P0303,39,"II. Comportamientos críticos nocivos para el Estado > Comportamiento 4. Parálisis operativa > Caso 17. Ciencia, Tecnología e Innovación",Comportamiento 4. Parálisis operativa,$123 mil millones de pesos,False
Estado,GENERIC,spacy,P0304-S02,P0304,39,"II. Comportamientos críticos nocivos para el Estado > Comportamiento 4. Parálisis operativa > Caso 17. Ciencia, Tecnología e Innovación",Comportamiento 4. Parálisis operativa,Estado,False
"$1,77 billones",MONEY,regex,P0306-S01,P0306,39,II. Comportamientos críticos nocivos para el Estado > Comportamiento 4. Parálisis operativa > Caso 18. Inclusión Social y Reconciliación,Comportamiento 4. Parálisis operativa,"$1,77 billones",False
Ministerio de Igualdad y Equidad,GPE_LOC,spacy,P0306-S01,P0306,39,II. Comportamientos críticos nocivos para el Estado > Comportamiento 4. Parálisis operativa > Caso 18. Inclusión Social y Reconciliación,Comportamiento 4. Parálisis operativa,Ministerio de Igualdad y Equidad,True
2023-2025,DATE,regex,P0307-S01,P0307,39,II. Comportamientos críticos nocivos para el Estado > Comportamiento 4. Parálisis operativa > Caso 18. Inclusión Social y Reconciliación,Comportamiento 4. Parálisis operativa,2023-2025,False
"$1,77 billones",MONEY,regex,P0307-S01,P0307,39,II. Comportamientos críticos nocivos para el Estado > Comportamiento 4. Parálisis operativa > Caso 18. Inclusión Social y Reconciliación,Comportamiento 4. Parálisis operativa,"$1,77 billones",False
"$2,01 billones",MONEY,regex,P0307-S01,P0307,39,II. Comportamientos críticos nocivos para el Estado > Comportamiento 4. Parálisis operativa > Caso 18. Inclusión Social y Reconciliación,Comportamiento 4. Parálisis operativa,"$2,01 billones",False
"87,8%",PERCENT,regex,P0307-S01,P0307,39,II. Comportamientos críticos nocivos para el Estado > Comportamiento 4. Parálisis operativa > Caso 18. Inclusión Social y Reconciliación,Comportamiento 4. Parálisis operativa,"87,8%",False
Ministerio de Igualdad y Equidad,GPE_LOC,spacy,P0307-S01,P0307,39,II. Comportamientos críticos nocivos para el Estado > Comportamiento 4. Parálisis operativa > Caso 18. Inclusión Social y Reconciliación,Comportamiento 4. Parálisis operativa,Ministerio de Igualdad y Equidad,True
FonIgualdad,ORG,spacy,P0307-S01,P0307,39,II. Comportamientos críticos nocivos para el Estado > Comportamiento 4. Parálisis operativa > Caso 18. Inclusión Social y Reconciliación,Comportamiento 4. Parálisis operativa,FonIgualdad,True
SIIF,MISC,spacy,P0307-S01,P0307,39,II. Comportamientos críticos nocivos para el Estado > Comportamiento 4. Parálisis operativa > Caso 18. Inclusión Social y Reconciliación,Comportamiento 4. Parálisis operativa,SIIF,False
C-4603,MISC,spacy,P0308-S01,P0308,39,II. Comportamientos críticos nocivos para el Estado > Comportamiento 4. Parálisis operativa > Caso 18. Inclusión Social y Reconciliación,Comportamiento 4. Parálisis operativa,C-4603,False
Actores Diferenciales,ORG,spacy,P0308-S01,P0308,39,II. Comportamientos críticos nocivos para el Estado > Comportamiento 4. Parálisis operativa > Caso 18. Inclusión Social y Reconciliación,Comportamiento 4. Parálisis operativa,Actores Diferenciales,False
2024,DATE,regex,P0309-S01,P0309,39,II. Comportamientos críticos nocivos para el Estado > Comportamiento 4. Parálisis operativa > Caso 18. Inclusión Social y Reconciliación,Comportamiento 4. Parálisis operativa,2024,False
2025,DATE,regex,P0309-S01,P0309,39,II. Comportamientos críticos nocivos para el Estado > Comportamiento 4. Parálisis operativa > Caso 18. Inclusión Social y Reconciliación,Comportamiento 4. Parálisis operativa,2025,False
100%,PERCENT,regex,P0309-S01,P0309,39,II. Comportamientos críticos nocivos para el Estado > Comportamiento 4. Parálisis operativa > Caso 18. Inclusión Social y Reconciliación,Comportamiento 4. Parálisis operativa,100%,False
"13,1%",PERCENT,regex,P0309-S01,P0309,39,II. Comportamientos críticos nocivos para el Estado > Comportamiento 4. Parálisis operativa > Caso 18. Inclusión Social y Reconciliación,Comportamiento 4. Parálisis operativa,"13,1%",False
"5,2%",PERCENT,regex,P0309-S01,P0309,39,II. Comportamientos críticos nocivos para el Estado > Comportamiento 4. Parálisis operativa > Caso 18. Inclusión Social y Reconciliación,Comportamiento 4. Parálisis operativa,"5,2%",False
"7,9%",PERCENT,regex,P0309-S01,P0309,39,II. Comportamientos críticos nocivos para el Estado > Comportamiento 4. Parálisis operativa > Caso 18. Inclusión Social y Reconciliación,Comportamiento 4. Parálisis operativa,"7,9%",False
2025,DATE,regex,P0309-S02,P0309,39,II. Comportamientos críticos nocivos para el Estado > Comportamiento 4. Parálisis operativa > Caso 18. Inclusión Social y Reconciliación,Comportamiento 4. Parálisis operativa,2025,False
$669.053 millones,MONEY,regex,P0309-S02,P0309,39,II. Comportamientos críticos nocivos para el Estado > Comportamiento 4. Parálisis operativa > Caso 18. Inclusión Social y Reconciliación,Comportamiento 4. Parálisis operativa,$669.053 millones,False
FonIgualdad,ORG,spacy,P0309-S02,P0309,39,II. Comportamientos críticos nocivos para el Estado > Comportamiento 4. Parálisis operativa > Caso 18. Inclusión Social y Reconciliación,Comportamiento 4. Parálisis operativa,FonIgualdad,True
FonIgualdad,GPE_LOC,spacy,P0309-S02,P0309,39,II. Comportamientos críticos nocivos para el Estado > Comportamiento 4. Parálisis operativa > Caso 18. Inclusión Social y Reconciliación,Comportamiento 4. Parálisis operativa,FonIgualdad,True
$669.000 millones,MONEY,regex,P0309-S03,P0309,39,II. Comportamientos críticos nocivos para el Estado > Comportamiento 4. Parálisis operativa > Caso 18. Inclusión Social y Reconciliación,Comportamiento 4. Parálisis operativa,$669.000 millones,False
abril de 2026,DATE,regex,P0310-S01,P0310,39,II. Comportamientos críticos nocivos para el Estado > Comportamiento 4. Parálisis operativa > Caso 18. Inclusión Social y Reconciliación,Comportamiento 4. Parálisis operativa,abril de 2026,False
$245.889 millones,MONEY,regex,P0310-S02,P0310,39,II. Comportamientos críticos nocivos para el Estado > Comportamiento 4. Parálisis operativa > Caso 18. Inclusión Social y Reconciliación,Comportamiento 4. Parálisis operativa,$245.889 millones,False
$2.051 millones,MONEY,regex,P0310-S02,P0310,39,II. Comportamientos críticos nocivos para el Estado > Comportamiento 4. Parálisis operativa > Caso 18. Inclusión Social y Reconciliación,Comportamiento 4. Parálisis operativa,$2.051 millones,False
0%,PERCENT,regex,P0310-S02,P0310,39,II. Comportamientos críticos nocivos para el Estado > Comportamiento 4. Parálisis operativa > Caso 18. Inclusión Social y Reconciliación,Comportamiento 4. Parálisis operativa,0%,False
FonIgualdad,ORG,spacy,P0310-S02,P0310,39,II. Comportamientos críticos nocivos para el Estado > Comportamiento 4. Parálisis operativa > Caso 18. Inclusión Social y Reconciliación,Comportamiento 4. Parálisis operativa,FonIgualdad,True
Fondo No Es Hora de Callar,ORG,spacy,P0310-S02,P0310,39,II. Comportamientos críticos nocivos para el Estado > Comportamiento 4. Parálisis operativa > Caso 18. Inclusión Social y Reconciliación,Comportamiento 4. Parálisis operativa,Fondo No Es Hora de Callar,True
Transferencias,PERSON,spacy,P0311-S01,P0311,39,II. Comportamientos críticos nocivos para el Estado > Comportamiento 4. Parálisis operativa > Caso 18. Inclusión Social y Reconciliación,Comportamiento 4. Parálisis operativa,Transferencias,False
Dirección General de Presupuesto Público Nacional,ORG,spacy,P0311-S01,P0311,39,II. Comportamientos críticos nocivos para el Estado > Comportamiento 4. Parálisis operativa > Caso 18. Inclusión Social y Reconciliación,Comportamiento 4. Parálisis operativa,Dirección General de Presupuesto Público Nacional,False
DNPPN,MISC,spacy,P0311-S01,P0311,39,II. Comportamientos críticos nocivos para el Estado > Comportamiento 4. Parálisis operativa > Caso 18. Inclusión Social y Reconciliación,Comportamiento 4. Parálisis operativa,DNPPN,False
"$1,8 billones",MONEY,regex,P0312-S01,P0312,40,II. Comportamientos críticos nocivos para el Estado > Comportamiento 4. Parálisis operativa > Caso 18. Inclusión Social y Reconciliación,Comportamiento 4. Parálisis operativa,"$1,8 billones",False
FonIgualdad,ORG,spacy,P0312-S01,P0312,40,II. Comportamientos críticos nocivos para el Estado > Comportamiento 4. Parálisis operativa > Caso 18. Inclusión Social y Reconciliación,Comportamiento 4. Parálisis operativa,FonIgualdad,True
$653.133 millones,MONEY,regex,P0312-S02,P0312,40,II. Comportamientos críticos nocivos para el Estado > Comportamiento 4. Parálisis operativa > Caso 18. Inclusión Social y Reconciliación,Comportamiento 4. Parálisis operativa,$653.133 millones,False
$641.828 millones,MONEY,regex,P0312-S02,P0312,40,II. Comportamientos críticos nocivos para el Estado > Comportamiento 4. Parálisis operativa > Caso 18. Inclusión Social y Reconciliación,Comportamiento 4. Parálisis operativa,$641.828 millones,False
48%,PERCENT,regex,P0312-S02,P0312,40,II. Comportamientos críticos nocivos para el Estado > Comportamiento 4. Parálisis operativa > Caso 18. Inclusión Social y Reconciliación,Comportamiento 4. Parálisis operativa,48%,False
Gobierno,GENERIC,spacy,P0315-S01,P0315,40,II. Comportamientos críticos nocivos para el Estado > Comportamiento 4. Parálisis operativa > Caso 19. Salud y Protección Social,Comportamiento 4. Parálisis operativa,Gobierno,False
50%,PERCENT,regex,P0316-S01,P0316,40,II. Comportamientos críticos nocivos para el Estado > Comportamiento 4. Parálisis operativa > Caso 19. Salud y Protección Social,Comportamiento 4. Parálisis operativa,50%,False
Entidades Promotoras de Salud,GPE_LOC,spacy,P0316-S01,P0316,40,II. Comportamientos críticos nocivos para el Estado > Comportamiento 4. Parálisis operativa > Caso 19. Salud y Protección Social,Comportamiento 4. Parálisis operativa,Entidades Promotoras de Salud,False
Superintendencia Nacional de Salud,ORG,spacy,P0316-S01,P0316,40,II. Comportamientos críticos nocivos para el Estado > Comportamiento 4. Parálisis operativa > Caso 19. Salud y Protección Social,Comportamiento 4. Parálisis operativa,Superintendencia Nacional de Salud,True
Nueva EPS,MISC,spacy,P0316-S02,P0316,40,II. Comportamientos críticos nocivos para el Estado > Comportamiento 4. Parálisis operativa > Caso 19. Salud y Protección Social,Comportamiento 4. Parálisis operativa,Nueva EPS,False
8 de mayo de 2026,DATE,regex,P0316-S03,P0316,40,II. Comportamientos críticos nocivos para el Estado > Comportamiento 4. Parálisis operativa > Caso 19. Salud y Protección Social,Comportamiento 4. Parálisis operativa,8 de mayo de 2026,False
Contraloría General,ORG,spacy,P0316-S03,P0316,40,II. Comportamientos críticos nocivos para el Estado > Comportamiento 4. Parálisis operativa > Caso 19. Salud y Protección Social,Comportamiento 4. Parálisis operativa,Contraloría General,True
2022,DATE,regex,P0318-S02,P0318,40,II. Comportamientos críticos nocivos para el Estado > Comportamiento 4. Parálisis operativa > Caso 19. Salud y Protección Social,Comportamiento 4. Parálisis operativa,2022,False
2026,DATE,regex,P0318-S02,P0318,40,II. Comportamientos críticos nocivos para el Estado > Comportamiento 4. Parálisis operativa > Caso 19. Salud y Protección Social,Comportamiento 4. Parálisis operativa,2026,False
Superintendencia,GENERIC,spacy,P0318-S02,P0318,40,II. Comportamientos críticos nocivos para el Estado > Comportamiento 4. Parálisis operativa > Caso 19. Salud y Protección Social,Comportamiento 4. Parálisis operativa,Superintendencia,False
Contraloría,ORG,spacy,P0318-S03,P0318,40,II. Comportamientos críticos nocivos para el Estado > Comportamiento 4. Parálisis operativa > Caso 19. Salud y Protección Social,Comportamiento 4. Parálisis operativa,Contraloría,True
2025,DATE,regex,P0319-S01,P0319,40,II. Comportamientos críticos nocivos para el Estado > Comportamiento 4. Parálisis operativa > Caso 19. Salud y Protección Social,Comportamiento 4. Parálisis operativa,2025,False
2024,DATE,regex,P0319-S01,P0319,40,II. Comportamientos críticos nocivos para el Estado > Comportamiento 4. Parálisis operativa > Caso 19. Salud y Protección Social,Comportamiento 4. Parálisis operativa,2024,False
2021,DATE,regex,P0319-S01,P0319,40,II. Comportamientos críticos nocivos para el Estado > Comportamiento 4. Parálisis operativa > Caso 19. Salud y Protección Social,Comportamiento 4. Parálisis operativa,2021,False
2022,DATE,regex,P0319-S01,P0319,40,II. Comportamientos críticos nocivos para el Estado > Comportamiento 4. Parálisis operativa > Caso 19. Salud y Protección Social,Comportamiento 4. Parálisis operativa,2022,False
2023,DATE,regex,P0319-S01,P0319,40,II. Comportamientos críticos nocivos para el Estado > Comportamiento 4. Parálisis operativa > Caso 19. Salud y Protección Social,Comportamiento 4. Parálisis operativa,2023,False
Corte Constitucional,ORG,spacy,P0319-S01,P0319,40,II. Comportamientos críticos nocivos para el Estado > Comportamiento 4. Parálisis operativa > Caso 19. Salud y Protección Social,Comportamiento 4. Parálisis operativa,Corte Constitucional,True
Auto 007,MISC,spacy,P0319-S01,P0319,40,II. Comportamientos críticos nocivos para el Estado > Comportamiento 4. Parálisis operativa > Caso 19. Salud y Protección Social,Comportamiento 4. Parálisis operativa,Auto 007,False
UPC de 2024,ORG,spacy,P0319-S01,P0319,40,II. Comportamientos críticos nocivos para el Estado > Comportamiento 4. Parálisis operativa > Caso 19. Salud y Protección Social,Comportamiento 4. Parálisis operativa,UPC de 2024,False
UPC,GPE_LOC,spacy,P0319-S01,P0319,40,II. Comportamientos críticos nocivos para el Estado > Comportamiento 4. Parálisis operativa > Caso 19. Salud y Protección Social,Comportamiento 4. Parálisis operativa,UPC,False
Casas Colombia,GPE_LOC,spacy,P0321-S01,P0321,40,II. Comportamientos críticos nocivos para el Estado > Comportamiento 4. Parálisis operativa > Caso 20. Relaciones Exteriores,Comportamiento 4. Parálisis operativa,Casas Colombia,False
$8.500 millones,MONEY,regex,P0322-S01,P0322,40,II. Comportamientos críticos nocivos para el Estado > Comportamiento 4. Parálisis operativa > Caso 20. Relaciones Exteriores,Comportamiento 4. Parálisis operativa,$8.500 millones,False
Cancillería,MISC,spacy,P0322-S01,P0322,40,II. Comportamientos críticos nocivos para el Estado > Comportamiento 4. Parálisis operativa > Caso 20. Relaciones Exteriores,Comportamiento 4. Parálisis operativa,Cancillería,True
Casas Colombia,GPE_LOC,spacy,P0322-S01,P0322,40,II. Comportamientos críticos nocivos para el Estado > Comportamiento 4. Parálisis operativa > Caso 20. Relaciones Exteriores,Comportamiento 4. Parálisis operativa,Casas Colombia,False
Proyectos de Inversión Social,MISC,spacy,P0323-S01,P0323,40,II. Comportamientos críticos nocivos para el Estado > Comportamiento 4. Parálisis operativa > Caso 20. Relaciones Exteriores,Comportamiento 4. Parálisis operativa,Proyectos de Inversión Social,False
USD 400.000,MONEY,regex,P0323-S02,P0323,41,II. Comportamientos críticos nocivos para el Estado > Comportamiento 4. Parálisis operativa > Caso 20. Relaciones Exteriores,Comportamiento 4. Parálisis operativa,USD 400.000,False
USD 380.869,MONEY,regex,P0323-S02,P0323,41,II. Comportamientos críticos nocivos para el Estado > Comportamiento 4. Parálisis operativa > Caso 20. Relaciones Exteriores,Comportamiento 4. Parálisis operativa,USD 380.869,False
USD 300.000,MONEY,regex,P0323-S02,P0323,41,II. Comportamientos críticos nocivos para el Estado > Comportamiento 4. Parálisis operativa > Caso 20. Relaciones Exteriores,Comportamiento 4. Parálisis operativa,USD 300.000,False
USD 279.287,MONEY,regex,P0323-S02,P0323,41,II. Comportamientos críticos nocivos para el Estado > Comportamiento 4. Parálisis operativa > Caso 20. Relaciones Exteriores,Comportamiento 4. Parálisis operativa,USD 279.287,False
Santiago de Chile,GPE_LOC,spacy,P0323-S02,P0323,41,II. Comportamientos críticos nocivos para el Estado > Comportamiento 4. Parálisis operativa > Caso 20. Relaciones Exteriores,Comportamiento 4. Parálisis operativa,Santiago de Chile,False
Nueva York,GPE_LOC,spacy,P0323-S02,P0323,41,II. Comportamientos críticos nocivos para el Estado > Comportamiento 4. Parálisis operativa > Caso 20. Relaciones Exteriores,Comportamiento 4. Parálisis operativa,Nueva York,False
Montreal,GPE_LOC,spacy,P0323-S02,P0323,41,II. Comportamientos críticos nocivos para el Estado > Comportamiento 4. Parálisis operativa > Caso 20. Relaciones Exteriores,Comportamiento 4. Parálisis operativa,Montreal,False
Miami,GPE_LOC,spacy,P0323-S02,P0323,41,II. Comportamientos críticos nocivos para el Estado > Comportamiento 4. Parálisis operativa > Caso 20. Relaciones Exteriores,Comportamiento 4. Parálisis operativa,Miami,False
Toronto,GPE_LOC,spacy,P0323-S02,P0323,41,II. Comportamientos críticos nocivos para el Estado > Comportamiento 4. Parálisis operativa > Caso 20. Relaciones Exteriores,Comportamiento 4. Parálisis operativa,Toronto,False
USD 341.436,MONEY,regex,P0324-S01,P0324,41,II. Comportamientos críticos nocivos para el Estado > Comportamiento 4. Parálisis operativa > Caso 20. Relaciones Exteriores,Comportamiento 4. Parálisis operativa,USD 341.436,False
Aruba,GPE_LOC,spacy,P0324-S01,P0324,41,II. Comportamientos críticos nocivos para el Estado > Comportamiento 4. Parálisis operativa > Caso 20. Relaciones Exteriores,Comportamiento 4. Parálisis operativa,Aruba,False
Berlín,GPE_LOC,spacy,P0324-S01,P0324,41,II. Comportamientos críticos nocivos para el Estado > Comportamiento 4. Parálisis operativa > Caso 20. Relaciones Exteriores,Comportamiento 4. Parálisis operativa,Berlín,False
Santiago de Chile,GPE_LOC,spacy,P0325-S02,P0325,41,II. Comportamientos críticos nocivos para el Estado > Comportamiento 4. Parálisis operativa > Caso 20. Relaciones Exteriores,Comportamiento 4. Parálisis operativa,Santiago de Chile,False
Nueva York,GPE_LOC,spacy,P0325-S02,P0325,41,II. Comportamientos críticos nocivos para el Estado > Comportamiento 4. Parálisis operativa > Caso 20. Relaciones Exteriores,Comportamiento 4. Parálisis operativa,Nueva York,False
$78.493 millones,MONEY,regex,P0327-S01,P0327,41,II. Comportamientos críticos nocivos para el Estado > Comportamiento 4. Parálisis operativa > Caso 21. Justicia y Derecho,Comportamiento 4. Parálisis operativa,$78.493 millones,False
"41,4%",PERCENT,regex,P0327-S01,P0327,41,II. Comportamientos críticos nocivos para el Estado > Comportamiento 4. Parálisis operativa > Caso 21. Justicia y Derecho,Comportamiento 4. Parálisis operativa,"41,4%",False
$78.493 millones,MONEY,regex,P0328-S01,P0328,41,II. Comportamientos críticos nocivos para el Estado > Comportamiento 4. Parálisis operativa > Caso 21. Justicia y Derecho,Comportamiento 4. Parálisis operativa,$78.493 millones,False
Unidad de Servicios Penitenciarios,ORG,spacy,P0328-S01,P0328,41,II. Comportamientos críticos nocivos para el Estado > Comportamiento 4. Parálisis operativa > Caso 21. Justicia y Derecho,Comportamiento 4. Parálisis operativa,Unidad de Servicios Penitenciarios,True
Carcelarios,MISC,spacy,P0328-S01,P0328,41,II. Comportamientos críticos nocivos para el Estado > Comportamiento 4. Parálisis operativa > Caso 21. Justicia y Derecho,Comportamiento 4. Parálisis operativa,Carcelarios,False
USPEC,GPE_LOC,spacy,P0328-S01,P0328,41,II. Comportamientos críticos nocivos para el Estado > Comportamiento 4. Parálisis operativa > Caso 21. Justicia y Derecho,Comportamiento 4. Parálisis operativa,USPEC,False
Instituto Nacional Penitenciario y Carcelario,ORG,spacy,P0328-S01,P0328,41,II. Comportamientos críticos nocivos para el Estado > Comportamiento 4. Parálisis operativa > Caso 21. Justicia y Derecho,Comportamiento 4. Parálisis operativa,Instituto Nacional Penitenciario y Carcelario,True
INPEC,ORG,spacy,P0328-S01,P0328,41,II. Comportamientos críticos nocivos para el Estado > Comportamiento 4. Parálisis operativa > Caso 21. Justicia y Derecho,Comportamiento 4. Parálisis operativa,INPEC,False
$39.385 millones,MONEY,regex,P0329-S01,P0329,41,II. Comportamientos críticos nocivos para el Estado > Comportamiento 4. Parálisis operativa > Caso 21. Justicia y Derecho,Comportamiento 4. Parálisis operativa,$39.385 millones,False
$8.923 millones,MONEY,regex,P0329-S01,P0329,41,II. Comportamientos críticos nocivos para el Estado > Comportamiento 4. Parálisis operativa > Caso 21. Justicia y Derecho,Comportamiento 4. Parálisis operativa,$8.923 millones,False
$6.988 millones,MONEY,regex,P0329-S01,P0329,41,II. Comportamientos críticos nocivos para el Estado > Comportamiento 4. Parálisis operativa > Caso 21. Justicia y Derecho,Comportamiento 4. Parálisis operativa,$6.988 millones,False
$6.233 millones,MONEY,regex,P0329-S01,P0329,41,II. Comportamientos críticos nocivos para el Estado > Comportamiento 4. Parálisis operativa > Caso 21. Justicia y Derecho,Comportamiento 4. Parálisis operativa,$6.233 millones,False
Itagüí,GPE_LOC,spacy,P0329-S01,P0329,41,II. Comportamientos críticos nocivos para el Estado > Comportamiento 4. Parálisis operativa > Caso 21. Justicia y Derecho,Comportamiento 4. Parálisis operativa,Itagüí,False
Barranquilla,GPE_LOC,spacy,P0329-S01,P0329,41,II. Comportamientos críticos nocivos para el Estado > Comportamiento 4. Parálisis operativa > Caso 21. Justicia y Derecho,Comportamiento 4. Parálisis operativa,Barranquilla,False
Ipiales,GPE_LOC,spacy,P0329-S01,P0329,41,II. Comportamientos críticos nocivos para el Estado > Comportamiento 4. Parálisis operativa > Caso 21. Justicia y Derecho,Comportamiento 4. Parálisis operativa,Ipiales,False
Buga,GPE_LOC,spacy,P0329-S01,P0329,41,II. Comportamientos críticos nocivos para el Estado > Comportamiento 4. Parálisis operativa > Caso 21. Justicia y Derecho,Comportamiento 4. Parálisis operativa,Buga,False
$1.164 millones,MONEY,regex,P0329-S02,P0329,41,II. Comportamientos críticos nocivos para el Estado > Comportamiento 4. Parálisis operativa > Caso 21. Justicia y Derecho,Comportamiento 4. Parálisis operativa,$1.164 millones,False
Barne,MISC,spacy,P0329-S02,P0329,41,II. Comportamientos críticos nocivos para el Estado > Comportamiento 4. Parálisis operativa > Caso 21. Justicia y Derecho,Comportamiento 4. Parálisis operativa,Barne,False
28%,PERCENT,regex,P0331-S01,P0331,41,II. Comportamientos críticos nocivos para el Estado > Comportamiento 4. Parálisis operativa > Caso 21. Justicia y Derecho,Comportamiento 4. Parálisis operativa,28%,False
28%,PERCENT,regex,P0331-S01,P0331,41,II. Comportamientos críticos nocivos para el Estado > Comportamiento 4. Parálisis operativa > Caso 21. Justicia y Derecho,Comportamiento 4. Parálisis operativa,28%,False
95.5%,PERCENT,regex,P0331-S01,P0331,41,II. Comportamientos críticos nocivos para el Estado > Comportamiento 4. Parálisis operativa > Caso 21. Justicia y Derecho,Comportamiento 4. Parálisis operativa,95.5%,False
"41,4%",PERCENT,regex,P0331-S02,P0331,41,II. Comportamientos críticos nocivos para el Estado > Comportamiento 4. Parálisis operativa > Caso 21. Justicia y Derecho,Comportamiento 4. Parálisis operativa,"41,4%",False
25.4%,PERCENT,regex,P0331-S03,P0331,41,II. Comportamientos críticos nocivos para el Estado > Comportamiento 4. Parálisis operativa > Caso 21. Justicia y Derecho,Comportamiento 4. Parálisis operativa,25.4%,False
Corte Constitucional,ORG,spacy,P0331-S04,P0331,41,II. Comportamientos críticos nocivos para el Estado > Comportamiento 4. Parálisis operativa > Caso 21. Justicia y Derecho,Comportamiento 4. Parálisis operativa,Corte Constitucional,True
Canal del Dique,GPE_LOC,spacy,P0333-S01,P0333,42,II. Comportamientos críticos nocivos para el Estado > Comportamiento 4. Parálisis operativa > Caso 22. Ambiente y Desarrollo Sostenible,Comportamiento 4. Parálisis operativa,Canal del Dique,False
Canal del Dique,GPE_LOC,spacy,P0334-S01,P0334,42,II. Comportamientos críticos nocivos para el Estado > Comportamiento 4. Parálisis operativa > Caso 22. Ambiente y Desarrollo Sostenible,Comportamiento 4. Parálisis operativa,Canal del Dique,False
Caribe,GPE_LOC,spacy,P0334-S02,P0334,42,II. Comportamientos críticos nocivos para el Estado > Comportamiento 4. Parálisis operativa > Caso 22. Ambiente y Desarrollo Sostenible,Comportamiento 4. Parálisis operativa,Caribe,False
junio de 2023,DATE,regex,P0336-S01,P0336,42,II. Comportamientos críticos nocivos para el Estado > Comportamiento 4. Parálisis operativa > Caso 22. Ambiente y Desarrollo Sostenible,Comportamiento 4. Parálisis operativa,junio de 2023,False
"3,2 billones de pesos",MONEY,regex,P0336-S01,P0336,42,II. Comportamientos críticos nocivos para el Estado > Comportamiento 4. Parálisis operativa > Caso 22. Ambiente y Desarrollo Sostenible,Comportamiento 4. Parálisis operativa,"3,2 billones de pesos",False
Sacyr,ORG,spacy,P0336-S01,P0336,42,II. Comportamientos críticos nocivos para el Estado > Comportamiento 4. Parálisis operativa > Caso 22. Ambiente y Desarrollo Sostenible,Comportamiento 4. Parálisis operativa,Sacyr,False
Plan Hidrosedimentológico,MISC,spacy,P0336-S01,P0336,42,II. Comportamientos críticos nocivos para el Estado > Comportamiento 4. Parálisis operativa > Caso 22. Ambiente y Desarrollo Sostenible,Comportamiento 4. Parálisis operativa,Plan Hidrosedimentológico,False
2024,DATE,regex,P0336-S02,P0336,42,II. Comportamientos críticos nocivos para el Estado > Comportamiento 4. Parálisis operativa > Caso 22. Ambiente y Desarrollo Sostenible,Comportamiento 4. Parálisis operativa,2024,False
Autoridad Nacional de Licencias Ambientales,ORG,spacy,P0336-S02,P0336,42,II. Comportamientos críticos nocivos para el Estado > Comportamiento 4. Parálisis operativa > Caso 22. Ambiente y Desarrollo Sostenible,Comportamiento 4. Parálisis operativa,Autoridad Nacional de Licencias Ambientales,True
ANLA,ORG,spacy,P0336-S02,P0336,42,II. Comportamientos críticos nocivos para el Estado > Comportamiento 4. Parálisis operativa > Caso 22. Ambiente y Desarrollo Sostenible,Comportamiento 4. Parálisis operativa,Autoridad Nacional de Licencias Ambientales,True
Estudio de Impacto Ambiental,MISC,spacy,P0337-S01,P0337,42,II. Comportamientos críticos nocivos para el Estado > Comportamiento 4. Parálisis operativa > Caso 22. Ambiente y Desarrollo Sostenible,Comportamiento 4. Parálisis operativa,Estudio de Impacto Ambiental,False
EIA,ORG,spacy,P0337-S01,P0337,42,II. Comportamientos críticos nocivos para el Estado > Comportamiento 4. Parálisis operativa > Caso 22. Ambiente y Desarrollo Sostenible,Comportamiento 4. Parálisis operativa,Estudio de Impacto Ambiental,False
1 de diciembre de 2024,DATE,regex,P0337-S02,P0337,42,II. Comportamientos críticos nocivos para el Estado > Comportamiento 4. Parálisis operativa > Caso 22. Ambiente y Desarrollo Sostenible,Comportamiento 4. Parálisis operativa,1 de diciembre de 2024,False
Procuraduría,PERSON,spacy,P0337-S02,P0337,42,II. Comportamientos críticos nocivos para el Estado > Comportamiento 4. Parálisis operativa > Caso 22. Ambiente y Desarrollo Sostenible,Comportamiento 4. Parálisis operativa,Procuraduría,True
octubre de 2026,DATE,regex,P0338-S01,P0338,42,II. Comportamientos críticos nocivos para el Estado > Comportamiento 4. Parálisis operativa > Caso 22. Ambiente y Desarrollo Sostenible,Comportamiento 4. Parálisis operativa,octubre de 2026,False
marzo de 2027,DATE,regex,P0338-S01,P0338,42,II. Comportamientos críticos nocivos para el Estado > Comportamiento 4. Parálisis operativa > Caso 22. Ambiente y Desarrollo Sostenible,Comportamiento 4. Parálisis operativa,marzo de 2027,False
$63.767 millones,MONEY,regex,P0338-S01,P0338,42,II. Comportamientos críticos nocivos para el Estado > Comportamiento 4. Parálisis operativa > Caso 22. Ambiente y Desarrollo Sostenible,Comportamiento 4. Parálisis operativa,$63.767 millones,False
EIA,ORG,spacy,P0338-S01,P0338,42,II. Comportamientos críticos nocivos para el Estado > Comportamiento 4. Parálisis operativa > Caso 22. Ambiente y Desarrollo Sostenible,Comportamiento 4. Parálisis operativa,Estudio de Impacto Ambiental,False
ANI,ORG,spacy,P0338-S01,P0338,42,II. Comportamientos críticos nocivos para el Estado > Comportamiento 4. Parálisis operativa > Caso 22. Ambiente y Desarrollo Sostenible,Comportamiento 4. Parálisis operativa,Agencia Nacional de Infraestructura,True
EIA,ORG,spacy,P0338-S01,P0338,42,II. Comportamientos críticos nocivos para el Estado > Comportamiento 4. Parálisis operativa > Caso 22. Ambiente y Desarrollo Sostenible,Comportamiento 4. Parálisis operativa,Estudio de Impacto Ambiental,False
ANLA,ORG,spacy,P0338-S01,P0338,42,II. Comportamientos críticos nocivos para el Estado > Comportamiento 4. Parálisis operativa > Caso 22. Ambiente y Desarrollo Sostenible,Comportamiento 4. Parálisis operativa,Autoridad Nacional de Licencias Ambientales,True
Procuraduría,PERSON,spacy,P0339-S01,P0339,42,II. Comportamientos críticos nocivos para el Estado > Comportamiento 4. Parálisis operativa > Caso 22. Ambiente y Desarrollo Sostenible,Comportamiento 4. Parálisis operativa,Procuraduría,True
Caribe,GPE_LOC,spacy,P0339-S01,P0339,42,II. Comportamientos críticos nocivos para el Estado > Comportamiento 4. Parálisis operativa > Caso 22. Ambiente y Desarrollo Sostenible,Comportamiento 4. Parálisis operativa,Caribe,False
2025,DATE,regex,P0341-S01,P0341,42,"II. Comportamientos críticos nocivos para el Estado > Comportamiento 4. Parálisis operativa > Caso 23. Vivienda, Ciudad y Territorio",Comportamiento 4. Parálisis operativa,2025,False
"$2,65 billones",MONEY,regex,P0341-S01,P0341,42,"II. Comportamientos críticos nocivos para el Estado > Comportamiento 4. Parálisis operativa > Caso 23. Vivienda, Ciudad y Territorio",Comportamiento 4. Parálisis operativa,"$2,65 billones",False
"33,31 %",PERCENT,regex,P0341-S01,P0341,42,"II. Comportamientos críticos nocivos para el Estado > Comportamiento 4. Parálisis operativa > Caso 23. Vivienda, Ciudad y Territorio",Comportamiento 4. Parálisis operativa,"33,31 %",False
2025,DATE,regex,P0342-S01,P0342,42,"II. Comportamientos críticos nocivos para el Estado > Comportamiento 4. Parálisis operativa > Caso 23. Vivienda, Ciudad y Territorio",Comportamiento 4. Parálisis operativa,2025,False
Auditoría Financiera,ORG,spacy,P0342-S01,P0342,42,"II. Comportamientos críticos nocivos para el Estado > Comportamiento 4. Parálisis operativa > Caso 23. Vivienda, Ciudad y Territorio",Comportamiento 4. Parálisis operativa,Auditoría Financiera,False
Contraloría General de la República,ORG,spacy,P0342-S01,P0342,42,"II. Comportamientos críticos nocivos para el Estado > Comportamiento 4. Parálisis operativa > Caso 23. Vivienda, Ciudad y Territorio",Comportamiento 4. Parálisis operativa,Contraloría General de la República,True
Fondo Nacional de Vivienda,ORG,spacy,P0342-S01,P0342,42,"II. Comportamientos críticos nocivos para el Estado > Comportamiento 4. Parálisis operativa > Caso 23. Vivienda, Ciudad y Territorio",Comportamiento 4. Parálisis operativa,Fondo Nacional de Vivienda,True
"$2,65 billones",MONEY,regex,P0342-S02,P0342,42,"II. Comportamientos críticos nocivos para el Estado > Comportamiento 4. Parálisis operativa > Caso 23. Vivienda, Ciudad y Territorio",Comportamiento 4. Parálisis operativa,"$2,65 billones",False
33%,PERCENT,regex,P0342-S02,P0342,42,"II. Comportamientos críticos nocivos para el Estado > Comportamiento 4. Parálisis operativa > Caso 23. Vivienda, Ciudad y Territorio",Comportamiento 4. Parálisis operativa,33%,False
Contraloría,ORG,spacy,P0343-S01,P0343,42,"II. Comportamientos críticos nocivos para el Estado > Comportamiento 4. Parálisis operativa > Caso 23. Vivienda, Ciudad y Territorio",Comportamiento 4. Parálisis operativa,Contraloría,True
Estado,GENERIC,spacy,P0345-S01,P0345,43,"II. Comportamientos críticos nocivos para el Estado > Comportamiento 4. Parálisis operativa > Caso 23. Vivienda, Ciudad y Territorio",Comportamiento 4. Parálisis operativa,Estado,False
"4,4%",PERCENT,regex,P0347-S01,P0347,43,II. Comportamientos críticos nocivos para el Estado > Comportamiento 4. Parálisis operativa > Caso 24. Minas y Energía,Comportamiento 4. Parálisis operativa,"4,4%",False
"15,5%",PERCENT,regex,P0347-S01,P0347,43,II. Comportamientos críticos nocivos para el Estado > Comportamiento 4. Parálisis operativa > Caso 24. Minas y Energía,Comportamiento 4. Parálisis operativa,"15,5%",False
"4,4%",PERCENT,regex,P0348-S01,P0348,43,II. Comportamientos críticos nocivos para el Estado > Comportamiento 4. Parálisis operativa > Caso 24. Minas y Energía,Comportamiento 4. Parálisis operativa,"4,4%",False
100%,PERCENT,regex,P0348-S01,P0348,43,II. Comportamientos críticos nocivos para el Estado > Comportamiento 4. Parálisis operativa > Caso 24. Minas y Energía,Comportamiento 4. Parálisis operativa,100%,False
81%,PERCENT,regex,P0348-S01,P0348,43,II. Comportamientos críticos nocivos para el Estado > Comportamiento 4. Parálisis operativa > Caso 24. Minas y Energía,Comportamiento 4. Parálisis operativa,81%,False
XM,ORG,spacy,P0348-S01,P0348,43,II. Comportamientos críticos nocivos para el Estado > Comportamiento 4. Parálisis operativa > Caso 24. Minas y Energía,Comportamiento 4. Parálisis operativa,XM,False
Niño,MISC,spacy+override,P0348-S01,P0348,43,II. Comportamientos críticos nocivos para el Estado > Comportamiento 4. Parálisis operativa > Caso 24. Minas y Energía,Comportamiento 4. Parálisis operativa,Niño,False
2026,DATE,regex,P0348-S02,P0348,43,II. Comportamientos críticos nocivos para el Estado > Comportamiento 4. Parálisis operativa > Caso 24. Minas y Energía,Comportamiento 4. Parálisis operativa,2026,False
"15,5%",PERCENT,regex,P0348-S02,P0348,43,II. Comportamientos críticos nocivos para el Estado > Comportamiento 4. Parálisis operativa > Caso 24. Minas y Energía,Comportamiento 4. Parálisis operativa,"15,5%",False
60%,PERCENT,regex,P0348-S02,P0348,43,II. Comportamientos críticos nocivos para el Estado > Comportamiento 4. Parálisis operativa > Caso 24. Minas y Energía,Comportamiento 4. Parálisis operativa,60%,False
"8,8%",PERCENT,regex,P0348-S03,P0348,43,II. Comportamientos críticos nocivos para el Estado > Comportamiento 4. Parálisis operativa > Caso 24. Minas y Energía,Comportamiento 4. Parálisis operativa,"8,8%",False
Guavio,GPE_LOC,spacy,P0348-S03,P0348,43,II. Comportamientos críticos nocivos para el Estado > Comportamiento 4. Parálisis operativa > Caso 24. Minas y Energía,Comportamiento 4. Parálisis operativa,Guavio,False
Chivor,GPE_LOC,spacy,P0348-S03,P0348,43,II. Comportamientos críticos nocivos para el Estado > Comportamiento 4. Parálisis operativa > Caso 24. Minas y Energía,Comportamiento 4. Parálisis operativa,Chivor,False
Colombia,GPE_LOC,spacy,P0349-S01,P0349,43,II. Comportamientos críticos nocivos para el Estado > Comportamiento 4. Parálisis operativa > Caso 24. Minas y Energía,Comportamiento 4. Parálisis operativa,Colombia,False
Niño,MISC,spacy+override,P0350-S03,P0350,43,II. Comportamientos críticos nocivos para el Estado > Comportamiento 4. Parálisis operativa > Caso 24. Minas y Energía,Comportamiento 4. Parálisis operativa,Niño,False
2027,DATE,regex,P0351-S01,P0351,43,II. Comportamientos críticos nocivos para el Estado > Comportamiento 4. Parálisis operativa > Caso 24. Minas y Energía,Comportamiento 4. Parálisis operativa,2027,False
3 billones de pesos,MONEY,regex,P0351-S02,P0351,43,II. Comportamientos críticos nocivos para el Estado > Comportamiento 4. Parálisis operativa > Caso 24. Minas y Energía,Comportamiento 4. Parálisis operativa,3 billones de pesos,False
2%,PERCENT,regex,P0351-S02,P0351,43,II. Comportamientos críticos nocivos para el Estado > Comportamiento 4. Parálisis operativa > Caso 24. Minas y Energía,Comportamiento 4. Parálisis operativa,2%,False
Colombia,GPE_LOC,spacy,P0351-S02,P0351,43,II. Comportamientos críticos nocivos para el Estado > Comportamiento 4. Parálisis operativa > Caso 24. Minas y Energía,Comportamiento 4. Parálisis operativa,Colombia,False
PotencIA,MISC,spacy,P0353-S01,P0353,43,II. Comportamientos críticos nocivos para el Estado > Comportamiento 4. Parálisis operativa > Caso 25. Tecnologías de la Información y las Comunicaciones (TIC),Comportamiento 4. Parálisis operativa,PotencIA,False
$234.399 millones,MONEY,regex,P0354-S01,P0354,43,II. Comportamientos críticos nocivos para el Estado > Comportamiento 4. Parálisis operativa > Caso 25. Tecnologías de la Información y las Comunicaciones (TIC),Comportamiento 4. Parálisis operativa,$234.399 millones,False
PotencIA,MISC,spacy,P0354-S01,P0354,43,II. Comportamientos críticos nocivos para el Estado > Comportamiento 4. Parálisis operativa > Caso 25. Tecnologías de la Información y las Comunicaciones (TIC),Comportamiento 4. Parálisis operativa,PotencIA,False
Ministerio de Tecnologías de la Información,GPE_LOC,spacy,P0354-S01,P0354,43,II. Comportamientos críticos nocivos para el Estado > Comportamiento 4. Parálisis operativa > Caso 25. Tecnologías de la Información y las Comunicaciones (TIC),Comportamiento 4. Parálisis operativa,Ministerio de Tecnologías de la Información,True
Comunicaciones,MISC,spacy,P0354-S01,P0354,43,II. Comportamientos críticos nocivos para el Estado > Comportamiento 4. Parálisis operativa > Caso 25. Tecnologías de la Información y las Comunicaciones (TIC),Comportamiento 4. Parálisis operativa,Comunicaciones,False
MinTIC,MISC,spacy,P0354-S01,P0354,43,II. Comportamientos críticos nocivos para el Estado > Comportamiento 4. Parálisis operativa > Caso 25. Tecnologías de la Información y las Comunicaciones (TIC),Comportamiento 4. Parálisis operativa,MinTIC,True
Ministerio,GENERIC,spacy,P0354-S02,P0354,44,II. Comportamientos críticos nocivos para el Estado > Comportamiento 4. Parálisis operativa > Caso 25. Tecnologías de la Información y las Comunicaciones (TIC),Comportamiento 4. Parálisis operativa,Ministerio,False
Contrato Interadministrativo No,MISC,spacy,P0354-S02,P0354,44,II. Comportamientos críticos nocivos para el Estado > Comportamiento 4. Parálisis operativa > Caso 25. Tecnologías de la Información y las Comunicaciones (TIC),Comportamiento 4. Parálisis operativa,Contrato Interadministrativo No,False
13 de septiembre de 2024,DATE,regex,P0354-S03,P0354,44,II. Comportamientos críticos nocivos para el Estado > Comportamiento 4. Parálisis operativa > Caso 25. Tecnologías de la Información y las Comunicaciones (TIC),Comportamiento 4. Parálisis operativa,13 de septiembre de 2024,False
Financiera de Desarrollo Territorial,ORG,spacy,P0354-S03,P0354,44,II. Comportamientos críticos nocivos para el Estado > Comportamiento 4. Parálisis operativa > Caso 25. Tecnologías de la Información y las Comunicaciones (TIC),Comportamiento 4. Parálisis operativa,Financiera de Desarrollo Territorial,False
Findeter,GPE_LOC,spacy,P0354-S03,P0354,44,II. Comportamientos críticos nocivos para el Estado > Comportamiento 4. Parálisis operativa > Caso 25. Tecnologías de la Información y las Comunicaciones (TIC),Comportamiento 4. Parálisis operativa,Findeter,False
2025,DATE,regex,P0355-S01,P0355,44,II. Comportamientos críticos nocivos para el Estado > Comportamiento 4. Parálisis operativa > Caso 25. Tecnologías de la Información y las Comunicaciones (TIC),Comportamiento 4. Parálisis operativa,2025,False
"22,3%",PERCENT,regex,P0355-S01,P0355,44,II. Comportamientos críticos nocivos para el Estado > Comportamiento 4. Parálisis operativa > Caso 25. Tecnologías de la Información y las Comunicaciones (TIC),Comportamiento 4. Parálisis operativa,"22,3%",False
28%,PERCENT,regex,P0355-S01,P0355,44,II. Comportamientos críticos nocivos para el Estado > Comportamiento 4. Parálisis operativa > Caso 25. Tecnologías de la Información y las Comunicaciones (TIC),Comportamiento 4. Parálisis operativa,28%,False
Ministerio,GENERIC,spacy,P0355-S01,P0355,44,II. Comportamientos críticos nocivos para el Estado > Comportamiento 4. Parálisis operativa > Caso 25. Tecnologías de la Información y las Comunicaciones (TIC),Comportamiento 4. Parálisis operativa,Ministerio,False
Zipaquirá,GPE_LOC,spacy,P0355-S01,P0355,44,II. Comportamientos críticos nocivos para el Estado > Comportamiento 4. Parálisis operativa > Caso 25. Tecnologías de la Información y las Comunicaciones (TIC),Comportamiento 4. Parálisis operativa,Zipaquirá,False
Caldas,GPE_LOC,spacy,P0355-S01,P0355,44,II. Comportamientos críticos nocivos para el Estado > Comportamiento 4. Parálisis operativa > Caso 25. Tecnologías de la Información y las Comunicaciones (TIC),Comportamiento 4. Parálisis operativa,Caldas,False
abril de 2026,DATE,regex,P0355-S02,P0355,44,II. Comportamientos críticos nocivos para el Estado > Comportamiento 4. Parálisis operativa > Caso 25. Tecnologías de la Información y las Comunicaciones (TIC),Comportamiento 4. Parálisis operativa,abril de 2026,False
"2,1%",PERCENT,regex,P0355-S02,P0355,44,II. Comportamientos críticos nocivos para el Estado > Comportamiento 4. Parálisis operativa > Caso 25. Tecnologías de la Información y las Comunicaciones (TIC),Comportamiento 4. Parálisis operativa,"2,1%",False
"17,71%",PERCENT,regex,P0355-S02,P0355,44,II. Comportamientos críticos nocivos para el Estado > Comportamiento 4. Parálisis operativa > Caso 25. Tecnologías de la Información y las Comunicaciones (TIC),Comportamiento 4. Parálisis operativa,"17,71%",False
noviembre de 2025,DATE,regex,P0355-S03,P0355,44,II. Comportamientos críticos nocivos para el Estado > Comportamiento 4. Parálisis operativa > Caso 25. Tecnologías de la Información y las Comunicaciones (TIC),Comportamiento 4. Parálisis operativa,noviembre de 2025,False
$4.000 millones,MONEY,regex,P0355-S03,P0355,44,II. Comportamientos críticos nocivos para el Estado > Comportamiento 4. Parálisis operativa > Caso 25. Tecnologías de la Información y las Comunicaciones (TIC),Comportamiento 4. Parálisis operativa,$4.000 millones,False
Ministerio,GENERIC,spacy,P0355-S03,P0355,44,II. Comportamientos críticos nocivos para el Estado > Comportamiento 4. Parálisis operativa > Caso 25. Tecnologías de la Información y las Comunicaciones (TIC),Comportamiento 4. Parálisis operativa,Ministerio,False
enero de 2026,DATE,regex,P0355-S04,P0355,44,II. Comportamientos críticos nocivos para el Estado > Comportamiento 4. Parálisis operativa > Caso 25. Tecnologías de la Información y las Comunicaciones (TIC),Comportamiento 4. Parálisis operativa,enero de 2026,False
Contraloría,ORG,spacy,P0355-S04,P0355,44,II. Comportamientos críticos nocivos para el Estado > Comportamiento 4. Parálisis operativa > Caso 25. Tecnologías de la Información y las Comunicaciones (TIC),Comportamiento 4. Parálisis operativa,Contraloría,True
Centros PotencIA,MISC,spacy,P0355-S04,P0355,44,II. Comportamientos críticos nocivos para el Estado > Comportamiento 4. Parálisis operativa > Caso 25. Tecnologías de la Información y las Comunicaciones (TIC),Comportamiento 4. Parálisis operativa,Centros PotencIA,False
Centros PotencIA,MISC,spacy,P0356-S02,P0356,44,II. Comportamientos críticos nocivos para el Estado > Comportamiento 4. Parálisis operativa > Caso 25. Tecnologías de la Información y las Comunicaciones (TIC),Comportamiento 4. Parálisis operativa,Centros PotencIA,False
Desarrollo Sostenible,GPE_LOC,spacy,P0358-S01,P0358,44,II. Comportamientos críticos nocivos para el Estado > Comportamiento 5. Captura contractual y concentración del poder operativo,Comportamiento 5. Captura contractual y concentración del poder operativo,Desarrollo Sostenible,False
Educación,GENERIC,spacy,P0358-S01,P0358,44,II. Comportamientos críticos nocivos para el Estado > Comportamiento 5. Captura contractual y concentración del poder operativo,Comportamiento 5. Captura contractual y concentración del poder operativo,Educación,False
Inclusión Social y Reconciliación,MISC,spacy,P0358-S01,P0358,44,II. Comportamientos críticos nocivos para el Estado > Comportamiento 5. Captura contractual y concentración del poder operativo,Comportamiento 5. Captura contractual y concentración del poder operativo,Inclusión Social y Reconciliación,False
Planeación,MISC,spacy,P0358-S01,P0358,44,II. Comportamientos críticos nocivos para el Estado > Comportamiento 5. Captura contractual y concentración del poder operativo,Comportamiento 5. Captura contractual y concentración del poder operativo,Planeación,False
Cultura,GENERIC,spacy,P0358-S01,P0358,44,II. Comportamientos críticos nocivos para el Estado > Comportamiento 5. Captura contractual y concentración del poder operativo,Comportamiento 5. Captura contractual y concentración del poder operativo,Cultura,False
Guajira,GPE_LOC,spacy,P0360-S01,P0360,44,II. Comportamientos críticos nocivos para el Estado > Comportamiento 5. Captura contractual y concentración del poder operativo > Caso 26. Inclusión Social y Reconciliación,Comportamiento 5. Captura contractual y concentración del poder operativo,Guajira,False
Gobierno Petro,GPE_LOC,spacy,P0360-S01,P0360,44,II. Comportamientos críticos nocivos para el Estado > Comportamiento 5. Captura contractual y concentración del poder operativo > Caso 26. Inclusión Social y Reconciliación,Comportamiento 5. Captura contractual y concentración del poder operativo,Gobierno Petro,True
15 de julio de 2026,DATE,regex,P0361-S01,P0361,44,II. Comportamientos críticos nocivos para el Estado > Comportamiento 5. Captura contractual y concentración del poder operativo > Caso 26. Inclusión Social y Reconciliación,Comportamiento 5. Captura contractual y concentración del poder operativo,15 de julio de 2026,False
2017,DATE,regex,P0361-S01,P0361,44,II. Comportamientos críticos nocivos para el Estado > Comportamiento 5. Captura contractual y concentración del poder operativo > Caso 26. Inclusión Social y Reconciliación,Comportamiento 5. Captura contractual y concentración del poder operativo,2017,False
2022,DATE,regex,P0361-S01,P0361,44,II. Comportamientos críticos nocivos para el Estado > Comportamiento 5. Captura contractual y concentración del poder operativo > Caso 26. Inclusión Social y Reconciliación,Comportamiento 5. Captura contractual y concentración del poder operativo,2022,False
9 de julio de 2026,DATE,regex,P0361-S01,P0361,44,II. Comportamientos críticos nocivos para el Estado > Comportamiento 5. Captura contractual y concentración del poder operativo > Caso 26. Inclusión Social y Reconciliación,Comportamiento 5. Captura contractual y concentración del poder operativo,9 de julio de 2026,False
2022,DATE,regex,P0361-S01,P0361,44,II. Comportamientos críticos nocivos para el Estado > Comportamiento 5. Captura contractual y concentración del poder operativo > Caso 26. Inclusión Social y Reconciliación,Comportamiento 5. Captura contractual y concentración del poder operativo,2022,False
2026,DATE,regex,P0361-S01,P0361,44,II. Comportamientos críticos nocivos para el Estado > Comportamiento 5. Captura contractual y concentración del poder operativo > Caso 26. Inclusión Social y Reconciliación,Comportamiento 5. Captura contractual y concentración del poder operativo,2026,False
"$1,78 billones",MONEY,regex,P0361-S01,P0361,44,II. Comportamientos críticos nocivos para el Estado > Comportamiento 5. Captura contractual y concentración del poder operativo > Caso 26. Inclusión Social y Reconciliación,Comportamiento 5. Captura contractual y concentración del poder operativo,"$1,78 billones",False
$463 millones,MONEY,regex,P0361-S01,P0361,44,II. Comportamientos críticos nocivos para el Estado > Comportamiento 5. Captura contractual y concentración del poder operativo > Caso 26. Inclusión Social y Reconciliación,Comportamiento 5. Captura contractual y concentración del poder operativo,$463 millones,False
$557 mil millones,MONEY,regex,P0361-S01,P0361,44,II. Comportamientos críticos nocivos para el Estado > Comportamiento 5. Captura contractual y concentración del poder operativo > Caso 26. Inclusión Social y Reconciliación,Comportamiento 5. Captura contractual y concentración del poder operativo,$557 mil millones,False
Sentencia T-302 de 2017,LAW,regex,P0361-S01,P0361,44,II. Comportamientos críticos nocivos para el Estado > Comportamiento 5. Captura contractual y concentración del poder operativo > Caso 26. Inclusión Social y Reconciliación,Comportamiento 5. Captura contractual y concentración del poder operativo,Sentencia T-302 de 2017,False
Cambio,ORG,spacy,P0361-S01,P0361,44,II. Comportamientos críticos nocivos para el Estado > Comportamiento 5. Captura contractual y concentración del poder operativo > Caso 26. Inclusión Social y Reconciliación,Comportamiento 5. Captura contractual y concentración del poder operativo,Cambio,False
Guajira,GPE_LOC,spacy,P0361-S01,P0361,44,II. Comportamientos críticos nocivos para el Estado > Comportamiento 5. Captura contractual y concentración del poder operativo > Caso 26. Inclusión Social y Reconciliación,Comportamiento 5. Captura contractual y concentración del poder operativo,Guajira,False
"$1,68 billones",MONEY,regex,P0361-S02,P0361,44,II. Comportamientos críticos nocivos para el Estado > Comportamiento 5. Captura contractual y concentración del poder operativo > Caso 26. Inclusión Social y Reconciliación,Comportamiento 5. Captura contractual y concentración del poder operativo,"$1,68 billones",False
"94,3 %",PERCENT,regex,P0361-S02,P0361,44,II. Comportamientos críticos nocivos para el Estado > Comportamiento 5. Captura contractual y concentración del poder operativo > Caso 26. Inclusión Social y Reconciliación,Comportamiento 5. Captura contractual y concentración del poder operativo,"94,3 %",False
ICBF Regional La Guajira,ORG,spacy,P0361-S02,P0361,44,II. Comportamientos críticos nocivos para el Estado > Comportamiento 5. Captura contractual y concentración del poder operativo > Caso 26. Inclusión Social y Reconciliación,Comportamiento 5. Captura contractual y concentración del poder operativo,ICBF Regional La Guajira,True
2024,DATE,regex,P0362-S02,P0362,45,II. Comportamientos críticos nocivos para el Estado > Comportamiento 5. Captura contractual y concentración del poder operativo > Caso 26. Inclusión Social y Reconciliación,Comportamiento 5. Captura contractual y concentración del poder operativo,2024,False
Procuraduría,ORG,spacy,P0362-S02,P0362,45,II. Comportamientos críticos nocivos para el Estado > Comportamiento 5. Captura contractual y concentración del poder operativo > Caso 26. Inclusión Social y Reconciliación,Comportamiento 5. Captura contractual y concentración del poder operativo,Procuraduría,True
2025,DATE,regex,P0362-S04,P0362,45,II. Comportamientos críticos nocivos para el Estado > Comportamiento 5. Captura contractual y concentración del poder operativo > Caso 26. Inclusión Social y Reconciliación,Comportamiento 5. Captura contractual y concentración del poder operativo,2025,False
Procuraduría,GPE_LOC,spacy,P0362-S04,P0362,45,II. Comportamientos críticos nocivos para el Estado > Comportamiento 5. Captura contractual y concentración del poder operativo > Caso 26. Inclusión Social y Reconciliación,Comportamiento 5. Captura contractual y concentración del poder operativo,Procuraduría,True
ICBF,ORG,spacy,P0363-S01,P0363,45,II. Comportamientos críticos nocivos para el Estado > Comportamiento 5. Captura contractual y concentración del poder operativo > Caso 26. Inclusión Social y Reconciliación,Comportamiento 5. Captura contractual y concentración del poder operativo,ICBF,True
Wayúu,MISC,spacy,P0363-S02,P0363,45,II. Comportamientos críticos nocivos para el Estado > Comportamiento 5. Captura contractual y concentración del poder operativo > Caso 26. Inclusión Social y Reconciliación,Comportamiento 5. Captura contractual y concentración del poder operativo,Wayúu,False
$140.910 millones,MONEY,regex,P0365-S01,P0365,45,II. Comportamientos críticos nocivos para el Estado > Comportamiento 5. Captura contractual y concentración del poder operativo > Caso 27. Inclusión Social y Reconciliación,Comportamiento 5. Captura contractual y concentración del poder operativo,$140.910 millones,False
FONIGUALDAD,ORG,spacy,P0365-S01,P0365,45,II. Comportamientos críticos nocivos para el Estado > Comportamiento 5. Captura contractual y concentración del poder operativo > Caso 27. Inclusión Social y Reconciliación,Comportamiento 5. Captura contractual y concentración del poder operativo,FONIGUALDAD,True
LABORANDO,MISC,spacy,P0365-S01,P0365,45,II. Comportamientos críticos nocivos para el Estado > Comportamiento 5. Captura contractual y concentración del poder operativo > Caso 27. Inclusión Social y Reconciliación,Comportamiento 5. Captura contractual y concentración del poder operativo,LABORANDO,False
2025,DATE,regex,P0366-S01,P0366,45,II. Comportamientos críticos nocivos para el Estado > Comportamiento 5. Captura contractual y concentración del poder operativo > Caso 27. Inclusión Social y Reconciliación,Comportamiento 5. Captura contractual y concentración del poder operativo,2025,False
2025,DATE,regex,P0366-S01,P0366,45,II. Comportamientos críticos nocivos para el Estado > Comportamiento 5. Captura contractual y concentración del poder operativo > Caso 27. Inclusión Social y Reconciliación,Comportamiento 5. Captura contractual y concentración del poder operativo,2025,False
2025,DATE,regex,P0366-S01,P0366,45,II. Comportamientos críticos nocivos para el Estado > Comportamiento 5. Captura contractual y concentración del poder operativo > Caso 27. Inclusión Social y Reconciliación,Comportamiento 5. Captura contractual y concentración del poder operativo,2025,False
2026,DATE,regex,P0366-S01,P0366,45,II. Comportamientos críticos nocivos para el Estado > Comportamiento 5. Captura contractual y concentración del poder operativo > Caso 27. Inclusión Social y Reconciliación,Comportamiento 5. Captura contractual y concentración del poder operativo,2026,False
$140.910.903.849,MONEY,regex,P0366-S01,P0366,45,II. Comportamientos críticos nocivos para el Estado > Comportamiento 5. Captura contractual y concentración del poder operativo > Caso 27. Inclusión Social y Reconciliación,Comportamiento 5. Captura contractual y concentración del poder operativo,$140.910.903.849,False
FONIGUALDAD,ORG,spacy,P0366-S01,P0366,45,II. Comportamientos críticos nocivos para el Estado > Comportamiento 5. Captura contractual y concentración del poder operativo > Caso 27. Inclusión Social y Reconciliación,Comportamiento 5. Captura contractual y concentración del poder operativo,FONIGUALDAD,True
LABORANDO,MISC,spacy,P0366-S01,P0366,45,II. Comportamientos críticos nocivos para el Estado > Comportamiento 5. Captura contractual y concentración del poder operativo > Caso 27. Inclusión Social y Reconciliación,Comportamiento 5. Captura contractual y concentración del poder operativo,LABORANDO,False
EGA-001-2025,MISC,spacy,P0366-S01,P0366,45,II. Comportamientos críticos nocivos para el Estado > Comportamiento 5. Captura contractual y concentración del poder operativo > Caso 27. Inclusión Social y Reconciliación,Comportamiento 5. Captura contractual y concentración del poder operativo,EGA-001-2025,False
EGA-002-2025,MISC,spacy,P0366-S01,P0366,45,II. Comportamientos críticos nocivos para el Estado > Comportamiento 5. Captura contractual y concentración del poder operativo > Caso 27. Inclusión Social y Reconciliación,Comportamiento 5. Captura contractual y concentración del poder operativo,EGA-002-2025,False
EGA-003-2025,MISC,spacy,P0366-S01,P0366,45,II. Comportamientos críticos nocivos para el Estado > Comportamiento 5. Captura contractual y concentración del poder operativo > Caso 27. Inclusión Social y Reconciliación,Comportamiento 5. Captura contractual y concentración del poder operativo,EGA-003-2025,False
Paloma Valencia,PERSON,spacy,P0366-S02,P0366,45,II. Comportamientos críticos nocivos para el Estado > Comportamiento 5. Captura contractual y concentración del poder operativo > Caso 27. Inclusión Social y Reconciliación,Comportamiento 5. Captura contractual y concentración del poder operativo,Paloma Valencia,False
$140.910.903.849,MONEY,regex,P0366-S03,P0366,45,II. Comportamientos críticos nocivos para el Estado > Comportamiento 5. Captura contractual y concentración del poder operativo > Caso 27. Inclusión Social y Reconciliación,Comportamiento 5. Captura contractual y concentración del poder operativo,$140.910.903.849,False
Contraloría General de la República,ORG,spacy,P0366-S03,P0366,45,II. Comportamientos críticos nocivos para el Estado > Comportamiento 5. Captura contractual y concentración del poder operativo > Caso 27. Inclusión Social y Reconciliación,Comportamiento 5. Captura contractual y concentración del poder operativo,Contraloría General de la República,True
Estado Crítico,GPE_LOC,spacy,P0366-S03,P0366,45,II. Comportamientos críticos nocivos para el Estado > Comportamiento 5. Captura contractual y concentración del poder operativo > Caso 27. Inclusión Social y Reconciliación,Comportamiento 5. Captura contractual y concentración del poder operativo,Estado Crítico,False
$140.910 millones,MONEY,regex,P0367-S01,P0367,45,II. Comportamientos críticos nocivos para el Estado > Comportamiento 5. Captura contractual y concentración del poder operativo > Caso 27. Inclusión Social y Reconciliación,Comportamiento 5. Captura contractual y concentración del poder operativo,$140.910 millones,False
Estado Crítico,ORG,spacy,P0367-S02,P0367,45,II. Comportamientos críticos nocivos para el Estado > Comportamiento 5. Captura contractual y concentración del poder operativo > Caso 27. Inclusión Social y Reconciliación,Comportamiento 5. Captura contractual y concentración del poder operativo,Estado Crítico,False
Contraloría,ORG,spacy,P0367-S02,P0367,45,II. Comportamientos críticos nocivos para el Estado > Comportamiento 5. Captura contractual y concentración del poder operativo > Caso 27. Inclusión Social y Reconciliación,Comportamiento 5. Captura contractual y concentración del poder operativo,Contraloría,True
$336 millones,MONEY,regex,P0369-S01,P0369,45,II. Comportamientos críticos nocivos para el Estado > Comportamiento 5. Captura contractual y concentración del poder operativo > Caso 28. Inclusión Social y Reconciliación,Comportamiento 5. Captura contractual y concentración del poder operativo,$336 millones,False
$33 mil millones,MONEY,regex,P0369-S01,P0369,45,II. Comportamientos críticos nocivos para el Estado > Comportamiento 5. Captura contractual y concentración del poder operativo > Caso 28. Inclusión Social y Reconciliación,Comportamiento 5. Captura contractual y concentración del poder operativo,$33 mil millones,False
32%,PERCENT,regex,P0369-S01,P0369,45,II. Comportamientos críticos nocivos para el Estado > Comportamiento 5. Captura contractual y concentración del poder operativo > Caso 28. Inclusión Social y Reconciliación,Comportamiento 5. Captura contractual y concentración del poder operativo,32%,False
Flores,GPE_LOC,spacy,P0369-S01,P0369,45,II. Comportamientos críticos nocivos para el Estado > Comportamiento 5. Captura contractual y concentración del poder operativo > Caso 28. Inclusión Social y Reconciliación,Comportamiento 5. Captura contractual y concentración del poder operativo,Flores,False
Asociación Shaquiñán,ORG,spacy,P0369-S01,P0369,45,II. Comportamientos críticos nocivos para el Estado > Comportamiento 5. Captura contractual y concentración del poder operativo > Caso 28. Inclusión Social y Reconciliación,Comportamiento 5. Captura contractual y concentración del poder operativo,Asociación Shaquiñán,False
2025,DATE,regex,P0370-S01,P0370,46,II. Comportamientos críticos nocivos para el Estado > Comportamiento 5. Captura contractual y concentración del poder operativo > Caso 28. Inclusión Social y Reconciliación,Comportamiento 5. Captura contractual y concentración del poder operativo,2025,False
$33 mil millones,MONEY,regex,P0370-S01,P0370,46,II. Comportamientos críticos nocivos para el Estado > Comportamiento 5. Captura contractual y concentración del poder operativo > Caso 28. Inclusión Social y Reconciliación,Comportamiento 5. Captura contractual y concentración del poder operativo,$33 mil millones,False
$336 millones,MONEY,regex,P0370-S01,P0370,46,II. Comportamientos críticos nocivos para el Estado > Comportamiento 5. Captura contractual y concentración del poder operativo > Caso 28. Inclusión Social y Reconciliación,Comportamiento 5. Captura contractual y concentración del poder operativo,$336 millones,False
1%,PERCENT,regex,P0370-S01,P0370,46,II. Comportamientos críticos nocivos para el Estado > Comportamiento 5. Captura contractual y concentración del poder operativo > Caso 28. Inclusión Social y Reconciliación,Comportamiento 5. Captura contractual y concentración del poder operativo,1%,False
Convenio Interadministrativo,MISC,spacy,P0370-S01,P0370,46,II. Comportamientos críticos nocivos para el Estado > Comportamiento 5. Captura contractual y concentración del poder operativo > Caso 28. Inclusión Social y Reconciliación,Comportamiento 5. Captura contractual y concentración del poder operativo,Convenio Interadministrativo,False
Departamento Administrativo para la Prosperidad,ORG,spacy,P0370-S01,P0370,46,II. Comportamientos críticos nocivos para el Estado > Comportamiento 5. Captura contractual y concentración del poder operativo > Caso 28. Inclusión Social y Reconciliación,Comportamiento 5. Captura contractual y concentración del poder operativo,Departamento Administrativo para la Prosperidad,True
DPS,ORG,spacy,P0370-S01,P0370,46,II. Comportamientos críticos nocivos para el Estado > Comportamiento 5. Captura contractual y concentración del poder operativo > Caso 28. Inclusión Social y Reconciliación,Comportamiento 5. Captura contractual y concentración del poder operativo,DPS,False
Asociación Shaquiñán,ORG,spacy,P0370-S01,P0370,46,II. Comportamientos críticos nocivos para el Estado > Comportamiento 5. Captura contractual y concentración del poder operativo > Caso 28. Inclusión Social y Reconciliación,Comportamiento 5. Captura contractual y concentración del poder operativo,Asociación Shaquiñán,False
$90 millones,MONEY,regex,P0370-S02,P0370,46,II. Comportamientos críticos nocivos para el Estado > Comportamiento 5. Captura contractual y concentración del poder operativo > Caso 28. Inclusión Social y Reconciliación,Comportamiento 5. Captura contractual y concentración del poder operativo,$90 millones,False
"$108,9 millones",MONEY,regex,P0370-S02,P0370,46,II. Comportamientos críticos nocivos para el Estado > Comportamiento 5. Captura contractual y concentración del poder operativo > Caso 28. Inclusión Social y Reconciliación,Comportamiento 5. Captura contractual y concentración del poder operativo,"$108,9 millones",False
"$76,5 millones",MONEY,regex,P0370-S02,P0370,46,II. Comportamientos críticos nocivos para el Estado > Comportamiento 5. Captura contractual y concentración del poder operativo > Caso 28. Inclusión Social y Reconciliación,Comportamiento 5. Captura contractual y concentración del poder operativo,"$76,5 millones",False
"$61,1 millones",MONEY,regex,P0370-S02,P0370,46,II. Comportamientos críticos nocivos para el Estado > Comportamiento 5. Captura contractual y concentración del poder operativo > Caso 28. Inclusión Social y Reconciliación,Comportamiento 5. Captura contractual y concentración del poder operativo,"$61,1 millones",False
$33 mil millones,MONEY,regex,P0371-S01,P0371,46,II. Comportamientos críticos nocivos para el Estado > Comportamiento 5. Captura contractual y concentración del poder operativo > Caso 28. Inclusión Social y Reconciliación,Comportamiento 5. Captura contractual y concentración del poder operativo,$33 mil millones,False
1%,PERCENT,regex,P0371-S01,P0371,46,II. Comportamientos críticos nocivos para el Estado > Comportamiento 5. Captura contractual y concentración del poder operativo > Caso 28. Inclusión Social y Reconciliación,Comportamiento 5. Captura contractual y concentración del poder operativo,1%,False
noviembre de 2025,DATE,regex,P0371-S03,P0371,46,II. Comportamientos críticos nocivos para el Estado > Comportamiento 5. Captura contractual y concentración del poder operativo > Caso 28. Inclusión Social y Reconciliación,Comportamiento 5. Captura contractual y concentración del poder operativo,noviembre de 2025,False
Vichada,GPE_LOC,spacy,P0371-S03,P0371,46,II. Comportamientos críticos nocivos para el Estado > Comportamiento 5. Captura contractual y concentración del poder operativo > Caso 28. Inclusión Social y Reconciliación,Comportamiento 5. Captura contractual y concentración del poder operativo,Vichada,False
Guaviare,GPE_LOC,spacy,P0371-S03,P0371,46,II. Comportamientos críticos nocivos para el Estado > Comportamiento 5. Captura contractual y concentración del poder operativo > Caso 28. Inclusión Social y Reconciliación,Comportamiento 5. Captura contractual y concentración del poder operativo,Guaviare,False
Amazonas,GPE_LOC,spacy,P0371-S03,P0371,46,II. Comportamientos críticos nocivos para el Estado > Comportamiento 5. Captura contractual y concentración del poder operativo > Caso 28. Inclusión Social y Reconciliación,Comportamiento 5. Captura contractual y concentración del poder operativo,Amazonas,False
Putumayo,GPE_LOC,spacy,P0371-S03,P0371,46,II. Comportamientos críticos nocivos para el Estado > Comportamiento 5. Captura contractual y concentración del poder operativo > Caso 28. Inclusión Social y Reconciliación,Comportamiento 5. Captura contractual y concentración del poder operativo,Putumayo,False
Chocó,GPE_LOC,spacy,P0371-S03,P0371,46,II. Comportamientos críticos nocivos para el Estado > Comportamiento 5. Captura contractual y concentración del poder operativo > Caso 28. Inclusión Social y Reconciliación,Comportamiento 5. Captura contractual y concentración del poder operativo,Chocó,False
Nariño,GPE_LOC,spacy,P0371-S03,P0371,46,II. Comportamientos críticos nocivos para el Estado > Comportamiento 5. Captura contractual y concentración del poder operativo > Caso 28. Inclusión Social y Reconciliación,Comportamiento 5. Captura contractual y concentración del poder operativo,Nariño,False
$7 billones,MONEY,regex,P0373-S01,P0373,46,II. Comportamientos críticos nocivos para el Estado > Comportamiento 5. Captura contractual y concentración del poder operativo > Caso 29. Educación,Comportamiento 5. Captura contractual y concentración del poder operativo,$7 billones,False
$7 billones,MONEY,regex,P0374-S01,P0374,46,II. Comportamientos críticos nocivos para el Estado > Comportamiento 5. Captura contractual y concentración del poder operativo > Caso 29. Educación,Comportamiento 5. Captura contractual y concentración del poder operativo,$7 billones,False
Contraloría General de la República,ORG,spacy,P0374-S01,P0374,46,II. Comportamientos críticos nocivos para el Estado > Comportamiento 5. Captura contractual y concentración del poder operativo > Caso 29. Educación,Comportamiento 5. Captura contractual y concentración del poder operativo,Contraloría General de la República,True
Ministerio de Educación Nacional,GPE_LOC,spacy,P0374-S01,P0374,46,II. Comportamientos críticos nocivos para el Estado > Comportamiento 5. Captura contractual y concentración del poder operativo > Caso 29. Educación,Comportamiento 5. Captura contractual y concentración del poder operativo,Ministerio de Educación Nacional,True
Patrimonio Autónomo del,ORG,spacy,P0374-S01,P0374,46,II. Comportamientos críticos nocivos para el Estado > Comportamiento 5. Captura contractual y concentración del poder operativo > Caso 29. Educación,Comportamiento 5. Captura contractual y concentración del poder operativo,Patrimonio Autónomo del,False
Fondo de Financiamiento de la Infraestructura Educativa,ORG,spacy,P0374-S01,P0374,46,II. Comportamientos críticos nocivos para el Estado > Comportamiento 5. Captura contractual y concentración del poder operativo > Caso 29. Educación,Comportamiento 5. Captura contractual y concentración del poder operativo,Fondo de Financiamiento de la Infraestructura Educativa,True
PA-,GPE_LOC,spacy,P0374-S01,P0374,46,II. Comportamientos críticos nocivos para el Estado > Comportamiento 5. Captura contractual y concentración del poder operativo > Caso 29. Educación,Comportamiento 5. Captura contractual y concentración del poder operativo,PA-,False
Contraloría General de la República,ORG,spacy,P0374-S02,P0374,46,II. Comportamientos críticos nocivos para el Estado > Comportamiento 5. Captura contractual y concentración del poder operativo > Caso 29. Educación,Comportamiento 5. Captura contractual y concentración del poder operativo,Contraloría General de la República,True
Gobierno,GENERIC,spacy,P0376-S01,P0376,46,II. Comportamientos críticos nocivos para el Estado > Comportamiento 5. Captura contractual y concentración del poder operativo > Caso 29. Educación,Comportamiento 5. Captura contractual y concentración del poder operativo,Gobierno,False
2036,DATE,regex,P0378-S01,P0378,46,II. Comportamientos críticos nocivos para el Estado > Comportamiento 5. Captura contractual y concentración del poder operativo > Caso 30. Educación,Comportamiento 5. Captura contractual y concentración del poder operativo,2036,False
"$1,69 billones",MONEY,regex,P0378-S01,P0378,46,II. Comportamientos críticos nocivos para el Estado > Comportamiento 5. Captura contractual y concentración del poder operativo > Caso 30. Educación,Comportamiento 5. Captura contractual y concentración del poder operativo,"$1,69 billones",False
2036,DATE,regex,P0379-S01,P0379,47,II. Comportamientos críticos nocivos para el Estado > Comportamiento 5. Captura contractual y concentración del poder operativo > Caso 30. Educación,Comportamiento 5. Captura contractual y concentración del poder operativo,2036,False
"$1,69 billones",MONEY,regex,P0379-S01,P0379,47,II. Comportamientos críticos nocivos para el Estado > Comportamiento 5. Captura contractual y concentración del poder operativo > Caso 30. Educación,Comportamiento 5. Captura contractual y concentración del poder operativo,"$1,69 billones",False
Plan Nacional de Formación Integral,MISC,spacy,P0379-S01,P0379,47,II. Comportamientos críticos nocivos para el Estado > Comportamiento 5. Captura contractual y concentración del poder operativo > Caso 30. Educación,Comportamiento 5. Captura contractual y concentración del poder operativo,Plan Nacional de Formación Integral,False
PNFI,ORG,spacy,P0379-S01,P0379,47,II. Comportamientos críticos nocivos para el Estado > Comportamiento 5. Captura contractual y concentración del poder operativo > Caso 30. Educación,Comportamiento 5. Captura contractual y concentración del poder operativo,Plan Nacional de Formación Integral,False
Programa de Tutorías para el Aprendizaje,MISC,spacy,P0379-S01,P0379,47,II. Comportamientos críticos nocivos para el Estado > Comportamiento 5. Captura contractual y concentración del poder operativo > Caso 30. Educación,Comportamiento 5. Captura contractual y concentración del poder operativo,Programa de Tutorías para el Aprendizaje,False
Formación Integral,ORG,spacy,P0379-S01,P0379,47,II. Comportamientos críticos nocivos para el Estado > Comportamiento 5. Captura contractual y concentración del poder operativo > Caso 30. Educación,Comportamiento 5. Captura contractual y concentración del poder operativo,Formación Integral,False
PTAFI,MISC,spacy,P0379-S01,P0379,47,II. Comportamientos críticos nocivos para el Estado > Comportamiento 5. Captura contractual y concentración del poder operativo > Caso 30. Educación,Comportamiento 5. Captura contractual y concentración del poder operativo,PTAFI,False
"$2,1 billones",MONEY,regex,P0383-S01,P0383,47,II. Comportamientos críticos nocivos para el Estado > Comportamiento 5. Captura contractual y concentración del poder operativo > Caso 31. Planeación,Comportamiento 5. Captura contractual y concentración del poder operativo,"$2,1 billones",False
40%,PERCENT,regex,P0383-S01,P0383,47,II. Comportamientos críticos nocivos para el Estado > Comportamiento 5. Captura contractual y concentración del poder operativo > Caso 31. Planeación,Comportamiento 5. Captura contractual y concentración del poder operativo,40%,False
OCAD Paz,MISC,spacy,P0383-S01,P0383,47,II. Comportamientos críticos nocivos para el Estado > Comportamiento 5. Captura contractual y concentración del poder operativo > Caso 31. Planeación,Comportamiento 5. Captura contractual y concentración del poder operativo,OCAD Paz,True
17 de julio de 2026,DATE,regex,P0384-S01,P0384,47,II. Comportamientos críticos nocivos para el Estado > Comportamiento 5. Captura contractual y concentración del poder operativo > Caso 31. Planeación,Comportamiento 5. Captura contractual y concentración del poder operativo,17 de julio de 2026,False
No,MISC,spacy,P0384-S01,P0384,47,II. Comportamientos críticos nocivos para el Estado > Comportamiento 5. Captura contractual y concentración del poder operativo > Caso 31. Planeación,Comportamiento 5. Captura contractual y concentración del poder operativo,No,False
"$1,7 billones",MONEY,regex,P0384-S02,P0384,47,II. Comportamientos críticos nocivos para el Estado > Comportamiento 5. Captura contractual y concentración del poder operativo > Caso 31. Planeación,Comportamiento 5. Captura contractual y concentración del poder operativo,"$1,7 billones",False
$404 mil millones,MONEY,regex,P0384-S02,P0384,47,II. Comportamientos críticos nocivos para el Estado > Comportamiento 5. Captura contractual y concentración del poder operativo > Caso 31. Planeación,Comportamiento 5. Captura contractual y concentración del poder operativo,$404 mil millones,False
"$2,1 billones",MONEY,regex,P0384-S02,P0384,47,II. Comportamientos críticos nocivos para el Estado > Comportamiento 5. Captura contractual y concentración del poder operativo > Caso 31. Planeación,Comportamiento 5. Captura contractual y concentración del poder operativo,"$2,1 billones",False
Asignación para la Paz,MISC,spacy,P0384-S02,P0384,47,II. Comportamientos críticos nocivos para el Estado > Comportamiento 5. Captura contractual y concentración del poder operativo > Caso 31. Planeación,Comportamiento 5. Captura contractual y concentración del poder operativo,Asignación para la Paz,False
Incentivo a la Producción,MISC,spacy,P0384-S02,P0384,47,II. Comportamientos críticos nocivos para el Estado > Comportamiento 5. Captura contractual y concentración del poder operativo > Caso 31. Planeación,Comportamiento 5. Captura contractual y concentración del poder operativo,Incentivo a la Producción,False
40%,PERCENT,regex,P0384-S03,P0384,47,II. Comportamientos críticos nocivos para el Estado > Comportamiento 5. Captura contractual y concentración del poder operativo > Caso 31. Planeación,Comportamiento 5. Captura contractual y concentración del poder operativo,40%,False
OCAD Paz,MISC,spacy,P0384-S03,P0384,47,II. Comportamientos críticos nocivos para el Estado > Comportamiento 5. Captura contractual y concentración del poder operativo > Caso 31. Planeación,Comportamiento 5. Captura contractual y concentración del poder operativo,OCAD Paz,True
OCAD Paz,MISC,spacy,P0384-S03,P0384,47,II. Comportamientos críticos nocivos para el Estado > Comportamiento 5. Captura contractual y concentración del poder operativo > Caso 31. Planeación,Comportamiento 5. Captura contractual y concentración del poder operativo,OCAD Paz,True
Asignación para la Paz,MISC,spacy,P0385-S01,P0385,47,II. Comportamientos críticos nocivos para el Estado > Comportamiento 5. Captura contractual y concentración del poder operativo > Caso 31. Planeación,Comportamiento 5. Captura contractual y concentración del poder operativo,Asignación para la Paz,False
Incentivo a la Producción,MISC,spacy,P0385-S01,P0385,47,II. Comportamientos críticos nocivos para el Estado > Comportamiento 5. Captura contractual y concentración del poder operativo > Caso 31. Planeación,Comportamiento 5. Captura contractual y concentración del poder operativo,Incentivo a la Producción,False
lascomunidades,PERSON,spacy,P0385-S02,P0385,47,II. Comportamientos críticos nocivos para el Estado > Comportamiento 5. Captura contractual y concentración del poder operativo > Caso 31. Planeación,Comportamiento 5. Captura contractual y concentración del poder operativo,lascomunidades,False
"2,1 billones de pesos",MONEY,regex,P0385-S03,P0385,47,II. Comportamientos críticos nocivos para el Estado > Comportamiento 5. Captura contractual y concentración del poder operativo > Caso 31. Planeación,Comportamiento 5. Captura contractual y concentración del poder operativo,"2,1 billones de pesos",False
Ministerio,GENERIC,spacy,P0387-S01,P0387,47,II. Comportamientos críticos nocivos para el Estado > Comportamiento 5. Captura contractual y concentración del poder operativo > Caso 32. Ambiente y Desarrollo Sostenible,Comportamiento 5. Captura contractual y concentración del poder operativo,Ministerio,False
2025,DATE,regex,P0388-S01,P0388,47,II. Comportamientos críticos nocivos para el Estado > Comportamiento 5. Captura contractual y concentración del poder operativo > Caso 32. Ambiente y Desarrollo Sostenible,Comportamiento 5. Captura contractual y concentración del poder operativo,2025,False
$474.129 millones,MONEY,regex,P0388-S01,P0388,47,II. Comportamientos críticos nocivos para el Estado > Comportamiento 5. Captura contractual y concentración del poder operativo > Caso 32. Ambiente y Desarrollo Sostenible,Comportamiento 5. Captura contractual y concentración del poder operativo,$474.129 millones,False
Ministerio de Ambiente y Desarrollo Sostenible,GPE_LOC,spacy,P0388-S01,P0388,47,II. Comportamientos críticos nocivos para el Estado > Comportamiento 5. Captura contractual y concentración del poder operativo > Caso 32. Ambiente y Desarrollo Sostenible,Comportamiento 5. Captura contractual y concentración del poder operativo,Ministerio de Ambiente y Desarrollo Sostenible,True
Sistema General de Regalías,GPE_LOC,spacy,P0388-S01,P0388,47,II. Comportamientos críticos nocivos para el Estado > Comportamiento 5. Captura contractual y concentración del poder operativo > Caso 32. Ambiente y Desarrollo Sostenible,Comportamiento 5. Captura contractual y concentración del poder operativo,Sistema General de Regalías,False
Ministerio,GENERIC,spacy,P0388-S03,P0388,48,II. Comportamientos críticos nocivos para el Estado > Comportamiento 5. Captura contractual y concentración del poder operativo > Caso 32. Ambiente y Desarrollo Sostenible,Comportamiento 5. Captura contractual y concentración del poder operativo,Ministerio,False
$43.435 millones,MONEY,regex,P0389-S01,P0389,48,II. Comportamientos críticos nocivos para el Estado > Comportamiento 5. Captura contractual y concentración del poder operativo > Caso 32. Ambiente y Desarrollo Sostenible,Comportamiento 5. Captura contractual y concentración del poder operativo,$43.435 millones,False
2024,DATE,regex,P0389-S02,P0389,48,II. Comportamientos críticos nocivos para el Estado > Comportamiento 5. Captura contractual y concentración del poder operativo > Caso 32. Ambiente y Desarrollo Sostenible,Comportamiento 5. Captura contractual y concentración del poder operativo,2024,False
2025,DATE,regex,P0389-S02,P0389,48,II. Comportamientos críticos nocivos para el Estado > Comportamiento 5. Captura contractual y concentración del poder operativo > Caso 32. Ambiente y Desarrollo Sostenible,Comportamiento 5. Captura contractual y concentración del poder operativo,2025,False
$19.195 millones,MONEY,regex,P0389-S02,P0389,48,II. Comportamientos críticos nocivos para el Estado > Comportamiento 5. Captura contractual y concentración del poder operativo > Caso 32. Ambiente y Desarrollo Sostenible,Comportamiento 5. Captura contractual y concentración del poder operativo,$19.195 millones,False
$24.240 millones,MONEY,regex,P0389-S02,P0389,48,II. Comportamientos críticos nocivos para el Estado > Comportamiento 5. Captura contractual y concentración del poder operativo > Caso 32. Ambiente y Desarrollo Sostenible,Comportamiento 5. Captura contractual y concentración del poder operativo,$24.240 millones,False
Resolución 1866,LAW,regex,P0389-S02,P0389,48,II. Comportamientos críticos nocivos para el Estado > Comportamiento 5. Captura contractual y concentración del poder operativo > Caso 32. Ambiente y Desarrollo Sostenible,Comportamiento 5. Captura contractual y concentración del poder operativo,Resolución 1866,False
Resolución 1339,LAW,regex,P0389-S02,P0389,48,II. Comportamientos críticos nocivos para el Estado > Comportamiento 5. Captura contractual y concentración del poder operativo > Caso 32. Ambiente y Desarrollo Sostenible,Comportamiento 5. Captura contractual y concentración del poder operativo,Resolución 1339,False
AREMCA,MISC,spacy,P0389-S02,P0389,48,II. Comportamientos críticos nocivos para el Estado > Comportamiento 5. Captura contractual y concentración del poder operativo > Caso 32. Ambiente y Desarrollo Sostenible,Comportamiento 5. Captura contractual y concentración del poder operativo,AREMCA,False
Cesar,GPE_LOC,spacy,P0389-S02,P0389,48,II. Comportamientos críticos nocivos para el Estado > Comportamiento 5. Captura contractual y concentración del poder operativo > Caso 32. Ambiente y Desarrollo Sostenible,Comportamiento 5. Captura contractual y concentración del poder operativo,Cesar,False
Lilia Tatiana Roa,PERSON,spacy,P0389-S02,P0389,48,II. Comportamientos críticos nocivos para el Estado > Comportamiento 5. Captura contractual y concentración del poder operativo > Caso 32. Ambiente y Desarrollo Sostenible,Comportamiento 5. Captura contractual y concentración del poder operativo,Lilia Tatiana Roa,False
Irene Vélez Torres,PERSON,spacy,P0389-S02,P0389,48,II. Comportamientos críticos nocivos para el Estado > Comportamiento 5. Captura contractual y concentración del poder operativo > Caso 32. Ambiente y Desarrollo Sostenible,Comportamiento 5. Captura contractual y concentración del poder operativo,Irene Vélez Torres,False
$43.435 millones,MONEY,regex,P0389-S03,P0389,48,II. Comportamientos críticos nocivos para el Estado > Comportamiento 5. Captura contractual y concentración del poder operativo > Caso 32. Ambiente y Desarrollo Sostenible,Comportamiento 5. Captura contractual y concentración del poder operativo,$43.435 millones,False
Total,MISC,spacy,P0389-S03,P0389,48,II. Comportamientos críticos nocivos para el Estado > Comportamiento 5. Captura contractual y concentración del poder operativo > Caso 32. Ambiente y Desarrollo Sostenible,Comportamiento 5. Captura contractual y concentración del poder operativo,Total,False
regalías ambientales son plata,MISC,spacy,P0389-S03,P0389,48,II. Comportamientos críticos nocivos para el Estado > Comportamiento 5. Captura contractual y concentración del poder operativo > Caso 32. Ambiente y Desarrollo Sostenible,Comportamiento 5. Captura contractual y concentración del poder operativo,regalías ambientales son plata,False
"0,7%",PERCENT,regex,P0391-S01,P0391,48,II. Comportamientos críticos nocivos para el Estado > Comportamiento 5. Captura contractual y concentración del poder operativo > Caso 33. Cultura,Comportamiento 5. Captura contractual y concentración del poder operativo,"0,7%",False
"48,5%",PERCENT,regex,P0391-S01,P0391,48,II. Comportamientos críticos nocivos para el Estado > Comportamiento 5. Captura contractual y concentración del poder operativo > Caso 33. Cultura,Comportamiento 5. Captura contractual y concentración del poder operativo,"48,5%",False
Ministerio,GENERIC,spacy,P0391-S01,P0391,48,II. Comportamientos críticos nocivos para el Estado > Comportamiento 5. Captura contractual y concentración del poder operativo > Caso 33. Cultura,Comportamiento 5. Captura contractual y concentración del poder operativo,Ministerio,False
Entre agosto de 2022 y julio de 2026,DATE,regex,P0392-S01,P0392,48,II. Comportamientos críticos nocivos para el Estado > Comportamiento 5. Captura contractual y concentración del poder operativo > Caso 33. Cultura,Comportamiento 5. Captura contractual y concentración del poder operativo,Entre agosto de 2022 y julio de 2026,False
Ministerio,GENERIC,spacy,P0392-S01,P0392,48,II. Comportamientos críticos nocivos para el Estado > Comportamiento 5. Captura contractual y concentración del poder operativo > Caso 33. Cultura,Comportamiento 5. Captura contractual y concentración del poder operativo,Ministerio,False
$998.594 millones,MONEY,regex,P0392-S02,P0392,48,II. Comportamientos críticos nocivos para el Estado > Comportamiento 5. Captura contractual y concentración del poder operativo > Caso 33. Cultura,Comportamiento 5. Captura contractual y concentración del poder operativo,$998.594 millones,False
"$2,05 billones",MONEY,regex,P0392-S02,P0392,48,II. Comportamientos críticos nocivos para el Estado > Comportamiento 5. Captura contractual y concentración del poder operativo > Caso 33. Cultura,Comportamiento 5. Captura contractual y concentración del poder operativo,"$2,05 billones",False
"0,7%",PERCENT,regex,P0392-S02,P0392,48,II. Comportamientos críticos nocivos para el Estado > Comportamiento 5. Captura contractual y concentración del poder operativo > Caso 33. Cultura,Comportamiento 5. Captura contractual y concentración del poder operativo,"0,7%",False
"48,5%",PERCENT,regex,P0392-S02,P0392,48,II. Comportamientos críticos nocivos para el Estado > Comportamiento 5. Captura contractual y concentración del poder operativo > Caso 33. Cultura,Comportamiento 5. Captura contractual y concentración del poder operativo,"48,5%",False
SECOP,MISC,spacy,P0392-S02,P0392,48,II. Comportamientos críticos nocivos para el Estado > Comportamiento 5. Captura contractual y concentración del poder operativo > Caso 33. Cultura,Comportamiento 5. Captura contractual y concentración del poder operativo,SECOP,False
$348.000 millones,MONEY,regex,P0393-S01,P0393,48,II. Comportamientos críticos nocivos para el Estado > Comportamiento 5. Captura contractual y concentración del poder operativo > Caso 33. Cultura,Comportamiento 5. Captura contractual y concentración del poder operativo,$348.000 millones,False
Consorcio Constructor,ORG,spacy,P0393-S01,P0393,48,II. Comportamientos críticos nocivos para el Estado > Comportamiento 5. Captura contractual y concentración del poder operativo > Caso 33. Cultura,Comportamiento 5. Captura contractual y concentración del poder operativo,Consorcio Constructor,False
Fondo Mixto de Boyacá,ORG,spacy,P0393-S01,P0393,48,II. Comportamientos críticos nocivos para el Estado > Comportamiento 5. Captura contractual y concentración del poder operativo > Caso 33. Cultura,Comportamiento 5. Captura contractual y concentración del poder operativo,Fondo Mixto de Boyacá,True
Corpoelite,ORG,spacy,P0393-S01,P0393,48,II. Comportamientos críticos nocivos para el Estado > Comportamiento 5. Captura contractual y concentración del poder operativo > Caso 33. Cultura,Comportamiento 5. Captura contractual y concentración del poder operativo,Corpoelite,False
Consorcio H.M.I,MISC,spacy,P0393-S02,P0393,48,II. Comportamientos críticos nocivos para el Estado > Comportamiento 5. Captura contractual y concentración del poder operativo > Caso 33. Cultura,Comportamiento 5. Captura contractual y concentración del poder operativo,Consorcio H.M.I,False
Museo Nacional,GPE_LOC,spacy,P0393-S02,P0393,48,II. Comportamientos críticos nocivos para el Estado > Comportamiento 5. Captura contractual y concentración del poder operativo > Caso 33. Cultura,Comportamiento 5. Captura contractual y concentración del poder operativo,Museo Nacional,False
Biblioteca Nacional,GPE_LOC,spacy,P0393-S02,P0393,48,II. Comportamientos críticos nocivos para el Estado > Comportamiento 5. Captura contractual y concentración del poder operativo > Caso 33. Cultura,Comportamiento 5. Captura contractual y concentración del poder operativo,Biblioteca Nacional,False
Plan Nacional de Música,MISC,spacy,P0393-S02,P0393,48,II. Comportamientos críticos nocivos para el Estado > Comportamiento 5. Captura contractual y concentración del poder operativo > Caso 33. Cultura,Comportamiento 5. Captura contractual y concentración del poder operativo,Plan Nacional de Música,False
Corpoelite,ORG,spacy,P0393-S03,P0393,48,II. Comportamientos críticos nocivos para el Estado > Comportamiento 5. Captura contractual y concentración del poder operativo > Caso 33. Cultura,Comportamiento 5. Captura contractual y concentración del poder operativo,Corpoelite,False
$353.878 millones,MONEY,regex,P0395-S01,P0395,49,II. Comportamientos críticos nocivos para el Estado > Comportamiento 5. Captura contractual y concentración del poder operativo > Caso 34. Cultura,Comportamiento 5. Captura contractual y concentración del poder operativo,$353.878 millones,False
"93,4 %",PERCENT,regex,P0395-S01,P0395,49,II. Comportamientos críticos nocivos para el Estado > Comportamiento 5. Captura contractual y concentración del poder operativo > Caso 34. Cultura,Comportamiento 5. Captura contractual y concentración del poder operativo,"93,4 %",False
Entre 2024 y 2025,DATE,regex,P0396-S01,P0396,49,II. Comportamientos críticos nocivos para el Estado > Comportamiento 5. Captura contractual y concentración del poder operativo > Caso 34. Cultura,Comportamiento 5. Captura contractual y concentración del poder operativo,Entre 2024 y 2025,False
Ministerio,GENERIC,spacy,P0396-S01,P0396,49,II. Comportamientos críticos nocivos para el Estado > Comportamiento 5. Captura contractual y concentración del poder operativo > Caso 34. Cultura,Comportamiento 5. Captura contractual y concentración del poder operativo,Ministerio,False
ZOMAC,GPE_LOC,spacy,P0396-S01,P0396,49,II. Comportamientos críticos nocivos para el Estado > Comportamiento 5. Captura contractual y concentración del poder operativo > Caso 34. Cultura,Comportamiento 5. Captura contractual y concentración del poder operativo,ZOMAC,False
Universidad de Antioquia,ORG,spacy,P0396-S01,P0396,49,II. Comportamientos críticos nocivos para el Estado > Comportamiento 5. Captura contractual y concentración del poder operativo > Caso 34. Cultura,Comportamiento 5. Captura contractual y concentración del poder operativo,Universidad de Antioquia,False
UPTC,GPE_LOC,spacy,P0396-S01,P0396,49,II. Comportamientos críticos nocivos para el Estado > Comportamiento 5. Captura contractual y concentración del poder operativo > Caso 34. Cultura,Comportamiento 5. Captura contractual y concentración del poder operativo,UPTC,False
Universidad del Cauca,GPE_LOC,spacy,P0396-S01,P0396,49,II. Comportamientos críticos nocivos para el Estado > Comportamiento 5. Captura contractual y concentración del poder operativo > Caso 34. Cultura,Comportamiento 5. Captura contractual y concentración del poder operativo,Universidad del Cauca,False
Universidad de Caldas,ORG,spacy,P0396-S01,P0396,49,II. Comportamientos críticos nocivos para el Estado > Comportamiento 5. Captura contractual y concentración del poder operativo > Caso 34. Cultura,Comportamiento 5. Captura contractual y concentración del poder operativo,Universidad de Caldas,False
UIS,ORG,spacy,P0396-S01,P0396,49,II. Comportamientos críticos nocivos para el Estado > Comportamiento 5. Captura contractual y concentración del poder operativo > Caso 34. Cultura,Comportamiento 5. Captura contractual y concentración del poder operativo,UIS,False
$353.878 millones,MONEY,regex,P0396-S02,P0396,49,II. Comportamientos críticos nocivos para el Estado > Comportamiento 5. Captura contractual y concentración del poder operativo > Caso 34. Cultura,Comportamiento 5. Captura contractual y concentración del poder operativo,$353.878 millones,False
"93,4%",PERCENT,regex,P0396-S02,P0396,49,II. Comportamientos críticos nocivos para el Estado > Comportamiento 5. Captura contractual y concentración del poder operativo > Caso 34. Cultura,Comportamiento 5. Captura contractual y concentración del poder operativo,"93,4%",False
62%,PERCENT,regex,P0396-S02,P0396,49,II. Comportamientos críticos nocivos para el Estado > Comportamiento 5. Captura contractual y concentración del poder operativo > Caso 34. Cultura,Comportamiento 5. Captura contractual y concentración del poder operativo,62%,False
"94,4%",PERCENT,regex,P0397-S01,P0397,49,II. Comportamientos críticos nocivos para el Estado > Comportamiento 5. Captura contractual y concentración del poder operativo > Caso 34. Cultura,Comportamiento 5. Captura contractual y concentración del poder operativo,"94,4%",False
1661-2025,DATE,regex,P0397-S02,P0397,49,II. Comportamientos críticos nocivos para el Estado > Comportamiento 5. Captura contractual y concentración del poder operativo > Caso 34. Cultura,Comportamiento 5. Captura contractual y concentración del poder operativo,1661-2025,False
2169-2024,DATE,regex,P0397-S02,P0397,49,II. Comportamientos críticos nocivos para el Estado > Comportamiento 5. Captura contractual y concentración del poder operativo > Caso 34. Cultura,Comportamiento 5. Captura contractual y concentración del poder operativo,2169-2024,False
$45.206 millones,MONEY,regex,P0397-S02,P0397,49,II. Comportamientos críticos nocivos para el Estado > Comportamiento 5. Captura contractual y concentración del poder operativo > Caso 34. Cultura,Comportamiento 5. Captura contractual y concentración del poder operativo,$45.206 millones,False
Universidad de Antioquia,ORG,spacy,P0397-S02,P0397,49,II. Comportamientos críticos nocivos para el Estado > Comportamiento 5. Captura contractual y concentración del poder operativo > Caso 34. Cultura,Comportamiento 5. Captura contractual y concentración del poder operativo,Universidad de Antioquia,False
SECOP,MISC,spacy,P0397-S03,P0397,49,II. Comportamientos críticos nocivos para el Estado > Comportamiento 5. Captura contractual y concentración del poder operativo > Caso 34. Cultura,Comportamiento 5. Captura contractual y concentración del poder operativo,SECOP,False
Contraloría,ORG,spacy,P0397-S03,P0397,49,II. Comportamientos críticos nocivos para el Estado > Comportamiento 5. Captura contractual y concentración del poder operativo > Caso 34. Cultura,Comportamiento 5. Captura contractual y concentración del poder operativo,Contraloría,True
Ministerio,GENERIC,spacy,P0397-S03,P0397,49,II. Comportamientos críticos nocivos para el Estado > Comportamiento 5. Captura contractual y concentración del poder operativo > Caso 34. Cultura,Comportamiento 5. Captura contractual y concentración del poder operativo,Ministerio,False
2026-2027,DATE,regex,P0397-S04,P0397,49,II. Comportamientos críticos nocivos para el Estado > Comportamiento 5. Captura contractual y concentración del poder operativo > Caso 34. Cultura,Comportamiento 5. Captura contractual y concentración del poder operativo,2026-2027,False
Universidad de Antioquia,ORG,spacy,P0397-S04,P0397,49,II. Comportamientos críticos nocivos para el Estado > Comportamiento 5. Captura contractual y concentración del poder operativo > Caso 34. Cultura,Comportamiento 5. Captura contractual y concentración del poder operativo,Universidad de Antioquia,False
$168.827 millones,MONEY,regex,P0399-S01,P0399,49,II. Comportamientos críticos nocivos para el Estado > Comportamiento 5. Captura contractual y concentración del poder operativo > Caso 35. Cultura,Comportamiento 5. Captura contractual y concentración del poder operativo,$168.827 millones,False
100%,PERCENT,regex,P0399-S01,P0399,49,II. Comportamientos críticos nocivos para el Estado > Comportamiento 5. Captura contractual y concentración del poder operativo > Caso 35. Cultura,Comportamiento 5. Captura contractual y concentración del poder operativo,100%,False
Fondos Mixtos,MISC,spacy,P0399-S01,P0399,49,II. Comportamientos críticos nocivos para el Estado > Comportamiento 5. Captura contractual y concentración del poder operativo > Caso 35. Cultura,Comportamiento 5. Captura contractual y concentración del poder operativo,Fondos Mixtos,False
100%,PERCENT,regex,P0400-S01,P0400,49,II. Comportamientos críticos nocivos para el Estado > Comportamiento 5. Captura contractual y concentración del poder operativo > Caso 35. Cultura,Comportamiento 5. Captura contractual y concentración del poder operativo,100%,False
Fondos Mixtos de Cultura y las Artes de Boyacá,MISC,spacy,P0400-S01,P0400,49,II. Comportamientos críticos nocivos para el Estado > Comportamiento 5. Captura contractual y concentración del poder operativo > Caso 35. Cultura,Comportamiento 5. Captura contractual y concentración del poder operativo,Fondos Mixtos de Cultura y las Artes de Boyacá,False
Nariño,GPE_LOC,spacy,P0400-S01,P0400,49,II. Comportamientos críticos nocivos para el Estado > Comportamiento 5. Captura contractual y concentración del poder operativo > Caso 35. Cultura,Comportamiento 5. Captura contractual y concentración del poder operativo,Nariño,False
Valle del Cauca,GPE_LOC,spacy,P0400-S01,P0400,49,II. Comportamientos críticos nocivos para el Estado > Comportamiento 5. Captura contractual y concentración del poder operativo > Caso 35. Cultura,Comportamiento 5. Captura contractual y concentración del poder operativo,Valle del Cauca,False
$168.827 millones,MONEY,regex,P0401-S01,P0401,49,II. Comportamientos críticos nocivos para el Estado > Comportamiento 5. Captura contractual y concentración del poder operativo > Caso 35. Cultura,Comportamiento 5. Captura contractual y concentración del poder operativo,$168.827 millones,False
$101.822 millones,MONEY,regex,P0401-S01,P0401,49,II. Comportamientos críticos nocivos para el Estado > Comportamiento 5. Captura contractual y concentración del poder operativo > Caso 35. Cultura,Comportamiento 5. Captura contractual y concentración del poder operativo,$101.822 millones,False
$43.304 millones,MONEY,regex,P0401-S01,P0401,49,II. Comportamientos críticos nocivos para el Estado > Comportamiento 5. Captura contractual y concentración del poder operativo > Caso 35. Cultura,Comportamiento 5. Captura contractual y concentración del poder operativo,$43.304 millones,False
$23.701 millones,MONEY,regex,P0401-S01,P0401,49,II. Comportamientos críticos nocivos para el Estado > Comportamiento 5. Captura contractual y concentración del poder operativo > Caso 35. Cultura,Comportamiento 5. Captura contractual y concentración del poder operativo,$23.701 millones,False
Boyacá,GPE_LOC,spacy,P0401-S01,P0401,49,II. Comportamientos críticos nocivos para el Estado > Comportamiento 5. Captura contractual y concentración del poder operativo > Caso 35. Cultura,Comportamiento 5. Captura contractual y concentración del poder operativo,Boyacá,False
Nariño,GPE_LOC,spacy,P0401-S01,P0401,49,II. Comportamientos críticos nocivos para el Estado > Comportamiento 5. Captura contractual y concentración del poder operativo > Caso 35. Cultura,Comportamiento 5. Captura contractual y concentración del poder operativo,Nariño,False
Valle del Cauca,GPE_LOC,spacy,P0401-S01,P0401,49,II. Comportamientos críticos nocivos para el Estado > Comportamiento 5. Captura contractual y concentración del poder operativo > Caso 35. Cultura,Comportamiento 5. Captura contractual y concentración del poder operativo,Valle del Cauca,False
Fondos Mixtos,MISC,spacy,P0402-S03,P0402,49,II. Comportamientos críticos nocivos para el Estado > Comportamiento 5. Captura contractual y concentración del poder operativo > Caso 35. Cultura,Comportamiento 5. Captura contractual y concentración del poder operativo,Fondos Mixtos,False
Ministerio,GENERIC,spacy,P0402-S03,P0402,49,II. Comportamientos críticos nocivos para el Estado > Comportamiento 5. Captura contractual y concentración del poder operativo > Caso 35. Cultura,Comportamiento 5. Captura contractual y concentración del poder operativo,Ministerio,False
CoCrea,MISC,spacy,P0402-S03,P0402,49,II. Comportamientos críticos nocivos para el Estado > Comportamiento 5. Captura contractual y concentración del poder operativo > Caso 35. Cultura,Comportamiento 5. Captura contractual y concentración del poder operativo,CoCrea,False
Industria,GENERIC,spacy,P0404-S01,P0404,50,II. Comportamientos críticos nocivos para el Estado > Comportamiento 6. Expansión del riesgo litigioso,Comportamiento 6. Expansión del riesgo litigioso,Industria,False
Interior y Gobierno,MISC,spacy,P0404-S01,P0404,50,II. Comportamientos críticos nocivos para el Estado > Comportamiento 6. Expansión del riesgo litigioso,Comportamiento 6. Expansión del riesgo litigioso,Interior y Gobierno,True
Transporte e Infraestructura,MISC,spacy,P0404-S01,P0404,50,II. Comportamientos críticos nocivos para el Estado > Comportamiento 6. Expansión del riesgo litigioso,Comportamiento 6. Expansión del riesgo litigioso,Transporte e Infraestructura,False
Cultura,GENERIC,spacy,P0405-S01,P0405,50,II. Comportamientos críticos nocivos para el Estado > Comportamiento 6. Expansión del riesgo litigioso,Comportamiento 6. Expansión del riesgo litigioso,Cultura,False
$257.561 millones,MONEY,regex,P0407-S01,P0407,50,"II. Comportamientos críticos nocivos para el Estado > Comportamiento 6. Expansión del riesgo litigioso > Caso 36. Comercio, Industria y Turismo",Comportamiento 6. Expansión del riesgo litigioso,$257.561 millones,False
$19.228 millones,MONEY,regex,P0407-S01,P0407,50,"II. Comportamientos críticos nocivos para el Estado > Comportamiento 6. Expansión del riesgo litigioso > Caso 36. Comercio, Industria y Turismo",Comportamiento 6. Expansión del riesgo litigioso,$19.228 millones,False
Fondo Nacional del Turismo,ORG,spacy,P0407-S01,P0407,50,"II. Comportamientos críticos nocivos para el Estado > Comportamiento 6. Expansión del riesgo litigioso > Caso 36. Comercio, Industria y Turismo",Comportamiento 6. Expansión del riesgo litigioso,Fondo Nacional del Turismo,True
13%,PERCENT,regex,P0408-S01,P0408,50,"II. Comportamientos críticos nocivos para el Estado > Comportamiento 6. Expansión del riesgo litigioso > Caso 36. Comercio, Industria y Turismo",Comportamiento 6. Expansión del riesgo litigioso,13%,False
Fondo Nacional del Turismo,ORG,spacy,P0408-S01,P0408,50,"II. Comportamientos críticos nocivos para el Estado > Comportamiento 6. Expansión del riesgo litigioso > Caso 36. Comercio, Industria y Turismo",Comportamiento 6. Expansión del riesgo litigioso,Fondo Nacional del Turismo,True
$257.561 millones,MONEY,regex,P0408-S02,P0408,50,"II. Comportamientos críticos nocivos para el Estado > Comportamiento 6. Expansión del riesgo litigioso > Caso 36. Comercio, Industria y Turismo",Comportamiento 6. Expansión del riesgo litigioso,$257.561 millones,False
$19.228 millones,MONEY,regex,P0408-S02,P0408,50,"II. Comportamientos críticos nocivos para el Estado > Comportamiento 6. Expansión del riesgo litigioso > Caso 36. Comercio, Industria y Turismo",Comportamiento 6. Expansión del riesgo litigioso,$19.228 millones,False
$23.006 millones,MONEY,regex,P0408-S04,P0408,50,"II. Comportamientos críticos nocivos para el Estado > Comportamiento 6. Expansión del riesgo litigioso > Caso 36. Comercio, Industria y Turismo",Comportamiento 6. Expansión del riesgo litigioso,$23.006 millones,False
Contraloría,ORG,spacy,P0408-S04,P0408,50,"II. Comportamientos críticos nocivos para el Estado > Comportamiento 6. Expansión del riesgo litigioso > Caso 36. Comercio, Industria y Turismo",Comportamiento 6. Expansión del riesgo litigioso,Contraloría,True
39%,PERCENT,regex,P0409-S01,P0409,50,"II. Comportamientos críticos nocivos para el Estado > Comportamiento 6. Expansión del riesgo litigioso > Caso 36. Comercio, Industria y Turismo",Comportamiento 6. Expansión del riesgo litigioso,39%,False
2023,DATE,regex,P0409-S02,P0409,50,"II. Comportamientos críticos nocivos para el Estado > Comportamiento 6. Expansión del riesgo litigioso > Caso 36. Comercio, Industria y Turismo",Comportamiento 6. Expansión del riesgo litigioso,2023,False
2025,DATE,regex,P0409-S02,P0409,50,"II. Comportamientos críticos nocivos para el Estado > Comportamiento 6. Expansión del riesgo litigioso > Caso 36. Comercio, Industria y Turismo",Comportamiento 6. Expansión del riesgo litigioso,2025,False
$121.307 millones,MONEY,regex,P0409-S02,P0409,50,"II. Comportamientos críticos nocivos para el Estado > Comportamiento 6. Expansión del riesgo litigioso > Caso 36. Comercio, Industria y Turismo",Comportamiento 6. Expansión del riesgo litigioso,$121.307 millones,False
$7.835 millones,MONEY,regex,P0409-S02,P0409,50,"II. Comportamientos críticos nocivos para el Estado > Comportamiento 6. Expansión del riesgo litigioso > Caso 36. Comercio, Industria y Turismo",Comportamiento 6. Expansión del riesgo litigioso,$7.835 millones,False
$54,MONEY,regex,P0409-S02,P0409,50,"II. Comportamientos críticos nocivos para el Estado > Comportamiento 6. Expansión del riesgo litigioso > Caso 36. Comercio, Industria y Turismo",Comportamiento 6. Expansión del riesgo litigioso,$54,False
94%,PERCENT,regex,P0409-S02,P0409,50,"II. Comportamientos críticos nocivos para el Estado > Comportamiento 6. Expansión del riesgo litigioso > Caso 36. Comercio, Industria y Turismo",Comportamiento 6. Expansión del riesgo litigioso,94%,False
$238.000 millones,MONEY,regex,P0410-S01,P0410,50,"II. Comportamientos críticos nocivos para el Estado > Comportamiento 6. Expansión del riesgo litigioso > Caso 36. Comercio, Industria y Turismo",Comportamiento 6. Expansión del riesgo litigioso,$238.000 millones,False
Fondo,GENERIC,spacy,P0410-S01,P0410,50,"II. Comportamientos críticos nocivos para el Estado > Comportamiento 6. Expansión del riesgo litigioso > Caso 36. Comercio, Industria y Turismo",Comportamiento 6. Expansión del riesgo litigioso,Fondo,False
$9 billones,MONEY,regex,P0412-S01,P0412,50,II. Comportamientos críticos nocivos para el Estado > Comportamiento 6. Expansión del riesgo litigioso > Caso 37. Transporte e Infraestructura,Comportamiento 6. Expansión del riesgo litigioso,$9 billones,False
$20 billones,MONEY,regex,P0412-S01,P0412,50,II. Comportamientos críticos nocivos para el Estado > Comportamiento 6. Expansión del riesgo litigioso > Caso 37. Transporte e Infraestructura,Comportamiento 6. Expansión del riesgo litigioso,$20 billones,False
ANI,ORG,spacy,P0412-S01,P0412,50,II. Comportamientos críticos nocivos para el Estado > Comportamiento 6. Expansión del riesgo litigioso > Caso 37. Transporte e Infraestructura,Comportamiento 6. Expansión del riesgo litigioso,Agencia Nacional de Infraestructura,True
Entre 2022 y 2026,DATE,regex,P0413-S01,P0413,50,II. Comportamientos críticos nocivos para el Estado > Comportamiento 6. Expansión del riesgo litigioso > Caso 37. Transporte e Infraestructura,Comportamiento 6. Expansión del riesgo litigioso,Entre 2022 y 2026,False
$9 billones,MONEY,regex,P0413-S01,P0413,50,II. Comportamientos críticos nocivos para el Estado > Comportamiento 6. Expansión del riesgo litigioso > Caso 37. Transporte e Infraestructura,Comportamiento 6. Expansión del riesgo litigioso,$9 billones,False
$20 billones,MONEY,regex,P0413-S01,P0413,50,II. Comportamientos críticos nocivos para el Estado > Comportamiento 6. Expansión del riesgo litigioso > Caso 37. Transporte e Infraestructura,Comportamiento 6. Expansión del riesgo litigioso,$20 billones,False
182 %,PERCENT,regex,P0413-S01,P0413,50,II. Comportamientos críticos nocivos para el Estado > Comportamiento 6. Expansión del riesgo litigioso > Caso 37. Transporte e Infraestructura,Comportamiento 6. Expansión del riesgo litigioso,182 %,False
Agencia Nacional de Infraestructura,ORG,spacy,P0413-S01,P0413,50,II. Comportamientos críticos nocivos para el Estado > Comportamiento 6. Expansión del riesgo litigioso > Caso 37. Transporte e Infraestructura,Comportamiento 6. Expansión del riesgo litigioso,Agencia Nacional de Infraestructura,True
ANI,ORG,spacy,P0413-S01,P0413,50,II. Comportamientos críticos nocivos para el Estado > Comportamiento 6. Expansión del riesgo litigioso > Caso 37. Transporte e Infraestructura,Comportamiento 6. Expansión del riesgo litigioso,Agencia Nacional de Infraestructura,True
$20 billones,MONEY,regex,P0414-S01,P0414,51,II. Comportamientos críticos nocivos para el Estado > Comportamiento 6. Expansión del riesgo litigioso > Caso 37. Transporte e Infraestructura,Comportamiento 6. Expansión del riesgo litigioso,$20 billones,False
juegopierden,GPE_LOC,spacy,P0414-S03,P0414,51,II. Comportamientos críticos nocivos para el Estado > Comportamiento 6. Expansión del riesgo litigioso > Caso 37. Transporte e Infraestructura,Comportamiento 6. Expansión del riesgo litigioso,juegopierden,False
Estado,GENERIC,spacy,P0414-S03,P0414,51,II. Comportamientos críticos nocivos para el Estado > Comportamiento 6. Expansión del riesgo litigioso > Caso 37. Transporte e Infraestructura,Comportamiento 6. Expansión del riesgo litigioso,Estado,False
Portugal,GPE_LOC,spacy,P0416-S01,P0416,51,II. Comportamientos críticos nocivos para el Estado > Comportamiento 6. Expansión del riesgo litigioso > Caso 38. Interior y Gobierno,Comportamiento 6. Expansión del riesgo litigioso,Portugal,False
Imprenta Nacional,MISC,spacy,P0417-S01,P0417,51,II. Comportamientos críticos nocivos para el Estado > Comportamiento 6. Expansión del riesgo litigioso > Caso 38. Interior y Gobierno,Comportamiento 6. Expansión del riesgo litigioso,Imprenta Nacional,False
Casa de la Moneda de Portugal,GPE_LOC,spacy,P0417-S01,P0417,51,II. Comportamientos críticos nocivos para el Estado > Comportamiento 6. Expansión del riesgo litigioso > Caso 38. Interior y Gobierno,Comportamiento 6. Expansión del riesgo litigioso,Casa de la Moneda de Portugal,False
INCM,ORG,spacy,P0417-S01,P0417,51,II. Comportamientos críticos nocivos para el Estado > Comportamiento 6. Expansión del riesgo litigioso > Caso 38. Interior y Gobierno,Comportamiento 6. Expansión del riesgo litigioso,INCM,False
2025,DATE,regex,P0417-S02,P0417,51,II. Comportamientos críticos nocivos para el Estado > Comportamiento 6. Expansión del riesgo litigioso > Caso 38. Interior y Gobierno,Comportamiento 6. Expansión del riesgo litigioso,2025,False
Decreto 1099,LAW,regex,P0417-S02,P0417,51,II. Comportamientos críticos nocivos para el Estado > Comportamiento 6. Expansión del riesgo litigioso > Caso 38. Interior y Gobierno,Comportamiento 6. Expansión del riesgo litigioso,Decreto 1099,False
Procuraduría,MISC,spacy,P0417-S02,P0417,51,II. Comportamientos críticos nocivos para el Estado > Comportamiento 6. Expansión del riesgo litigioso > Caso 38. Interior y Gobierno,Comportamiento 6. Expansión del riesgo litigioso,Procuraduría,True
Consejo de Estado,ORG,spacy,P0417-S02,P0417,51,II. Comportamientos críticos nocivos para el Estado > Comportamiento 6. Expansión del riesgo litigioso > Caso 38. Interior y Gobierno,Comportamiento 6. Expansión del riesgo litigioso,Consejo de Estado,True
Estado,GENERIC,spacy,P0418-S03,P0418,51,II. Comportamientos críticos nocivos para el Estado > Comportamiento 6. Expansión del riesgo litigioso > Caso 38. Interior y Gobierno,Comportamiento 6. Expansión del riesgo litigioso,Estado,False
$328 mil millones,MONEY,regex,P0420-S01,P0420,51,II. Comportamientos críticos nocivos para el Estado > Comportamiento 6. Expansión del riesgo litigioso > Caso 39. Hacienda y Crédito Público,Comportamiento 6. Expansión del riesgo litigioso,$328 mil millones,False
FINDETER,MISC,spacy,P0420-S01,P0420,51,II. Comportamientos críticos nocivos para el Estado > Comportamiento 6. Expansión del riesgo litigioso > Caso 39. Hacienda y Crédito Público,Comportamiento 6. Expansión del riesgo litigioso,FINDETER,False
AIR-E,MISC,spacy,P0420-S01,P0420,51,II. Comportamientos críticos nocivos para el Estado > Comportamiento 6. Expansión del riesgo litigioso > Caso 39. Hacienda y Crédito Público,Comportamiento 6. Expansión del riesgo litigioso,AIR-E,False
2024,DATE,regex,P0421-S01,P0421,51,II. Comportamientos críticos nocivos para el Estado > Comportamiento 6. Expansión del riesgo litigioso > Caso 39. Hacienda y Crédito Público,Comportamiento 6. Expansión del riesgo litigioso,2024,False
$328.000 millones de pesos,MONEY,regex,P0421-S01,P0421,51,II. Comportamientos críticos nocivos para el Estado > Comportamiento 6. Expansión del riesgo litigioso > Caso 39. Hacienda y Crédito Público,Comportamiento 6. Expansión del riesgo litigioso,$328.000 millones de pesos,False
$280.000 millones,MONEY,regex,P0421-S01,P0421,51,II. Comportamientos críticos nocivos para el Estado > Comportamiento 6. Expansión del riesgo litigioso > Caso 39. Hacienda y Crédito Público,Comportamiento 6. Expansión del riesgo litigioso,$280.000 millones,False
$48.000 millones,MONEY,regex,P0421-S01,P0421,51,II. Comportamientos críticos nocivos para el Estado > Comportamiento 6. Expansión del riesgo litigioso > Caso 39. Hacienda y Crédito Público,Comportamiento 6. Expansión del riesgo litigioso,$48.000 millones,False
$150.000.000.000,MONEY,regex,P0421-S01,P0421,51,II. Comportamientos críticos nocivos para el Estado > Comportamiento 6. Expansión del riesgo litigioso > Caso 39. Hacienda y Crédito Público,Comportamiento 6. Expansión del riesgo litigioso,$150.000.000.000,False
$328.000 millones,MONEY,regex,P0421-S01,P0421,51,II. Comportamientos críticos nocivos para el Estado > Comportamiento 6. Expansión del riesgo litigioso > Caso 39. Hacienda y Crédito Público,Comportamiento 6. Expansión del riesgo litigioso,$328.000 millones,False
FINDETER,MISC,spacy,P0421-S01,P0421,51,II. Comportamientos críticos nocivos para el Estado > Comportamiento 6. Expansión del riesgo litigioso > Caso 39. Hacienda y Crédito Público,Comportamiento 6. Expansión del riesgo litigioso,FINDETER,False
Estado,GENERIC,spacy,P0421-S01,P0421,51,II. Comportamientos críticos nocivos para el Estado > Comportamiento 6. Expansión del riesgo litigioso > Caso 39. Hacienda y Crédito Público,Comportamiento 6. Expansión del riesgo litigioso,Estado,False
AIR-E S.A.S. E.S.P,MISC,spacy,P0421-S01,P0421,51,II. Comportamientos críticos nocivos para el Estado > Comportamiento 6. Expansión del riesgo litigioso > Caso 39. Hacienda y Crédito Público,Comportamiento 6. Expansión del riesgo litigioso,AIR-E S.A.S. E.S.P,True
septiembre de 2024,DATE,regex,P0422-S02,P0422,51,II. Comportamientos críticos nocivos para el Estado > Comportamiento 6. Expansión del riesgo litigioso > Caso 39. Hacienda y Crédito Público,Comportamiento 6. Expansión del riesgo litigioso,septiembre de 2024,False
9 de enero de 2025,DATE,regex,P0422-S02,P0422,51,II. Comportamientos críticos nocivos para el Estado > Comportamiento 6. Expansión del riesgo litigioso > Caso 39. Hacienda y Crédito Público,Comportamiento 6. Expansión del riesgo litigioso,9 de enero de 2025,False
AIR-E,MISC,spacy,P0422-S02,P0422,51,II. Comportamientos críticos nocivos para el Estado > Comportamiento 6. Expansión del riesgo litigioso > Caso 39. Hacienda y Crédito Público,Comportamiento 6. Expansión del riesgo litigioso,AIR-E,False
Superintendencia de Servicios Públicos Domiciliarios,ORG,spacy,P0422-S02,P0422,51,II. Comportamientos críticos nocivos para el Estado > Comportamiento 6. Expansión del riesgo litigioso > Caso 39. Hacienda y Crédito Público,Comportamiento 6. Expansión del riesgo litigioso,Superintendencia de Servicios Públicos Domiciliarios,True
SSPD,ORG,spacy,P0422-S02,P0422,51,II. Comportamientos críticos nocivos para el Estado > Comportamiento 6. Expansión del riesgo litigioso > Caso 39. Hacienda y Crédito Público,Comportamiento 6. Expansión del riesgo litigioso,Superintendencia de Servicios Públicos Domiciliarios,True
2026,DATE,regex,P0422-S03,P0422,51,II. Comportamientos críticos nocivos para el Estado > Comportamiento 6. Expansión del riesgo litigioso > Caso 39. Hacienda y Crédito Público,Comportamiento 6. Expansión del riesgo litigioso,2026,False
FINDETER,MISC,spacy,P0422-S04,P0422,51,II. Comportamientos críticos nocivos para el Estado > Comportamiento 6. Expansión del riesgo litigioso > Caso 39. Hacienda y Crédito Público,Comportamiento 6. Expansión del riesgo litigioso,FINDETER,False
2024,DATE,regex,P0423-S01,P0423,52,II. Comportamientos críticos nocivos para el Estado > Comportamiento 6. Expansión del riesgo litigioso > Caso 39. Hacienda y Crédito Público,Comportamiento 6. Expansión del riesgo litigioso,2024,False
2025,DATE,regex,P0423-S01,P0423,52,II. Comportamientos críticos nocivos para el Estado > Comportamiento 6. Expansión del riesgo litigioso > Caso 39. Hacienda y Crédito Público,Comportamiento 6. Expansión del riesgo litigioso,2025,False
$2.119 millones,MONEY,regex,P0423-S01,P0423,52,II. Comportamientos críticos nocivos para el Estado > Comportamiento 6. Expansión del riesgo litigioso > Caso 39. Hacienda y Crédito Público,Comportamiento 6. Expansión del riesgo litigioso,$2.119 millones,False
$367.256 millones,MONEY,regex,P0423-S01,P0423,52,II. Comportamientos críticos nocivos para el Estado > Comportamiento 6. Expansión del riesgo litigioso > Caso 39. Hacienda y Crédito Público,Comportamiento 6. Expansión del riesgo litigioso,$367.256 millones,False
100%,PERCENT,regex,P0424-S01,P0424,52,II. Comportamientos críticos nocivos para el Estado > Comportamiento 6. Expansión del riesgo litigioso > Caso 39. Hacienda y Crédito Público,Comportamiento 6. Expansión del riesgo litigioso,100%,False
FINDETER,MISC,spacy,P0424-S01,P0424,52,II. Comportamientos críticos nocivos para el Estado > Comportamiento 6. Expansión del riesgo litigioso > Caso 39. Hacienda y Crédito Público,Comportamiento 6. Expansión del riesgo litigioso,FINDETER,False
$328 mil millones de pesos,MONEY,regex,P0425-S01,P0425,52,II. Comportamientos críticos nocivos para el Estado > Comportamiento 6. Expansión del riesgo litigioso > Caso 39. Hacienda y Crédito Público,Comportamiento 6. Expansión del riesgo litigioso,$328 mil millones de pesos,False
FINDETER,MISC,spacy,P0425-S02,P0425,52,II. Comportamientos críticos nocivos para el Estado > Comportamiento 6. Expansión del riesgo litigioso > Caso 39. Hacienda y Crédito Público,Comportamiento 6. Expansión del riesgo litigioso,FINDETER,False
Caribe,GPE_LOC,spacy,P0425-S03,P0425,52,II. Comportamientos críticos nocivos para el Estado > Comportamiento 6. Expansión del riesgo litigioso > Caso 39. Hacienda y Crédito Público,Comportamiento 6. Expansión del riesgo litigioso,Caribe,False
AIR-E,MISC,spacy,P0425-S03,P0425,52,II. Comportamientos críticos nocivos para el Estado > Comportamiento 6. Expansión del riesgo litigioso > Caso 39. Hacienda y Crédito Público,Comportamiento 6. Expansión del riesgo litigioso,AIR-E,False
Congreso,ORG,spacy,P0427-S01,P0427,52,II. Comportamientos críticos nocivos para el Estado > Comportamiento 6. Expansión del riesgo litigioso > Caso 40. Trabajo,Comportamiento 6. Expansión del riesgo litigioso,Congreso,True
Gobierno,GENERIC,spacy,P0427-S01,P0427,52,II. Comportamientos críticos nocivos para el Estado > Comportamiento 6. Expansión del riesgo litigioso > Caso 40. Trabajo,Comportamiento 6. Expansión del riesgo litigioso,Gobierno,False
Estado,GENERIC,spacy,P0427-S01,P0427,52,II. Comportamientos críticos nocivos para el Estado > Comportamiento 6. Expansión del riesgo litigioso > Caso 40. Trabajo,Comportamiento 6. Expansión del riesgo litigioso,Estado,False
2025,DATE,regex,P0428-S01,P0428,52,II. Comportamientos críticos nocivos para el Estado > Comportamiento 6. Expansión del riesgo litigioso > Caso 40. Trabajo,Comportamiento 6. Expansión del riesgo litigioso,2025,False
2026,DATE,regex,P0428-S01,P0428,52,II. Comportamientos críticos nocivos para el Estado > Comportamiento 6. Expansión del riesgo litigioso > Caso 40. Trabajo,Comportamiento 6. Expansión del riesgo litigioso,2026,False
2026,DATE,regex,P0428-S01,P0428,52,II. Comportamientos críticos nocivos para el Estado > Comportamiento 6. Expansión del riesgo litigioso > Caso 40. Trabajo,Comportamiento 6. Expansión del riesgo litigioso,2026,False
2026,DATE,regex,P0428-S01,P0428,52,II. Comportamientos críticos nocivos para el Estado > Comportamiento 6. Expansión del riesgo litigioso > Caso 40. Trabajo,Comportamiento 6. Expansión del riesgo litigioso,2026,False
Ley 2466 de 2025,LAW,regex,P0428-S01,P0428,52,II. Comportamientos críticos nocivos para el Estado > Comportamiento 6. Expansión del riesgo litigioso > Caso 40. Trabajo,Comportamiento 6. Expansión del riesgo litigioso,Ley 2466 de 2025,False
Congreso aprobó la Ley,ORG,spacy,P0428-S01,P0428,52,II. Comportamientos críticos nocivos para el Estado > Comportamiento 6. Expansión del riesgo litigioso > Caso 40. Trabajo,Comportamiento 6. Expansión del riesgo litigioso,Congreso aprobó la Ley,True
Ministerio del Trabajo,GPE_LOC,spacy,P0428-S01,P0428,52,II. Comportamientos críticos nocivos para el Estado > Comportamiento 6. Expansión del riesgo litigioso > Caso 40. Trabajo,Comportamiento 6. Expansión del riesgo litigioso,Ministerio del Trabajo,True
Ministerio del Trabajo,GPE_LOC,spacy,P0428-S01,P0428,52,II. Comportamientos críticos nocivos para el Estado > Comportamiento 6. Expansión del riesgo litigioso > Caso 40. Trabajo,Comportamiento 6. Expansión del riesgo litigioso,Ministerio del Trabajo,True
2026,DATE,regex,P0429-S01,P0429,52,II. Comportamientos críticos nocivos para el Estado > Comportamiento 6. Expansión del riesgo litigioso > Caso 40. Trabajo,Comportamiento 6. Expansión del riesgo litigioso,2026,False
2015,DATE,regex,P0429-S01,P0429,52,II. Comportamientos críticos nocivos para el Estado > Comportamiento 6. Expansión del riesgo litigioso > Caso 40. Trabajo,Comportamiento 6. Expansión del riesgo litigioso,2015,False
2025,DATE,regex,P0429-S01,P0429,52,II. Comportamientos críticos nocivos para el Estado > Comportamiento 6. Expansión del riesgo litigioso > Caso 40. Trabajo,Comportamiento 6. Expansión del riesgo litigioso,2025,False
Decreto 234 de 2026,LAW,regex,P0429-S01,P0429,52,II. Comportamientos críticos nocivos para el Estado > Comportamiento 6. Expansión del riesgo litigioso > Caso 40. Trabajo,Comportamiento 6. Expansión del riesgo litigioso,Decreto 234 de 2026,False
Decreto 1072 de 2015,LAW,regex,P0429-S01,P0429,52,II. Comportamientos críticos nocivos para el Estado > Comportamiento 6. Expansión del riesgo litigioso > Caso 40. Trabajo,Comportamiento 6. Expansión del riesgo litigioso,Decreto 1072 de 2015,False
Ley 2466 de 2025,LAW,regex,P0429-S01,P0429,52,II. Comportamientos críticos nocivos para el Estado > Comportamiento 6. Expansión del riesgo litigioso > Caso 40. Trabajo,Comportamiento 6. Expansión del riesgo litigioso,Ley 2466 de 2025,False
Capítulo 7,MISC,spacy,P0429-S01,P0429,52,II. Comportamientos críticos nocivos para el Estado > Comportamiento 6. Expansión del riesgo litigioso > Caso 40. Trabajo,Comportamiento 6. Expansión del riesgo litigioso,Capítulo 7,False
Título 2 de la,MISC,spacy,P0429-S01,P0429,52,II. Comportamientos críticos nocivos para el Estado > Comportamiento 6. Expansión del riesgo litigioso > Caso 40. Trabajo,Comportamiento 6. Expansión del riesgo litigioso,Título 2 de la,False
Parte 2,MISC,spacy,P0429-S01,P0429,52,II. Comportamientos críticos nocivos para el Estado > Comportamiento 6. Expansión del riesgo litigioso > Caso 40. Trabajo,Comportamiento 6. Expansión del riesgo litigioso,Parte 2,False
Libro 2 del,MISC,spacy,P0429-S01,P0429,52,II. Comportamientos críticos nocivos para el Estado > Comportamiento 6. Expansión del riesgo litigioso > Caso 40. Trabajo,Comportamiento 6. Expansión del riesgo litigioso,Libro 2 del,False
Único Reglamentario del Sector Trabajo,ORG,spacy,P0429-S01,P0429,52,II. Comportamientos críticos nocivos para el Estado > Comportamiento 6. Expansión del riesgo litigioso > Caso 40. Trabajo,Comportamiento 6. Expansión del riesgo litigioso,Único Reglamentario del Sector Trabajo,False
2024,DATE,regex,P0429-S02,P0429,52,II. Comportamientos críticos nocivos para el Estado > Comportamiento 6. Expansión del riesgo litigioso > Caso 40. Trabajo,Comportamiento 6. Expansión del riesgo litigioso,2024,False
2015,DATE,regex,P0429-S02,P0429,52,II. Comportamientos críticos nocivos para el Estado > Comportamiento 6. Expansión del riesgo litigioso > Caso 40. Trabajo,Comportamiento 6. Expansión del riesgo litigioso,2015,False
2026,DATE,regex,P0429-S02,P0429,52,II. Comportamientos críticos nocivos para el Estado > Comportamiento 6. Expansión del riesgo litigioso > Caso 40. Trabajo,Comportamiento 6. Expansión del riesgo litigioso,2026,False
Decreto 1072 de 2015,LAW,regex,P0429-S02,P0429,52,II. Comportamientos críticos nocivos para el Estado > Comportamiento 6. Expansión del riesgo litigioso > Caso 40. Trabajo,Comportamiento 6. Expansión del riesgo litigioso,Decreto 1072 de 2015,False
Decreto 234 de 2026,LAW,regex,P0429-S02,P0429,52,II. Comportamientos críticos nocivos para el Estado > Comportamiento 6. Expansión del riesgo litigioso > Caso 40. Trabajo,Comportamiento 6. Expansión del riesgo litigioso,Decreto 234 de 2026,False
Decreto Presidencial 243 de 2024 “Por,MISC,spacy,P0429-S02,P0429,52,II. Comportamientos críticos nocivos para el Estado > Comportamiento 6. Expansión del riesgo litigioso > Caso 40. Trabajo,Comportamiento 6. Expansión del riesgo litigioso,Decreto Presidencial 243 de 2024 “Por,False
Título 2 de la,MISC,spacy,P0429-S02,P0429,52,II. Comportamientos críticos nocivos para el Estado > Comportamiento 6. Expansión del riesgo litigioso > Caso 40. Trabajo,Comportamiento 6. Expansión del riesgo litigioso,Título 2 de la,False
Parte 2,MISC,spacy,P0429-S02,P0429,52,II. Comportamientos críticos nocivos para el Estado > Comportamiento 6. Expansión del riesgo litigioso > Caso 40. Trabajo,Comportamiento 6. Expansión del riesgo litigioso,Parte 2,False
Libro 2 del,MISC,spacy,P0429-S02,P0429,52,II. Comportamientos críticos nocivos para el Estado > Comportamiento 6. Expansión del riesgo litigioso > Caso 40. Trabajo,Comportamiento 6. Expansión del riesgo litigioso,Libro 2 del,False
Único Reglamentario del Sector Trabajo,ORG,spacy,P0429-S02,P0429,52,II. Comportamientos críticos nocivos para el Estado > Comportamiento 6. Expansión del riesgo litigioso > Caso 40. Trabajo,Comportamiento 6. Expansión del riesgo litigioso,Único Reglamentario del Sector Trabajo,False
2026,DATE,regex,P0430-S01,P0430,52,II. Comportamientos críticos nocivos para el Estado > Comportamiento 6. Expansión del riesgo litigioso > Caso 40. Trabajo,Comportamiento 6. Expansión del riesgo litigioso,2026,False
2015,DATE,regex,P0430-S01,P0430,52,II. Comportamientos críticos nocivos para el Estado > Comportamiento 6. Expansión del riesgo litigioso > Caso 40. Trabajo,Comportamiento 6. Expansión del riesgo litigioso,2015,False
2025,DATE,regex,P0430-S01,P0430,52,II. Comportamientos críticos nocivos para el Estado > Comportamiento 6. Expansión del riesgo litigioso > Caso 40. Trabajo,Comportamiento 6. Expansión del riesgo litigioso,2025,False
Decreto 720 de 2026,LAW,regex,P0430-S01,P0430,52,II. Comportamientos críticos nocivos para el Estado > Comportamiento 6. Expansión del riesgo litigioso > Caso 40. Trabajo,Comportamiento 6. Expansión del riesgo litigioso,Decreto 720 de 2026,False
Decreto número 1072 de 2015,LAW,regex,P0430-S01,P0430,52,II. Comportamientos críticos nocivos para el Estado > Comportamiento 6. Expansión del riesgo litigioso > Caso 40. Trabajo,Comportamiento 6. Expansión del riesgo litigioso,Decreto número 1072 de 2015,False
Ley 2466 de 2025,LAW,regex,P0430-S01,P0430,52,II. Comportamientos críticos nocivos para el Estado > Comportamiento 6. Expansión del riesgo litigioso > Caso 40. Trabajo,Comportamiento 6. Expansión del riesgo litigioso,Ley 2466 de 2025,False
Capítulo 4,MISC,spacy,P0430-S01,P0430,52,II. Comportamientos críticos nocivos para el Estado > Comportamiento 6. Expansión del riesgo litigioso > Caso 40. Trabajo,Comportamiento 6. Expansión del riesgo litigioso,Capítulo 4,False
Título 3 de la Parte,MISC,spacy,P0430-S01,P0430,52,II. Comportamientos críticos nocivos para el Estado > Comportamiento 6. Expansión del riesgo litigioso > Caso 40. Trabajo,Comportamiento 6. Expansión del riesgo litigioso,Título 3 de la Parte,False
Libro 2 del Decreto,MISC,spacy,P0430-S01,P0430,52,II. Comportamientos críticos nocivos para el Estado > Comportamiento 6. Expansión del riesgo litigioso > Caso 40. Trabajo,Comportamiento 6. Expansión del riesgo litigioso,Libro 2 del Decreto,False
Único Reglamentario del Sector Trabajo,ORG,spacy,P0430-S01,P0430,52,II. Comportamientos críticos nocivos para el Estado > Comportamiento 6. Expansión del riesgo litigioso > Caso 40. Trabajo,Comportamiento 6. Expansión del riesgo litigioso,Único Reglamentario del Sector Trabajo,False
2026,DATE,regex,P0431-S01,P0431,53,II. Comportamientos críticos nocivos para el Estado > Comportamiento 6. Expansión del riesgo litigioso > Caso 40. Trabajo,Comportamiento 6. Expansión del riesgo litigioso,2026,False
2015,DATE,regex,P0431-S01,P0431,53,II. Comportamientos críticos nocivos para el Estado > Comportamiento 6. Expansión del riesgo litigioso > Caso 40. Trabajo,Comportamiento 6. Expansión del riesgo litigioso,2015,False
Decreto 581 de 2026,LAW,regex,P0431-S01,P0431,53,II. Comportamientos críticos nocivos para el Estado > Comportamiento 6. Expansión del riesgo litigioso > Caso 40. Trabajo,Comportamiento 6. Expansión del riesgo litigioso,Decreto 581 de 2026,False
Decreto 1072 de 2015,LAW,regex,P0431-S01,P0431,53,II. Comportamientos críticos nocivos para el Estado > Comportamiento 6. Expansión del riesgo litigioso > Caso 40. Trabajo,Comportamiento 6. Expansión del riesgo litigioso,Decreto 1072 de 2015,False
Título 3 de la,MISC,spacy,P0431-S01,P0431,53,II. Comportamientos críticos nocivos para el Estado > Comportamiento 6. Expansión del riesgo litigioso > Caso 40. Trabajo,Comportamiento 6. Expansión del riesgo litigioso,Título 3 de la,False
Parte 2,MISC,spacy,P0431-S01,P0431,53,II. Comportamientos críticos nocivos para el Estado > Comportamiento 6. Expansión del riesgo litigioso > Caso 40. Trabajo,Comportamiento 6. Expansión del riesgo litigioso,Parte 2,False
Libro 2 del,MISC,spacy,P0431-S01,P0431,53,II. Comportamientos críticos nocivos para el Estado > Comportamiento 6. Expansión del riesgo litigioso > Caso 40. Trabajo,Comportamiento 6. Expansión del riesgo litigioso,Libro 2 del,False
Único Reglamentario del Sector Trabajo,ORG,spacy,P0431-S01,P0431,53,II. Comportamientos críticos nocivos para el Estado > Comportamiento 6. Expansión del riesgo litigioso > Caso 40. Trabajo,Comportamiento 6. Expansión del riesgo litigioso,Único Reglamentario del Sector Trabajo,False
2015,DATE,regex,P0431-S02,P0431,53,II. Comportamientos críticos nocivos para el Estado > Comportamiento 6. Expansión del riesgo litigioso > Caso 40. Trabajo,Comportamiento 6. Expansión del riesgo litigioso,2015,False
Decreto 1072 de 2015,LAW,regex,P0431-S02,P0431,53,II. Comportamientos críticos nocivos para el Estado > Comportamiento 6. Expansión del riesgo litigioso > Caso 40. Trabajo,Comportamiento 6. Expansión del riesgo litigioso,Decreto 1072 de 2015,False
Ministerio,GENERIC,spacy,P0431-S02,P0431,53,II. Comportamientos críticos nocivos para el Estado > Comportamiento 6. Expansión del riesgo litigioso > Caso 40. Trabajo,Comportamiento 6. Expansión del riesgo litigioso,Ministerio,False
junio de 2026,DATE,regex,P0432-S02,P0432,53,II. Comportamientos críticos nocivos para el Estado > Comportamiento 6. Expansión del riesgo litigioso > Caso 40. Trabajo,Comportamiento 6. Expansión del riesgo litigioso,junio de 2026,False
mayo de 2026,DATE,regex,P0432-S02,P0432,53,II. Comportamientos críticos nocivos para el Estado > Comportamiento 6. Expansión del riesgo litigioso > Caso 40. Trabajo,Comportamiento 6. Expansión del riesgo litigioso,mayo de 2026,False
8%,PERCENT,regex,P0432-S02,P0432,53,II. Comportamientos críticos nocivos para el Estado > Comportamiento 6. Expansión del riesgo litigioso > Caso 40. Trabajo,Comportamiento 6. Expansión del riesgo litigioso,8%,False
"55,7%",PERCENT,regex,P0432-S02,P0432,53,II. Comportamientos críticos nocivos para el Estado > Comportamiento 6. Expansión del riesgo litigioso > Caso 40. Trabajo,Comportamiento 6. Expansión del riesgo litigioso,"55,7%",False
DANE,ORG,spacy,P0432-S02,P0432,53,II. Comportamientos críticos nocivos para el Estado > Comportamiento 6. Expansión del riesgo litigioso > Caso 40. Trabajo,Comportamiento 6. Expansión del riesgo litigioso,DANE,True
Estado Social de Derecho,GPE_LOC,spacy,P0432-S02,P0432,53,II. Comportamientos críticos nocivos para el Estado > Comportamiento 6. Expansión del riesgo litigioso > Caso 40. Trabajo,Comportamiento 6. Expansión del riesgo litigioso,Estado Social de Derecho,False
Ejecutivo,ORG,spacy,P0433-S02,P0433,53,II. Comportamientos críticos nocivos para el Estado > Comportamiento 6. Expansión del riesgo litigioso > Caso 40. Trabajo,Comportamiento 6. Expansión del riesgo litigioso,Ejecutivo,False
Congreso,ORG,spacy,P0433-S02,P0433,53,II. Comportamientos críticos nocivos para el Estado > Comportamiento 6. Expansión del riesgo litigioso > Caso 40. Trabajo,Comportamiento 6. Expansión del riesgo litigioso,Congreso,True
Jurisdicción de lo Contencioso,ORG,spacy,P0433-S03,P0433,53,II. Comportamientos críticos nocivos para el Estado > Comportamiento 6. Expansión del riesgo litigioso > Caso 40. Trabajo,Comportamiento 6. Expansión del riesgo litigioso,Jurisdicción de lo Contencioso,False
Estado de Derecho,GPE_LOC,spacy,P0434-S01,P0434,53,II. Comportamientos críticos nocivos para el Estado > Comportamiento 6. Expansión del riesgo litigioso > Caso 40. Trabajo,Comportamiento 6. Expansión del riesgo litigioso,Estado de Derecho,False
Estado,GENERIC,spacy,P0435-S02,P0435,53,II. Comportamientos críticos nocivos para el Estado > Comportamiento 6. Expansión del riesgo litigioso > Caso 40. Trabajo,Comportamiento 6. Expansión del riesgo litigioso,Estado,False
Gobierno,GENERIC,spacy,P0435-S03,P0435,53,II. Comportamientos críticos nocivos para el Estado > Comportamiento 6. Expansión del riesgo litigioso > Caso 40. Trabajo,Comportamiento 6. Expansión del riesgo litigioso,Gobierno,False
Gobierno,GENERIC,spacy,P0435-S03,P0435,53,II. Comportamientos críticos nocivos para el Estado > Comportamiento 6. Expansión del riesgo litigioso > Caso 40. Trabajo,Comportamiento 6. Expansión del riesgo litigioso,Gobierno,False
$84.509 millones,MONEY,regex,P0437-S01,P0437,53,II. Comportamientos críticos nocivos para el Estado > Comportamiento 6. Expansión del riesgo litigioso > Caso 41. Cultura,Comportamiento 6. Expansión del riesgo litigioso,$84.509 millones,False
"58,5 %",PERCENT,regex,P0438-S01,P0438,53,II. Comportamientos críticos nocivos para el Estado > Comportamiento 6. Expansión del riesgo litigioso > Caso 41. Cultura,Comportamiento 6. Expansión del riesgo litigioso,"58,5 %",False
Concertación Cultural,ORG,spacy,P0438-S01,P0438,53,II. Comportamientos críticos nocivos para el Estado > Comportamiento 6. Expansión del riesgo litigioso > Caso 41. Cultura,Comportamiento 6. Expansión del riesgo litigioso,Concertación Cultural,False
Portafolio Nacional de Estímulos,MISC,spacy,P0438-S01,P0438,53,II. Comportamientos críticos nocivos para el Estado > Comportamiento 6. Expansión del riesgo litigioso > Caso 41. Cultura,Comportamiento 6. Expansión del riesgo litigioso,Portafolio Nacional de Estímulos,False
Portafolio Cultural Internacional Colombia,ORG,spacy,P0438-S01,P0438,53,II. Comportamientos críticos nocivos para el Estado > Comportamiento 6. Expansión del riesgo litigioso > Caso 41. Cultura,Comportamiento 6. Expansión del riesgo litigioso,Portafolio Cultural Internacional Colombia,False
Mundo,MISC,spacy,P0438-S01,P0438,53,II. Comportamientos críticos nocivos para el Estado > Comportamiento 6. Expansión del riesgo litigioso > Caso 41. Cultura,Comportamiento 6. Expansión del riesgo litigioso,Mundo,False
Portafolio para la Dinamización de los Espacios Culturales,MISC,spacy,P0438-S01,P0438,53,II. Comportamientos críticos nocivos para el Estado > Comportamiento 6. Expansión del riesgo litigioso > Caso 41. Cultura,Comportamiento 6. Expansión del riesgo litigioso,Portafolio para la Dinamización de los Espacios Culturales,False
Portafolio de Estímulos y,PERSON,spacy,P0438-S01,P0438,53,II. Comportamientos críticos nocivos para el Estado > Comportamiento 6. Expansión del riesgo litigioso > Caso 41. Cultura,Comportamiento 6. Expansión del riesgo litigioso,Portafolio de Estímulos y,False
Jóvenes Por el Cambio,ORG,spacy,P0438-S01,P0438,53,II. Comportamientos críticos nocivos para el Estado > Comportamiento 6. Expansión del riesgo litigioso > Caso 41. Cultura,Comportamiento 6. Expansión del riesgo litigioso,Jóvenes Por el Cambio,False
$84.509 millones,MONEY,regex,P0438-S02,P0438,54,II. Comportamientos críticos nocivos para el Estado > Comportamiento 6. Expansión del riesgo litigioso > Caso 41. Cultura,Comportamiento 6. Expansión del riesgo litigioso,$84.509 millones,False
$169.401 millones,MONEY,regex,P0438-S02,P0438,54,II. Comportamientos críticos nocivos para el Estado > Comportamiento 6. Expansión del riesgo litigioso > Caso 41. Cultura,Comportamiento 6. Expansión del riesgo litigioso,$169.401 millones,False
Ministerio,GENERIC,spacy,P0439-S01,P0439,54,II. Comportamientos críticos nocivos para el Estado > Comportamiento 6. Expansión del riesgo litigioso > Caso 41. Cultura,Comportamiento 6. Expansión del riesgo litigioso,Ministerio,False
$9.000 millones,MONEY,regex,P0439-S02,P0439,54,II. Comportamientos críticos nocivos para el Estado > Comportamiento 6. Expansión del riesgo litigioso > Caso 41. Cultura,Comportamiento 6. Expansión del riesgo litigioso,$9.000 millones,False
"$560,6 millones",MONEY,regex,P0439-S02,P0439,54,II. Comportamientos críticos nocivos para el Estado > Comportamiento 6. Expansión del riesgo litigioso > Caso 41. Cultura,Comportamiento 6. Expansión del riesgo litigioso,"$560,6 millones",False
100%,PERCENT,regex,P0439-S02,P0439,54,II. Comportamientos críticos nocivos para el Estado > Comportamiento 6. Expansión del riesgo litigioso > Caso 41. Cultura,Comportamiento 6. Expansión del riesgo litigioso,100%,False
Jóvenes Por el Cambio,ORG,spacy,P0439-S02,P0439,54,II. Comportamientos críticos nocivos para el Estado > Comportamiento 6. Expansión del riesgo litigioso > Caso 41. Cultura,Comportamiento 6. Expansión del riesgo litigioso,Jóvenes Por el Cambio,False
Portafolio Cultural Internacional Colombia,MISC,spacy,P0439-S02,P0439,54,II. Comportamientos críticos nocivos para el Estado > Comportamiento 6. Expansión del riesgo litigioso > Caso 41. Cultura,Comportamiento 6. Expansión del riesgo litigioso,Portafolio Cultural Internacional Colombia,False
Mundo Fase 2,MISC,spacy,P0439-S02,P0439,54,II. Comportamientos críticos nocivos para el Estado > Comportamiento 6. Expansión del riesgo litigioso > Caso 41. Cultura,Comportamiento 6. Expansión del riesgo litigioso,Mundo Fase 2,False
100%,PERCENT,regex,P0439-S03,P0439,54,II. Comportamientos críticos nocivos para el Estado > Comportamiento 6. Expansión del riesgo litigioso > Caso 41. Cultura,Comportamiento 6. Expansión del riesgo litigioso,100%,False
Defensa Nacional,ORG,spacy,P0441-S01,P0441,54,II. Comportamientos críticos nocivos para el Estado > Comportamiento 7. Pérdida de control territorial frente a economías criminales,Comportamiento 7. Pérdida de control territorial frente a economías criminales,Defensa Nacional,False
Justicia y Derecho,MISC,spacy,P0441-S01,P0441,54,II. Comportamientos críticos nocivos para el Estado > Comportamiento 7. Pérdida de control territorial frente a economías criminales,Comportamiento 7. Pérdida de control territorial frente a economías criminales,Justicia y Derecho,False
Minas,GENERIC,spacy,P0441-S01,P0441,54,II. Comportamientos críticos nocivos para el Estado > Comportamiento 7. Pérdida de control territorial frente a economías criminales,Comportamiento 7. Pérdida de control territorial frente a economías criminales,Minas,False
Energía,GENERIC,spacy,P0441-S01,P0441,54,II. Comportamientos críticos nocivos para el Estado > Comportamiento 7. Pérdida de control territorial frente a economías criminales,Comportamiento 7. Pérdida de control territorial frente a economías criminales,Energía,False
Ejército,MISC,spacy,P0443-S01,P0443,54,II. Comportamientos críticos nocivos para el Estado > Comportamiento 7. Pérdida de control territorial frente a economías criminales > Caso 42. Defensa Nacional,Comportamiento 7. Pérdida de control territorial frente a economías criminales,Ejército,True
Fuerzas Militares,MISC,spacy,P0444-S01,P0444,54,II. Comportamientos críticos nocivos para el Estado > Comportamiento 7. Pérdida de control territorial frente a economías criminales > Caso 42. Defensa Nacional,Comportamiento 7. Pérdida de control territorial frente a economías criminales,Fuerzas Militares,True
$14 billones,MONEY,regex,P0444-S02,P0444,54,II. Comportamientos críticos nocivos para el Estado > Comportamiento 7. Pérdida de control territorial frente a economías criminales > Caso 42. Defensa Nacional,Comportamiento 7. Pérdida de control territorial frente a economías criminales,$14 billones,False
52%,PERCENT,regex,P0444-S02,P0444,54,II. Comportamientos críticos nocivos para el Estado > Comportamiento 7. Pérdida de control territorial frente a economías criminales > Caso 42. Defensa Nacional,Comportamiento 7. Pérdida de control territorial frente a economías criminales,52%,False
Ejército,MISC,spacy,P0444-S02,P0444,54,II. Comportamientos críticos nocivos para el Estado > Comportamiento 7. Pérdida de control territorial frente a economías criminales > Caso 42. Defensa Nacional,Comportamiento 7. Pérdida de control territorial frente a economías criminales,Ejército,True
MI-17,MISC,spacy,P0444-S02,P0444,54,II. Comportamientos críticos nocivos para el Estado > Comportamiento 7. Pérdida de control territorial frente a economías criminales > Caso 42. Defensa Nacional,Comportamiento 7. Pérdida de control territorial frente a economías criminales,MI-17,False
UH-60,MISC,spacy,P0444-S02,P0444,54,II. Comportamientos críticos nocivos para el Estado > Comportamiento 7. Pérdida de control territorial frente a economías criminales > Caso 42. Defensa Nacional,Comportamiento 7. Pérdida de control territorial frente a economías criminales,UH-60,False
Fuerza Aeroespacial Colombiana,ORG,spacy,P0444-S02,P0444,54,II. Comportamientos críticos nocivos para el Estado > Comportamiento 7. Pérdida de control territorial frente a economías criminales > Caso 42. Defensa Nacional,Comportamiento 7. Pérdida de control territorial frente a economías criminales,Fuerza Aeroespacial Colombiana,False
FAC,ORG,spacy,P0444-S02,P0444,54,II. Comportamientos críticos nocivos para el Estado > Comportamiento 7. Pérdida de control territorial frente a economías criminales > Caso 42. Defensa Nacional,Comportamiento 7. Pérdida de control territorial frente a economías criminales,Fuerza Aeroespacial Colombiana,False
2022,DATE,regex,P0444-S03,P0444,54,II. Comportamientos críticos nocivos para el Estado > Comportamiento 7. Pérdida de control territorial frente a economías criminales > Caso 42. Defensa Nacional,Comportamiento 7. Pérdida de control territorial frente a economías criminales,2022,False
2025,DATE,regex,P0444-S03,P0444,54,II. Comportamientos críticos nocivos para el Estado > Comportamiento 7. Pérdida de control territorial frente a economías criminales > Caso 42. Defensa Nacional,Comportamiento 7. Pérdida de control territorial frente a economías criminales,2025,False
2022,DATE,regex,P0444-S03,P0444,54,II. Comportamientos críticos nocivos para el Estado > Comportamiento 7. Pérdida de control territorial frente a economías criminales > Caso 42. Defensa Nacional,Comportamiento 7. Pérdida de control territorial frente a economías criminales,2022,False
2025,DATE,regex,P0444-S03,P0444,54,II. Comportamientos críticos nocivos para el Estado > Comportamiento 7. Pérdida de control territorial frente a economías criminales > Caso 42. Defensa Nacional,Comportamiento 7. Pérdida de control territorial frente a economías criminales,2025,False
Clan del Golfo,MISC,spacy,P0444-S03,P0444,54,II. Comportamientos críticos nocivos para el Estado > Comportamiento 7. Pérdida de control territorial frente a economías criminales > Caso 42. Defensa Nacional,Comportamiento 7. Pérdida de control territorial frente a economías criminales,Clan del Golfo,False
ELN,ORG,spacy,P0444-S03,P0444,54,II. Comportamientos críticos nocivos para el Estado > Comportamiento 7. Pérdida de control territorial frente a economías criminales > Caso 42. Defensa Nacional,Comportamiento 7. Pérdida de control territorial frente a economías criminales,ELN,False
Estado Mayor Central,GPE_LOC,spacy,P0444-S03,P0444,54,II. Comportamientos críticos nocivos para el Estado > Comportamiento 7. Pérdida de control territorial frente a economías criminales > Caso 42. Defensa Nacional,Comportamiento 7. Pérdida de control territorial frente a economías criminales,Estado Mayor Central,False
EMC,ORG,spacy,P0444-S03,P0444,54,II. Comportamientos críticos nocivos para el Estado > Comportamiento 7. Pérdida de control territorial frente a economías criminales > Caso 42. Defensa Nacional,Comportamiento 7. Pérdida de control territorial frente a economías criminales,Estado Mayor Central,False
2022,DATE,regex,P0444-S04,P0444,54,II. Comportamientos críticos nocivos para el Estado > Comportamiento 7. Pérdida de control territorial frente a economías criminales > Caso 42. Defensa Nacional,Comportamiento 7. Pérdida de control territorial frente a economías criminales,2022,False
2025,DATE,regex,P0444-S04,P0444,54,II. Comportamientos críticos nocivos para el Estado > Comportamiento 7. Pérdida de control territorial frente a economías criminales > Caso 42. Defensa Nacional,Comportamiento 7. Pérdida de control territorial frente a economías criminales,2025,False
2022,DATE,regex,P0444-S04,P0444,54,II. Comportamientos críticos nocivos para el Estado > Comportamiento 7. Pérdida de control territorial frente a economías criminales > Caso 42. Defensa Nacional,Comportamiento 7. Pérdida de control territorial frente a economías criminales,2022,False
2025,DATE,regex,P0444-S04,P0444,54,II. Comportamientos críticos nocivos para el Estado > Comportamiento 7. Pérdida de control territorial frente a economías criminales > Caso 42. Defensa Nacional,Comportamiento 7. Pérdida de control territorial frente a economías criminales,2025,False
Estado,GENERIC,spacy,P0445-S01,P0445,54,II. Comportamientos críticos nocivos para el Estado > Comportamiento 7. Pérdida de control territorial frente a economías criminales > Caso 42. Defensa Nacional,Comportamiento 7. Pérdida de control territorial frente a economías criminales,Estado,False
2022,DATE,regex,P0445-S03,P0445,54,II. Comportamientos críticos nocivos para el Estado > Comportamiento 7. Pérdida de control territorial frente a economías criminales > Caso 42. Defensa Nacional,Comportamiento 7. Pérdida de control territorial frente a economías criminales,2022,False
2025,DATE,regex,P0445-S03,P0445,54,II. Comportamientos críticos nocivos para el Estado > Comportamiento 7. Pérdida de control territorial frente a economías criminales > Caso 42. Defensa Nacional,Comportamiento 7. Pérdida de control territorial frente a economías criminales,2025,False
2022,DATE,regex,P0445-S03,P0445,54,II. Comportamientos críticos nocivos para el Estado > Comportamiento 7. Pérdida de control territorial frente a economías criminales > Caso 42. Defensa Nacional,Comportamiento 7. Pérdida de control territorial frente a economías criminales,2022,False
2025,DATE,regex,P0445-S03,P0445,54,II. Comportamientos críticos nocivos para el Estado > Comportamiento 7. Pérdida de control territorial frente a economías criminales > Caso 42. Defensa Nacional,Comportamiento 7. Pérdida de control territorial frente a economías criminales,2025,False
Fuerzas Militares,MISC,spacy,P0445-S04,P0445,54,II. Comportamientos críticos nocivos para el Estado > Comportamiento 7. Pérdida de control territorial frente a economías criminales > Caso 42. Defensa Nacional,Comportamiento 7. Pérdida de control territorial frente a economías criminales,Fuerzas Militares,True
Entre 2022 y 2025,DATE,regex,P0447-S01,P0447,55,II. Comportamientos críticos nocivos para el Estado > Comportamiento 7. Pérdida de control territorial frente a economías criminales > Caso 43. Ambiente y Desarrollo Sostenible,Comportamiento 7. Pérdida de control territorial frente a economías criminales,Entre 2022 y 2025,False
Colombia,GPE_LOC,spacy,P0447-S01,P0447,55,II. Comportamientos críticos nocivos para el Estado > Comportamiento 7. Pérdida de control territorial frente a economías criminales > Caso 43. Ambiente y Desarrollo Sostenible,Comportamiento 7. Pérdida de control territorial frente a economías criminales,Colombia,False
entre 2022 y 2025,DATE,regex,P0448-S01,P0448,55,II. Comportamientos críticos nocivos para el Estado > Comportamiento 7. Pérdida de control territorial frente a economías criminales > Caso 43. Ambiente y Desarrollo Sostenible,Comportamiento 7. Pérdida de control territorial frente a economías criminales,entre 2022 y 2025,False
Colombia,GPE_LOC,spacy,P0448-S01,P0448,55,II. Comportamientos críticos nocivos para el Estado > Comportamiento 7. Pérdida de control territorial frente a economías criminales > Caso 43. Ambiente y Desarrollo Sostenible,Comportamiento 7. Pérdida de control territorial frente a economías criminales,Colombia,False
Ciudad de Bogotá,GPE_LOC,spacy,P0448-S01,P0448,55,II. Comportamientos críticos nocivos para el Estado > Comportamiento 7. Pérdida de control territorial frente a economías criminales > Caso 43. Ambiente y Desarrollo Sostenible,Comportamiento 7. Pérdida de control territorial frente a economías criminales,Ciudad de Bogotá,False
60%,PERCENT,regex,P0448-S02,P0448,55,II. Comportamientos críticos nocivos para el Estado > Comportamiento 7. Pérdida de control territorial frente a economías criminales > Caso 43. Ambiente y Desarrollo Sostenible,Comportamiento 7. Pérdida de control territorial frente a economías criminales,60%,False
Amazonía,GPE_LOC,spacy,P0448-S02,P0448,55,II. Comportamientos críticos nocivos para el Estado > Comportamiento 7. Pérdida de control territorial frente a economías criminales > Caso 43. Ambiente y Desarrollo Sostenible,Comportamiento 7. Pérdida de control territorial frente a economías criminales,Amazonía,False
entre 2022 y 2023,DATE,regex,P0448-S03,P0448,55,II. Comportamientos críticos nocivos para el Estado > Comportamiento 7. Pérdida de control territorial frente a economías criminales > Caso 43. Ambiente y Desarrollo Sostenible,Comportamiento 7. Pérdida de control territorial frente a economías criminales,entre 2022 y 2023,False
2024,DATE,regex,P0448-S03,P0448,55,II. Comportamientos críticos nocivos para el Estado > Comportamiento 7. Pérdida de control territorial frente a economías criminales > Caso 43. Ambiente y Desarrollo Sostenible,Comportamiento 7. Pérdida de control territorial frente a economías criminales,2024,False
2025,DATE,regex,P0448-S03,P0448,55,II. Comportamientos críticos nocivos para el Estado > Comportamiento 7. Pérdida de control territorial frente a economías criminales > Caso 43. Ambiente y Desarrollo Sostenible,Comportamiento 7. Pérdida de control territorial frente a economías criminales,2025,False
IDEAM,ORG,spacy,P0448-S03,P0448,55,II. Comportamientos críticos nocivos para el Estado > Comportamiento 7. Pérdida de control territorial frente a economías criminales > Caso 43. Ambiente y Desarrollo Sostenible,Comportamiento 7. Pérdida de control territorial frente a economías criminales,IDEAM,True
IDEAM,ORG,spacy,P0448-S04,P0448,55,II. Comportamientos críticos nocivos para el Estado > Comportamiento 7. Pérdida de control territorial frente a economías criminales > Caso 43. Ambiente y Desarrollo Sostenible,Comportamiento 7. Pérdida de control territorial frente a economías criminales,IDEAM,True
Estado,GENERIC,spacy,P0449-S02,P0449,55,II. Comportamientos críticos nocivos para el Estado > Comportamiento 7. Pérdida de control territorial frente a economías criminales > Caso 43. Ambiente y Desarrollo Sostenible,Comportamiento 7. Pérdida de control territorial frente a economías criminales,Estado,False
22%,PERCENT,regex,P0449-S03,P0449,55,II. Comportamientos críticos nocivos para el Estado > Comportamiento 7. Pérdida de control territorial frente a economías criminales > Caso 43. Ambiente y Desarrollo Sostenible,Comportamiento 7. Pérdida de control territorial frente a economías criminales,22%,False
"17,1%",PERCENT,regex,P0449-S03,P0449,55,II. Comportamientos críticos nocivos para el Estado > Comportamiento 7. Pérdida de control territorial frente a economías criminales > Caso 43. Ambiente y Desarrollo Sostenible,Comportamiento 7. Pérdida de control territorial frente a economías criminales,"17,1%",False
Pacífico,GPE_LOC,spacy,P0449-S03,P0449,55,II. Comportamientos críticos nocivos para el Estado > Comportamiento 7. Pérdida de control territorial frente a economías criminales > Caso 43. Ambiente y Desarrollo Sostenible,Comportamiento 7. Pérdida de control territorial frente a economías criminales,Pacífico,False
Caribe,GPE_LOC,spacy,P0449-S03,P0449,55,II. Comportamientos críticos nocivos para el Estado > Comportamiento 7. Pérdida de control territorial frente a economías criminales > Caso 43. Ambiente y Desarrollo Sostenible,Comportamiento 7. Pérdida de control territorial frente a economías criminales,Caribe,False
Estado,GENERIC,spacy,P0449-S04,P0449,55,II. Comportamientos críticos nocivos para el Estado > Comportamiento 7. Pérdida de control territorial frente a economías criminales > Caso 43. Ambiente y Desarrollo Sostenible,Comportamiento 7. Pérdida de control territorial frente a economías criminales,Estado,False
Estado,GENERIC,spacy,P0450-S02,P0450,55,II. Comportamientos críticos nocivos para el Estado > Comportamiento 7. Pérdida de control territorial frente a economías criminales > Caso 43. Ambiente y Desarrollo Sostenible,Comportamiento 7. Pérdida de control territorial frente a economías criminales,Estado,False
Estado,GENERIC,spacy,P0450-S05,P0450,55,II. Comportamientos críticos nocivos para el Estado > Comportamiento 7. Pérdida de control territorial frente a economías criminales > Caso 43. Ambiente y Desarrollo Sostenible,Comportamiento 7. Pérdida de control territorial frente a economías criminales,Estado,False
2019,DATE,regex,P0453-S01,P0453,55,II. Comportamientos críticos nocivos para el Estado > Comportamiento 7. Pérdida de control territorial frente a economías criminales > Caso 44. Minas y Energía,Comportamiento 7. Pérdida de control territorial frente a economías criminales,2019,False
2021,DATE,regex,P0453-S01,P0453,55,II. Comportamientos críticos nocivos para el Estado > Comportamiento 7. Pérdida de control territorial frente a economías criminales > Caso 44. Minas y Energía,Comportamiento 7. Pérdida de control territorial frente a economías criminales,2021,False
2022,DATE,regex,P0453-S01,P0453,55,II. Comportamientos críticos nocivos para el Estado > Comportamiento 7. Pérdida de control territorial frente a economías criminales > Caso 44. Minas y Energía,Comportamiento 7. Pérdida de control territorial frente a economías criminales,2022,False
2023,DATE,regex,P0453-S01,P0453,55,II. Comportamientos críticos nocivos para el Estado > Comportamiento 7. Pérdida de control territorial frente a economías criminales > Caso 44. Minas y Energía,Comportamiento 7. Pérdida de control territorial frente a economías criminales,2023,False
2024,DATE,regex,P0453-S01,P0453,55,II. Comportamientos críticos nocivos para el Estado > Comportamiento 7. Pérdida de control territorial frente a economías criminales > Caso 44. Minas y Energía,Comportamiento 7. Pérdida de control territorial frente a economías criminales,2024,False
2025,DATE,regex,P0453-S01,P0453,55,II. Comportamientos críticos nocivos para el Estado > Comportamiento 7. Pérdida de control territorial frente a economías criminales > Caso 44. Minas y Energía,Comportamiento 7. Pérdida de control territorial frente a economías criminales,2025,False
Entre 2022 y 2025,DATE,regex,P0453-S02,P0453,55,II. Comportamientos críticos nocivos para el Estado > Comportamiento 7. Pérdida de control territorial frente a economías criminales > Caso 44. Minas y Energía,Comportamiento 7. Pérdida de control territorial frente a economías criminales,Entre 2022 y 2025,False
2026,DATE,regex,P0453-S03,P0453,55,II. Comportamientos críticos nocivos para el Estado > Comportamiento 7. Pérdida de control territorial frente a economías criminales > Caso 44. Minas y Energía,Comportamiento 7. Pérdida de control territorial frente a economías criminales,2026,False
2010-2026,DATE,regex,P0453-S03,P0453,55,II. Comportamientos críticos nocivos para el Estado > Comportamiento 7. Pérdida de control territorial frente a economías criminales > Caso 44. Minas y Energía,Comportamiento 7. Pérdida de control territorial frente a economías criminales,2010-2026,False
2020-2031,DATE,regex,P0453-S03,P0453,55,II. Comportamientos críticos nocivos para el Estado > Comportamiento 7. Pérdida de control territorial frente a economías criminales > Caso 44. Minas y Energía,Comportamiento 7. Pérdida de control territorial frente a economías criminales,2020-2031,False
59%,PERCENT,regex,P0453-S03,P0453,55,II. Comportamientos críticos nocivos para el Estado > Comportamiento 7. Pérdida de control territorial frente a economías criminales > Caso 44. Minas y Energía,Comportamiento 7. Pérdida de control territorial frente a economías criminales,59%,False
11%,PERCENT,regex,P0453-S03,P0453,55,II. Comportamientos críticos nocivos para el Estado > Comportamiento 7. Pérdida de control territorial frente a economías criminales > Caso 44. Minas y Energía,Comportamiento 7. Pérdida de control territorial frente a economías criminales,11%,False
9%,PERCENT,regex,P0453-S03,P0453,55,II. Comportamientos críticos nocivos para el Estado > Comportamiento 7. Pérdida de control territorial frente a economías criminales > Caso 44. Minas y Energía,Comportamiento 7. Pérdida de control territorial frente a economías criminales,9%,False
7%,PERCENT,regex,P0453-S03,P0453,55,II. Comportamientos críticos nocivos para el Estado > Comportamiento 7. Pérdida de control territorial frente a economías criminales > Caso 44. Minas y Energía,Comportamiento 7. Pérdida de control territorial frente a economías criminales,7%,False
Meta,GPE_LOC,spacy,P0453-S03,P0453,55,II. Comportamientos críticos nocivos para el Estado > Comportamiento 7. Pérdida de control territorial frente a economías criminales > Caso 44. Minas y Energía,Comportamiento 7. Pérdida de control territorial frente a economías criminales,Meta,False
Valle Medio del Magdalena,GPE_LOC,spacy,P0453-S03,P0453,55,II. Comportamientos críticos nocivos para el Estado > Comportamiento 7. Pérdida de control territorial frente a economías criminales > Caso 44. Minas y Energía,Comportamiento 7. Pérdida de control territorial frente a economías criminales,Valle Medio del Magdalena,False
Arauca,GPE_LOC,spacy,P0453-S03,P0453,55,II. Comportamientos críticos nocivos para el Estado > Comportamiento 7. Pérdida de control territorial frente a economías criminales > Caso 44. Minas y Energía,Comportamiento 7. Pérdida de control territorial frente a economías criminales,Arauca,False
Casanare,GPE_LOC,spacy,P0453-S03,P0453,55,II. Comportamientos críticos nocivos para el Estado > Comportamiento 7. Pérdida de control territorial frente a economías criminales > Caso 44. Minas y Energía,Comportamiento 7. Pérdida de control territorial frente a economías criminales,Casanare,False
Arauca,GPE_LOC,spacy,P0453-S03,P0453,55,II. Comportamientos críticos nocivos para el Estado > Comportamiento 7. Pérdida de control territorial frente a economías criminales > Caso 44. Minas y Energía,Comportamiento 7. Pérdida de control territorial frente a economías criminales,Arauca,False
Norte de Santander,GPE_LOC,spacy,P0453-S03,P0453,55,II. Comportamientos críticos nocivos para el Estado > Comportamiento 7. Pérdida de control territorial frente a economías criminales > Caso 44. Minas y Energía,Comportamiento 7. Pérdida de control territorial frente a economías criminales,Norte de Santander,False
CAMPETROL,ORG,spacy+override,P0453-S03,P0453,55,II. Comportamientos críticos nocivos para el Estado > Comportamiento 7. Pérdida de control territorial frente a economías criminales > Caso 44. Minas y Energía,Comportamiento 7. Pérdida de control territorial frente a economías criminales,CAMPETROL,False
Oil & Gas,ORG,spacy,P0453-S03,P0453,55,II. Comportamientos críticos nocivos para el Estado > Comportamiento 7. Pérdida de control territorial frente a economías criminales > Caso 44. Minas y Energía,Comportamiento 7. Pérdida de control territorial frente a economías criminales,Oil & Gas,False
ACP,ORG,spacy,P0453-S03,P0453,55,II. Comportamientos críticos nocivos para el Estado > Comportamiento 7. Pérdida de control territorial frente a economías criminales > Caso 44. Minas y Energía,Comportamiento 7. Pérdida de control territorial frente a economías criminales,ACP,False
Ecopetrol S.A,ORG,spacy,P0453-S03,P0453,55,II. Comportamientos críticos nocivos para el Estado > Comportamiento 7. Pérdida de control territorial frente a economías criminales > Caso 44. Minas y Energía,Comportamiento 7. Pérdida de control territorial frente a economías criminales,Ecopetrol S.A,True
CAMPETROL,ORG,spacy+override,P0453-S03,P0453,55,II. Comportamientos críticos nocivos para el Estado > Comportamiento 7. Pérdida de control territorial frente a economías criminales > Caso 44. Minas y Energía,Comportamiento 7. Pérdida de control territorial frente a economías criminales,CAMPETROL,False
Cartagena,GPE_LOC,spacy,P0453-S03,P0453,55,II. Comportamientos críticos nocivos para el Estado > Comportamiento 7. Pérdida de control territorial frente a economías criminales > Caso 44. Minas y Energía,Comportamiento 7. Pérdida de control territorial frente a economías criminales,Cartagena,False
Barrancabermeja,GPE_LOC,spacy,P0453-S03,P0453,55,II. Comportamientos críticos nocivos para el Estado > Comportamiento 7. Pérdida de control territorial frente a economías criminales > Caso 44. Minas y Energía,Comportamiento 7. Pérdida de control territorial frente a economías criminales,Barrancabermeja,False
UPME,ORG,spacy,P0453-S03,P0453,55,II. Comportamientos críticos nocivos para el Estado > Comportamiento 7. Pérdida de control territorial frente a economías criminales > Caso 44. Minas y Energía,Comportamiento 7. Pérdida de control territorial frente a economías criminales,Unidad de Planeación Minero Energética,True
ACP,ORG,spacy,P0453-S03,P0453,55,II. Comportamientos críticos nocivos para el Estado > Comportamiento 7. Pérdida de control territorial frente a economías criminales > Caso 44. Minas y Energía,Comportamiento 7. Pérdida de control territorial frente a economías criminales,ACP,False
Puerto Gaitán,GPE_LOC,spacy,P0454-S02,P0454,56,II. Comportamientos críticos nocivos para el Estado > Comportamiento 7. Pérdida de control territorial frente a economías criminales > Caso 44. Minas y Energía,Comportamiento 7. Pérdida de control territorial frente a economías criminales,Puerto Gaitán,False
Meta,GPE_LOC,spacy,P0454-S02,P0454,56,II. Comportamientos críticos nocivos para el Estado > Comportamiento 7. Pérdida de control territorial frente a economías criminales > Caso 44. Minas y Energía,Comportamiento 7. Pérdida de control territorial frente a economías criminales,Meta,False
Pueblo Nuevo,GPE_LOC,spacy,P0454-S02,P0454,56,II. Comportamientos críticos nocivos para el Estado > Comportamiento 7. Pérdida de control territorial frente a economías criminales > Caso 44. Minas y Energía,Comportamiento 7. Pérdida de control territorial frente a economías criminales,Pueblo Nuevo,False
Córdoba,GPE_LOC,spacy,P0454-S02,P0454,56,II. Comportamientos críticos nocivos para el Estado > Comportamiento 7. Pérdida de control territorial frente a economías criminales > Caso 44. Minas y Energía,Comportamiento 7. Pérdida de control territorial frente a economías criminales,Córdoba,False
Coello,GPE_LOC,spacy,P0454-S02,P0454,56,II. Comportamientos críticos nocivos para el Estado > Comportamiento 7. Pérdida de control territorial frente a economías criminales > Caso 44. Minas y Energía,Comportamiento 7. Pérdida de control territorial frente a economías criminales,Coello,False
Tolima,GPE_LOC,spacy,P0454-S02,P0454,56,II. Comportamientos críticos nocivos para el Estado > Comportamiento 7. Pérdida de control territorial frente a economías criminales > Caso 44. Minas y Energía,Comportamiento 7. Pérdida de control territorial frente a economías criminales,Tolima,False
Superintendencia de Industria y Comercio,ORG,spacy,P0455-S03,P0455,56,II. Comportamientos críticos nocivos para el Estado > Comportamiento 7. Pérdida de control territorial frente a economías criminales > Caso 44. Minas y Energía,Comportamiento 7. Pérdida de control territorial frente a economías criminales,Superintendencia de Industria y Comercio,True
Estado,GENERIC,spacy,P0456-S01,P0456,56,II. Comportamientos críticos nocivos para el Estado > Comportamiento 7. Pérdida de control territorial frente a economías criminales > Caso 44. Minas y Energía,Comportamiento 7. Pérdida de control territorial frente a economías criminales,Estado,False
Licencias Express,MISC,spacy,P0458-S01,P0458,56,II. Comportamientos críticos nocivos para el Estado > Comportamiento 7. Pérdida de control territorial frente a economías criminales > Caso 45. Justicia y Derecho,Comportamiento 7. Pérdida de control territorial frente a economías criminales,Licencias Express,False
Licencias Express,MISC,spacy,P0459-S01,P0459,56,II. Comportamientos críticos nocivos para el Estado > Comportamiento 7. Pérdida de control territorial frente a economías criminales > Caso 45. Justicia y Derecho,Comportamiento 7. Pérdida de control territorial frente a economías criminales,Licencias Express,False
Estado,GENERIC,spacy,P0460-S01,P0460,56,II. Comportamientos críticos nocivos para el Estado > Comportamiento 7. Pérdida de control territorial frente a economías criminales > Caso 45. Justicia y Derecho,Comportamiento 7. Pérdida de control territorial frente a economías criminales,Estado,False
Desarrollo Sostenible; Ciencia,GPE_LOC,spacy,P0463-S01,P0463,57,II. Comportamientos críticos nocivos para el Estado > Comportamiento 8. Fragmentación del Estado y fracaso de la conducción estratégica,Comportamiento 8. Fragmentación del Estado y fracaso de la conducción estratégica,Desarrollo Sostenible; Ciencia,False
Tecnología e Innovación,MISC,spacy,P0463-S01,P0463,57,II. Comportamientos críticos nocivos para el Estado > Comportamiento 8. Fragmentación del Estado y fracaso de la conducción estratégica,Comportamiento 8. Fragmentación del Estado y fracaso de la conducción estratégica,Tecnología e Innovación,False
Industria,GENERIC,spacy,P0463-S01,P0463,57,II. Comportamientos críticos nocivos para el Estado > Comportamiento 8. Fragmentación del Estado y fracaso de la conducción estratégica,Comportamiento 8. Fragmentación del Estado y fracaso de la conducción estratégica,Industria,False
Turismo; Cultura,GPE_LOC,spacy,P0463-S01,P0463,57,II. Comportamientos críticos nocivos para el Estado > Comportamiento 8. Fragmentación del Estado y fracaso de la conducción estratégica,Comportamiento 8. Fragmentación del Estado y fracaso de la conducción estratégica,Turismo; Cultura,False
Educación,GENERIC,spacy,P0463-S01,P0463,57,II. Comportamientos críticos nocivos para el Estado > Comportamiento 8. Fragmentación del Estado y fracaso de la conducción estratégica,Comportamiento 8. Fragmentación del Estado y fracaso de la conducción estratégica,Educación,False
Minas,GENERIC,spacy,P0463-S01,P0463,57,II. Comportamientos críticos nocivos para el Estado > Comportamiento 8. Fragmentación del Estado y fracaso de la conducción estratégica,Comportamiento 8. Fragmentación del Estado y fracaso de la conducción estratégica,Minas,False
Energía,GENERIC,spacy,P0463-S01,P0463,57,II. Comportamientos críticos nocivos para el Estado > Comportamiento 8. Fragmentación del Estado y fracaso de la conducción estratégica,Comportamiento 8. Fragmentación del Estado y fracaso de la conducción estratégica,Energía,False
"16,8%",PERCENT,regex,P0465-S01,P0465,57,II. Comportamientos críticos nocivos para el Estado > Comportamiento 8. Fragmentación del Estado y fracaso de la conducción estratégica > Caso 46. Minas y Energía,Comportamiento 8. Fragmentación del Estado y fracaso de la conducción estratégica,"16,8%",False
junio de 2026,DATE,regex,P0466-S01,P0466,57,II. Comportamientos críticos nocivos para el Estado > Comportamiento 8. Fragmentación del Estado y fracaso de la conducción estratégica > Caso 46. Minas y Energía,Comportamiento 8. Fragmentación del Estado y fracaso de la conducción estratégica,junio de 2026,False
"14,1%",PERCENT,regex,P0466-S01,P0466,57,II. Comportamientos críticos nocivos para el Estado > Comportamiento 8. Fragmentación del Estado y fracaso de la conducción estratégica > Caso 46. Minas y Energía,Comportamiento 8. Fragmentación del Estado y fracaso de la conducción estratégica,"14,1%",False
KBPD,ORG,spacy,P0466-S01,P0466,57,II. Comportamientos críticos nocivos para el Estado > Comportamiento 8. Fragmentación del Estado y fracaso de la conducción estratégica > Caso 46. Minas y Energía,Comportamiento 8. Fragmentación del Estado y fracaso de la conducción estratégica,KBPD,False
2025,DATE,regex,P0466-S02,P0466,57,II. Comportamientos críticos nocivos para el Estado > Comportamiento 8. Fragmentación del Estado y fracaso de la conducción estratégica > Caso 46. Minas y Energía,Comportamiento 8. Fragmentación del Estado y fracaso de la conducción estratégica,2025,False
2013,DATE,regex,P0466-S02,P0466,57,II. Comportamientos críticos nocivos para el Estado > Comportamiento 8. Fragmentación del Estado y fracaso de la conducción estratégica > Caso 46. Minas y Energía,Comportamiento 8. Fragmentación del Estado y fracaso de la conducción estratégica,2013,False
"17,1%",PERCENT,regex,P0466-S02,P0466,57,II. Comportamientos críticos nocivos para el Estado > Comportamiento 8. Fragmentación del Estado y fracaso de la conducción estratégica > Caso 46. Minas y Energía,Comportamiento 8. Fragmentación del Estado y fracaso de la conducción estratégica,"17,1%",False
KBPD,ORG,spacy,P0466-S02,P0466,57,II. Comportamientos críticos nocivos para el Estado > Comportamiento 8. Fragmentación del Estado y fracaso de la conducción estratégica > Caso 46. Minas y Energía,Comportamiento 8. Fragmentación del Estado y fracaso de la conducción estratégica,KBPD,False
"16,8%",PERCENT,regex,P0466-S03,P0466,57,II. Comportamientos críticos nocivos para el Estado > Comportamiento 8. Fragmentación del Estado y fracaso de la conducción estratégica > Caso 46. Minas y Energía,Comportamiento 8. Fragmentación del Estado y fracaso de la conducción estratégica,"16,8%",False
2025,DATE,regex,P0466-S04,P0466,57,II. Comportamientos críticos nocivos para el Estado > Comportamiento 8. Fragmentación del Estado y fracaso de la conducción estratégica > Caso 46. Minas y Energía,Comportamiento 8. Fragmentación del Estado y fracaso de la conducción estratégica,2025,False
80%,PERCENT,regex,P0466-S04,P0466,57,II. Comportamientos críticos nocivos para el Estado > Comportamiento 8. Fragmentación del Estado y fracaso de la conducción estratégica > Caso 46. Minas y Energía,Comportamiento 8. Fragmentación del Estado y fracaso de la conducción estratégica,80%,False
"32,0%",PERCENT,regex,P0466-S04,P0466,57,II. Comportamientos críticos nocivos para el Estado > Comportamiento 8. Fragmentación del Estado y fracaso de la conducción estratégica > Caso 46. Minas y Energía,Comportamiento 8. Fragmentación del Estado y fracaso de la conducción estratégica,"32,0%",False
"30,8%",PERCENT,regex,P0466-S04,P0466,57,II. Comportamientos críticos nocivos para el Estado > Comportamiento 8. Fragmentación del Estado y fracaso de la conducción estratégica > Caso 46. Minas y Energía,Comportamiento 8. Fragmentación del Estado y fracaso de la conducción estratégica,"30,8%",False
Cusiana,GPE_LOC,spacy,P0466-S04,P0466,57,II. Comportamientos críticos nocivos para el Estado > Comportamiento 8. Fragmentación del Estado y fracaso de la conducción estratégica > Caso 46. Minas y Energía,Comportamiento 8. Fragmentación del Estado y fracaso de la conducción estratégica,Cusiana,False
Clarinete,GPE_LOC,spacy,P0466-S04,P0466,57,II. Comportamientos críticos nocivos para el Estado > Comportamiento 8. Fragmentación del Estado y fracaso de la conducción estratégica > Caso 46. Minas y Energía,Comportamiento 8. Fragmentación del Estado y fracaso de la conducción estratégica,Clarinete,False
2014,DATE,regex,P0466-S05,P0466,57,II. Comportamientos críticos nocivos para el Estado > Comportamiento 8. Fragmentación del Estado y fracaso de la conducción estratégica > Caso 46. Minas y Energía,Comportamiento 8. Fragmentación del Estado y fracaso de la conducción estratégica,2014,False
2024,DATE,regex,P0466-S05,P0466,57,II. Comportamientos críticos nocivos para el Estado > Comportamiento 8. Fragmentación del Estado y fracaso de la conducción estratégica > Caso 46. Minas y Energía,Comportamiento 8. Fragmentación del Estado y fracaso de la conducción estratégica,2024,False
USD 8.390 millones,MONEY,regex,P0466-S05,P0466,57,II. Comportamientos críticos nocivos para el Estado > Comportamiento 8. Fragmentación del Estado y fracaso de la conducción estratégica > Caso 46. Minas y Energía,Comportamiento 8. Fragmentación del Estado y fracaso de la conducción estratégica,USD 8.390 millones,False
USD 4.330 millones,MONEY,regex,P0466-S05,P0466,57,II. Comportamientos críticos nocivos para el Estado > Comportamiento 8. Fragmentación del Estado y fracaso de la conducción estratégica > Caso 46. Minas y Energía,Comportamiento 8. Fragmentación del Estado y fracaso de la conducción estratégica,USD 4.330 millones,False
USD 4.060 millones,MONEY,regex,P0466-S05,P0466,57,II. Comportamientos críticos nocivos para el Estado > Comportamiento 8. Fragmentación del Estado y fracaso de la conducción estratégica > Caso 46. Minas y Energía,Comportamiento 8. Fragmentación del Estado y fracaso de la conducción estratégica,USD 4.060 millones,False
"48,4%",PERCENT,regex,P0466-S05,P0466,57,II. Comportamientos críticos nocivos para el Estado > Comportamiento 8. Fragmentación del Estado y fracaso de la conducción estratégica > Caso 46. Minas y Energía,Comportamiento 8. Fragmentación del Estado y fracaso de la conducción estratégica,"48,4%",False
E&P,ORG,spacy,P0466-S05,P0466,57,II. Comportamientos críticos nocivos para el Estado > Comportamiento 8. Fragmentación del Estado y fracaso de la conducción estratégica > Caso 46. Minas y Energía,Comportamiento 8. Fragmentación del Estado y fracaso de la conducción estratégica,exploración y producción,False
noviembre de 2022,DATE,regex,P0466-S06,P0466,57,II. Comportamientos críticos nocivos para el Estado > Comportamiento 8. Fragmentación del Estado y fracaso de la conducción estratégica > Caso 46. Minas y Energía,Comportamiento 8. Fragmentación del Estado y fracaso de la conducción estratégica,noviembre de 2022,False
junio de 2026,DATE,regex,P0466-S06,P0466,57,II. Comportamientos críticos nocivos para el Estado > Comportamiento 8. Fragmentación del Estado y fracaso de la conducción estratégica > Caso 46. Minas y Energía,Comportamiento 8. Fragmentación del Estado y fracaso de la conducción estratégica,junio de 2026,False
2012,DATE,regex,P0466-S06,P0466,57,II. Comportamientos críticos nocivos para el Estado > Comportamiento 8. Fragmentación del Estado y fracaso de la conducción estratégica > Caso 46. Minas y Energía,Comportamiento 8. Fragmentación del Estado y fracaso de la conducción estratégica,2012,False
2025,DATE,regex,P0466-S06,P0466,57,II. Comportamientos críticos nocivos para el Estado > Comportamiento 8. Fragmentación del Estado y fracaso de la conducción estratégica > Caso 46. Minas y Energía,Comportamiento 8. Fragmentación del Estado y fracaso de la conducción estratégica,2025,False
"48,3%",PERCENT,regex,P0466-S06,P0466,57,II. Comportamientos críticos nocivos para el Estado > Comportamiento 8. Fragmentación del Estado y fracaso de la conducción estratégica > Caso 46. Minas y Energía,Comportamiento 8. Fragmentación del Estado y fracaso de la conducción estratégica,"48,3%",False
"65,6%",PERCENT,regex,P0466-S06,P0466,57,II. Comportamientos críticos nocivos para el Estado > Comportamiento 8. Fragmentación del Estado y fracaso de la conducción estratégica > Caso 46. Minas y Energía,Comportamiento 8. Fragmentación del Estado y fracaso de la conducción estratégica,"65,6%",False
2022,DATE,regex,P0467-S01,P0467,57,II. Comportamientos críticos nocivos para el Estado > Comportamiento 8. Fragmentación del Estado y fracaso de la conducción estratégica > Caso 46. Minas y Energía,Comportamiento 8. Fragmentación del Estado y fracaso de la conducción estratégica,2022,False
Colombia,GPE_LOC,spacy,P0467-S01,P0467,57,II. Comportamientos críticos nocivos para el Estado > Comportamiento 8. Fragmentación del Estado y fracaso de la conducción estratégica > Caso 46. Minas y Energía,Comportamiento 8. Fragmentación del Estado y fracaso de la conducción estratégica,Colombia,False
Contratos de Exploración y Producción,ORG,spacy,P0467-S01,P0467,57,II. Comportamientos críticos nocivos para el Estado > Comportamiento 8. Fragmentación del Estado y fracaso de la conducción estratégica > Caso 46. Minas y Energía,Comportamiento 8. Fragmentación del Estado y fracaso de la conducción estratégica,Contratos de Exploración y Producción,False
E&P,ORG,spacy,P0467-S01,P0467,57,II. Comportamientos críticos nocivos para el Estado > Comportamiento 8. Fragmentación del Estado y fracaso de la conducción estratégica > Caso 46. Minas y Energía,Comportamiento 8. Fragmentación del Estado y fracaso de la conducción estratégica,exploración y producción,False
Agencia Nacional de Hidrocarburos,ORG,spacy,P0467-S02,P0467,57,II. Comportamientos críticos nocivos para el Estado > Comportamiento 8. Fragmentación del Estado y fracaso de la conducción estratégica > Caso 46. Minas y Energía,Comportamiento 8. Fragmentación del Estado y fracaso de la conducción estratégica,Agencia Nacional de Hidrocarburos,True
ANH,ORG,spacy,P0467-S02,P0467,57,II. Comportamientos críticos nocivos para el Estado > Comportamiento 8. Fragmentación del Estado y fracaso de la conducción estratégica > Caso 46. Minas y Energía,Comportamiento 8. Fragmentación del Estado y fracaso de la conducción estratégica,Agencia Nacional de Hidrocarburos,True
Colombia,GPE_LOC,spacy,P0467-S04,P0467,57,II. Comportamientos críticos nocivos para el Estado > Comportamiento 8. Fragmentación del Estado y fracaso de la conducción estratégica > Caso 46. Minas y Energía,Comportamiento 8. Fragmentación del Estado y fracaso de la conducción estratégica,Colombia,False
2025,DATE,regex,P0468-S01,P0468,57,II. Comportamientos críticos nocivos para el Estado > Comportamiento 8. Fragmentación del Estado y fracaso de la conducción estratégica > Caso 46. Minas y Energía,Comportamiento 8. Fragmentación del Estado y fracaso de la conducción estratégica,2025,False
US$660 millones,MONEY,regex,P0468-S01,P0468,57,II. Comportamientos críticos nocivos para el Estado > Comportamiento 8. Fragmentación del Estado y fracaso de la conducción estratégica > Caso 46. Minas y Energía,Comportamiento 8. Fragmentación del Estado y fracaso de la conducción estratégica,US$660 millones,False
"$2,7 billones de pesos",MONEY,regex,P0468-S01,P0468,57,II. Comportamientos críticos nocivos para el Estado > Comportamiento 8. Fragmentación del Estado y fracaso de la conducción estratégica > Caso 46. Minas y Energía,Comportamiento 8. Fragmentación del Estado y fracaso de la conducción estratégica,"$2,7 billones de pesos",False
CAMPETROL,ORG,spacy+override,P0468-S01,P0468,57,II. Comportamientos críticos nocivos para el Estado > Comportamiento 8. Fragmentación del Estado y fracaso de la conducción estratégica > Caso 46. Minas y Energía,Comportamiento 8. Fragmentación del Estado y fracaso de la conducción estratégica,CAMPETROL,False
3 de agosto de 2026,DATE,regex,P0468-S04,P0468,57,II. Comportamientos críticos nocivos para el Estado > Comportamiento 8. Fragmentación del Estado y fracaso de la conducción estratégica > Caso 46. Minas y Energía,Comportamiento 8. Fragmentación del Estado y fracaso de la conducción estratégica,3 de agosto de 2026,False
2025,DATE,regex,P0468-S04,P0468,57,II. Comportamientos críticos nocivos para el Estado > Comportamiento 8. Fragmentación del Estado y fracaso de la conducción estratégica > Caso 46. Minas y Energía,Comportamiento 8. Fragmentación del Estado y fracaso de la conducción estratégica,2025,False
12 de febrero de 2026,DATE,regex,P0468-S04,P0468,57,II. Comportamientos críticos nocivos para el Estado > Comportamiento 8. Fragmentación del Estado y fracaso de la conducción estratégica > Caso 46. Minas y Energía,Comportamiento 8. Fragmentación del Estado y fracaso de la conducción estratégica,12 de febrero de 2026,False
11 de febrero de 2026,DATE,regex,P0468-S04,P0468,57,II. Comportamientos críticos nocivos para el Estado > Comportamiento 8. Fragmentación del Estado y fracaso de la conducción estratégica > Caso 46. Minas y Energía,Comportamiento 8. Fragmentación del Estado y fracaso de la conducción estratégica,11 de febrero de 2026,False
2025,DATE,regex,P0468-S04,P0468,57,II. Comportamientos críticos nocivos para el Estado > Comportamiento 8. Fragmentación del Estado y fracaso de la conducción estratégica > Caso 46. Minas y Energía,Comportamiento 8. Fragmentación del Estado y fracaso de la conducción estratégica,2025,False
2025,DATE,regex,P0468-S04,P0468,57,II. Comportamientos críticos nocivos para el Estado > Comportamiento 8. Fragmentación del Estado y fracaso de la conducción estratégica > Caso 46. Minas y Energía,Comportamiento 8. Fragmentación del Estado y fracaso de la conducción estratégica,2025,False
23 de junio de 2026,DATE,regex,P0468-S04,P0468,57,II. Comportamientos críticos nocivos para el Estado > Comportamiento 8. Fragmentación del Estado y fracaso de la conducción estratégica > Caso 46. Minas y Energía,Comportamiento 8. Fragmentación del Estado y fracaso de la conducción estratégica,23 de junio de 2026,False
CAMPETROL,ORG,spacy+override,P0468-S04,P0468,57,II. Comportamientos críticos nocivos para el Estado > Comportamiento 8. Fragmentación del Estado y fracaso de la conducción estratégica > Caso 46. Minas y Energía,Comportamiento 8. Fragmentación del Estado y fracaso de la conducción estratégica,CAMPETROL,False
Edición N°,MISC,spacy,P0468-S04,P0468,57,II. Comportamientos críticos nocivos para el Estado > Comportamiento 8. Fragmentación del Estado y fracaso de la conducción estratégica > Caso 46. Minas y Energía,Comportamiento 8. Fragmentación del Estado y fracaso de la conducción estratégica,Edición N°,False
CAMPETROL,ORG,spacy+override,P0468-S04,P0468,57,II. Comportamientos críticos nocivos para el Estado > Comportamiento 8. Fragmentación del Estado y fracaso de la conducción estratégica > Caso 46. Minas y Energía,Comportamiento 8. Fragmentación del Estado y fracaso de la conducción estratégica,CAMPETROL,False
CAMPETROL,ORG,spacy+override,P0468-S04,P0468,57,II. Comportamientos críticos nocivos para el Estado > Comportamiento 8. Fragmentación del Estado y fracaso de la conducción estratégica > Caso 46. Minas y Energía,Comportamiento 8. Fragmentación del Estado y fracaso de la conducción estratégica,CAMPETROL,False
CAMPETROL,ORG,spacy+override,P0468-S04,P0468,57,II. Comportamientos críticos nocivos para el Estado > Comportamiento 8. Fragmentación del Estado y fracaso de la conducción estratégica > Caso 46. Minas y Energía,Comportamiento 8. Fragmentación del Estado y fracaso de la conducción estratégica,CAMPETROL,False
ANH,ORG,spacy,P0468-S04,P0468,57,II. Comportamientos críticos nocivos para el Estado > Comportamiento 8. Fragmentación del Estado y fracaso de la conducción estratégica > Caso 46. Minas y Energía,Comportamiento 8. Fragmentación del Estado y fracaso de la conducción estratégica,Agencia Nacional de Hidrocarburos,True
Agencia Nacional de Hidrocarburos,ORG,spacy,P0468-S04,P0468,57,II. Comportamientos críticos nocivos para el Estado > Comportamiento 8. Fragmentación del Estado y fracaso de la conducción estratégica > Caso 46. Minas y Energía,Comportamiento 8. Fragmentación del Estado y fracaso de la conducción estratégica,Agencia Nacional de Hidrocarburos,True
Ministerio de Minas,GPE_LOC,spacy,P0468-S04,P0468,57,II. Comportamientos críticos nocivos para el Estado > Comportamiento 8. Fragmentación del Estado y fracaso de la conducción estratégica > Caso 46. Minas y Energía,Comportamiento 8. Fragmentación del Estado y fracaso de la conducción estratégica,Ministerio de Minas,True
Energía,GENERIC,spacy,P0468-S04,P0468,57,II. Comportamientos críticos nocivos para el Estado > Comportamiento 8. Fragmentación del Estado y fracaso de la conducción estratégica > Caso 46. Minas y Energía,Comportamiento 8. Fragmentación del Estado y fracaso de la conducción estratégica,Energía,False
Informe de Recursos,ORG,spacy,P0468-S04,P0468,57,II. Comportamientos críticos nocivos para el Estado > Comportamiento 8. Fragmentación del Estado y fracaso de la conducción estratégica > Caso 46. Minas y Energía,Comportamiento 8. Fragmentación del Estado y fracaso de la conducción estratégica,Informe de Recursos,False
Reservas 2025,GPE_LOC,spacy,P0468-S04,P0468,57,II. Comportamientos críticos nocivos para el Estado > Comportamiento 8. Fragmentación del Estado y fracaso de la conducción estratégica > Caso 46. Minas y Energía,Comportamiento 8. Fragmentación del Estado y fracaso de la conducción estratégica,Reservas 2025,False
IRR,ORG,spacy,P0468-S04,P0468,57,II. Comportamientos críticos nocivos para el Estado > Comportamiento 8. Fragmentación del Estado y fracaso de la conducción estratégica > Caso 46. Minas y Energía,Comportamiento 8. Fragmentación del Estado y fracaso de la conducción estratégica,IRR,False
2025,DATE,regex,P0468-S05,P0468,57,II. Comportamientos críticos nocivos para el Estado > Comportamiento 8. Fragmentación del Estado y fracaso de la conducción estratégica > Caso 46. Minas y Energía,Comportamiento 8. Fragmentación del Estado y fracaso de la conducción estratégica,2025,False
12 de febrero de 2026,DATE,regex,P0468-S05,P0468,57,II. Comportamientos críticos nocivos para el Estado > Comportamiento 8. Fragmentación del Estado y fracaso de la conducción estratégica > Caso 46. Minas y Energía,Comportamiento 8. Fragmentación del Estado y fracaso de la conducción estratégica,12 de febrero de 2026,False
2025,DATE,regex,P0468-S05,P0468,57,II. Comportamientos críticos nocivos para el Estado > Comportamiento 8. Fragmentación del Estado y fracaso de la conducción estratégica > Caso 46. Minas y Energía,Comportamiento 8. Fragmentación del Estado y fracaso de la conducción estratégica,2025,False
12 de febrero de 2026,DATE,regex,P0468-S05,P0468,57,II. Comportamientos críticos nocivos para el Estado > Comportamiento 8. Fragmentación del Estado y fracaso de la conducción estratégica > Caso 46. Minas y Energía,Comportamiento 8. Fragmentación del Estado y fracaso de la conducción estratégica,12 de febrero de 2026,False
3 de junio de 2025,DATE,regex,P0468-S05,P0468,57,II. Comportamientos críticos nocivos para el Estado > Comportamiento 8. Fragmentación del Estado y fracaso de la conducción estratégica > Caso 46. Minas y Energía,Comportamiento 8. Fragmentación del Estado y fracaso de la conducción estratégica,3 de junio de 2025,False
https://www.anh.gov.co/es/noticias/colombia-mantiene-estables-sus-reservas-de-petroleo-y-gas-y-fortalece-su-seguridad-energetica/,GPE_LOC,spacy,P0468-S05,P0468,57,II. Comportamientos críticos nocivos para el Estado > Comportamiento 8. Fragmentación del Estado y fracaso de la conducción estratégica > Caso 46. Minas y Energía,Comportamiento 8. Fragmentación del Estado y fracaso de la conducción estratégica,https://www.anh.gov.co/es/noticias/colombia-mantiene-estables-sus-reservas-de-petroleo-y-gas-y-fortalece-su-seguridad-energetica/,True
CAMPETROL,ORG,spacy+override,P0468-S05,P0468,57,II. Comportamientos críticos nocivos para el Estado > Comportamiento 8. Fragmentación del Estado y fracaso de la conducción estratégica > Caso 46. Minas y Energía,Comportamiento 8. Fragmentación del Estado y fracaso de la conducción estratégica,CAMPETROL,False
CAMPETROL,ORG,spacy+override,P0468-S05,P0468,57,II. Comportamientos críticos nocivos para el Estado > Comportamiento 8. Fragmentación del Estado y fracaso de la conducción estratégica > Caso 46. Minas y Energía,Comportamiento 8. Fragmentación del Estado y fracaso de la conducción estratégica,CAMPETROL,False
Grupo Bancolombia,ORG,spacy,P0468-S05,P0468,57,II. Comportamientos críticos nocivos para el Estado > Comportamiento 8. Fragmentación del Estado y fracaso de la conducción estratégica > Caso 46. Minas y Energía,Comportamiento 8. Fragmentación del Estado y fracaso de la conducción estratégica,Grupo Bancolombia,False
Actualización,MISC,spacy,P0468-S05,P0468,57,II. Comportamientos críticos nocivos para el Estado > Comportamiento 8. Fragmentación del Estado y fracaso de la conducción estratégica > Caso 46. Minas y Energía,Comportamiento 8. Fragmentación del Estado y fracaso de la conducción estratégica,Actualización,False
Colombia,GPE_LOC,spacy,P0468-S05,P0468,57,II. Comportamientos críticos nocivos para el Estado > Comportamiento 8. Fragmentación del Estado y fracaso de la conducción estratégica > Caso 46. Minas y Energía,Comportamiento 8. Fragmentación del Estado y fracaso de la conducción estratégica,Colombia,False
https://blog.bancolombia,MISC,spacy,P0468-S06,P0468,57,II. Comportamientos críticos nocivos para el Estado > Comportamiento 8. Fragmentación del Estado y fracaso de la conducción estratégica > Caso 46. Minas y Energía,Comportamiento 8. Fragmentación del Estado y fracaso de la conducción estratégica,https://blog.bancolombia,False
com,ORG,spacy,P0468-S07,P0468,57,II. Comportamientos críticos nocivos para el Estado > Comportamiento 8. Fragmentación del Estado y fracaso de la conducción estratégica > Caso 46. Minas y Energía,Comportamiento 8. Fragmentación del Estado y fracaso de la conducción estratégica,com,False
2025,DATE,regex,P0469-S01,P0469,58,II. Comportamientos críticos nocivos para el Estado > Comportamiento 8. Fragmentación del Estado y fracaso de la conducción estratégica > Caso 46. Minas y Energía,Comportamiento 8. Fragmentación del Estado y fracaso de la conducción estratégica,2025,False
2023,DATE,regex,P0469-S01,P0469,58,II. Comportamientos críticos nocivos para el Estado > Comportamiento 8. Fragmentación del Estado y fracaso de la conducción estratégica > Caso 46. Minas y Energía,Comportamiento 8. Fragmentación del Estado y fracaso de la conducción estratégica,2023,False
"2,6 %",PERCENT,regex,P0469-S01,P0469,58,II. Comportamientos críticos nocivos para el Estado > Comportamiento 8. Fragmentación del Estado y fracaso de la conducción estratégica > Caso 46. Minas y Energía,Comportamiento 8. Fragmentación del Estado y fracaso de la conducción estratégica,"2,6 %",False
40 %,PERCENT,regex,P0469-S01,P0469,58,II. Comportamientos críticos nocivos para el Estado > Comportamiento 8. Fragmentación del Estado y fracaso de la conducción estratégica > Caso 46. Minas y Energía,Comportamiento 8. Fragmentación del Estado y fracaso de la conducción estratégica,40 %,False
Sistema General de Regalías,GPE_LOC,spacy,P0469-S01,P0469,58,II. Comportamientos críticos nocivos para el Estado > Comportamiento 8. Fragmentación del Estado y fracaso de la conducción estratégica > Caso 46. Minas y Energía,Comportamiento 8. Fragmentación del Estado y fracaso de la conducción estratégica,Sistema General de Regalías,False
SGR,ORG,spacy,P0469-S01,P0469,58,II. Comportamientos críticos nocivos para el Estado > Comportamiento 8. Fragmentación del Estado y fracaso de la conducción estratégica > Caso 46. Minas y Energía,Comportamiento 8. Fragmentación del Estado y fracaso de la conducción estratégica,Sistema General de Regalías,False
Caribe,GPE_LOC,spacy,P0471-S01,P0471,58,II. Comportamientos críticos nocivos para el Estado > Comportamiento 8. Fragmentación del Estado y fracaso de la conducción estratégica > Caso 47. Minas y Energía,Comportamiento 8. Fragmentación del Estado y fracaso de la conducción estratégica,Caribe,False
septiembre de 2024,DATE,regex,P0472-S01,P0472,58,II. Comportamientos críticos nocivos para el Estado > Comportamiento 8. Fragmentación del Estado y fracaso de la conducción estratégica > Caso 47. Minas y Energía,Comportamiento 8. Fragmentación del Estado y fracaso de la conducción estratégica,septiembre de 2024,False
2023,DATE,regex,P0472-S01,P0472,58,II. Comportamientos críticos nocivos para el Estado > Comportamiento 8. Fragmentación del Estado y fracaso de la conducción estratégica > Caso 47. Minas y Energía,Comportamiento 8. Fragmentación del Estado y fracaso de la conducción estratégica,2023,False
2025,DATE,regex,P0472-S01,P0472,58,II. Comportamientos críticos nocivos para el Estado > Comportamiento 8. Fragmentación del Estado y fracaso de la conducción estratégica > Caso 47. Minas y Energía,Comportamiento 8. Fragmentación del Estado y fracaso de la conducción estratégica,2025,False
"$2,22 billones",MONEY,regex,P0472-S01,P0472,58,II. Comportamientos críticos nocivos para el Estado > Comportamiento 8. Fragmentación del Estado y fracaso de la conducción estratégica > Caso 47. Minas y Energía,Comportamiento 8. Fragmentación del Estado y fracaso de la conducción estratégica,"$2,22 billones",False
$377.662 millones,MONEY,regex,P0472-S01,P0472,58,II. Comportamientos críticos nocivos para el Estado > Comportamiento 8. Fragmentación del Estado y fracaso de la conducción estratégica > Caso 47. Minas y Energía,Comportamiento 8. Fragmentación del Estado y fracaso de la conducción estratégica,$377.662 millones,False
"$2,59 billones",MONEY,regex,P0472-S01,P0472,58,II. Comportamientos críticos nocivos para el Estado > Comportamiento 8. Fragmentación del Estado y fracaso de la conducción estratégica > Caso 47. Minas y Energía,Comportamiento 8. Fragmentación del Estado y fracaso de la conducción estratégica,"$2,59 billones",False
Air-e,ORG,spacy+override,P0472-S01,P0472,58,II. Comportamientos críticos nocivos para el Estado > Comportamiento 8. Fragmentación del Estado y fracaso de la conducción estratégica > Caso 47. Minas y Energía,Comportamiento 8. Fragmentación del Estado y fracaso de la conducción estratégica,Air-e,False
Superintendencia de Servicios Públicos Domiciliarios,ORG,spacy,P0472-S01,P0472,58,II. Comportamientos críticos nocivos para el Estado > Comportamiento 8. Fragmentación del Estado y fracaso de la conducción estratégica > Caso 47. Minas y Energía,Comportamiento 8. Fragmentación del Estado y fracaso de la conducción estratégica,Superintendencia de Servicios Públicos Domiciliarios,True
SSPD,ORG,spacy,P0472-S01,P0472,58,II. Comportamientos críticos nocivos para el Estado > Comportamiento 8. Fragmentación del Estado y fracaso de la conducción estratégica > Caso 47. Minas y Energía,Comportamiento 8. Fragmentación del Estado y fracaso de la conducción estratégica,Superintendencia de Servicios Públicos Domiciliarios,True
"$2,69 billones",MONEY,regex,P0472-S03,P0472,58,II. Comportamientos críticos nocivos para el Estado > Comportamiento 8. Fragmentación del Estado y fracaso de la conducción estratégica > Caso 47. Minas y Energía,Comportamiento 8. Fragmentación del Estado y fracaso de la conducción estratégica,"$2,69 billones",False
Fiscalía,ORG,spacy,P0472-S05,P0472,58,II. Comportamientos críticos nocivos para el Estado > Comportamiento 8. Fragmentación del Estado y fracaso de la conducción estratégica > Caso 47. Minas y Energía,Comportamiento 8. Fragmentación del Estado y fracaso de la conducción estratégica,Fiscalía,True
$250.000 millones,MONEY,regex,P0472-S06,P0472,58,II. Comportamientos críticos nocivos para el Estado > Comportamiento 8. Fragmentación del Estado y fracaso de la conducción estratégica > Caso 47. Minas y Energía,Comportamiento 8. Fragmentación del Estado y fracaso de la conducción estratégica,$250.000 millones,False
2024,DATE,regex,P0472-S10,P0472,58,II. Comportamientos críticos nocivos para el Estado > Comportamiento 8. Fragmentación del Estado y fracaso de la conducción estratégica > Caso 47. Minas y Energía,Comportamiento 8. Fragmentación del Estado y fracaso de la conducción estratégica,2024,False
$148.530 millones,MONEY,regex,P0472-S10,P0472,58,II. Comportamientos críticos nocivos para el Estado > Comportamiento 8. Fragmentación del Estado y fracaso de la conducción estratégica > Caso 47. Minas y Energía,Comportamiento 8. Fragmentación del Estado y fracaso de la conducción estratégica,$148.530 millones,False
Atlántico,GPE_LOC,spacy,P0473-S01,P0473,58,II. Comportamientos críticos nocivos para el Estado > Comportamiento 8. Fragmentación del Estado y fracaso de la conducción estratégica > Caso 47. Minas y Energía,Comportamiento 8. Fragmentación del Estado y fracaso de la conducción estratégica,Atlántico,False
Magdalena,GPE_LOC,spacy,P0473-S01,P0473,58,II. Comportamientos críticos nocivos para el Estado > Comportamiento 8. Fragmentación del Estado y fracaso de la conducción estratégica > Caso 47. Minas y Energía,Comportamiento 8. Fragmentación del Estado y fracaso de la conducción estratégica,Magdalena,False
Guajira,GPE_LOC,spacy,P0473-S01,P0473,58,II. Comportamientos críticos nocivos para el Estado > Comportamiento 8. Fragmentación del Estado y fracaso de la conducción estratégica > Caso 47. Minas y Energía,Comportamiento 8. Fragmentación del Estado y fracaso de la conducción estratégica,Guajira,False
Air-e,ORG,spacy+override,P0473-S01,P0473,58,II. Comportamientos críticos nocivos para el Estado > Comportamiento 8. Fragmentación del Estado y fracaso de la conducción estratégica > Caso 47. Minas y Energía,Comportamiento 8. Fragmentación del Estado y fracaso de la conducción estratégica,Air-e,False
"10,8%",PERCENT,regex,P0473-S02,P0473,58,II. Comportamientos críticos nocivos para el Estado > Comportamiento 8. Fragmentación del Estado y fracaso de la conducción estratégica > Caso 47. Minas y Energía,Comportamiento 8. Fragmentación del Estado y fracaso de la conducción estratégica,"10,8%",False
Páramo de Santurbán,GPE_LOC,spacy,P0475-S01,P0475,58,II. Comportamientos críticos nocivos para el Estado > Comportamiento 8. Fragmentación del Estado y fracaso de la conducción estratégica > Caso 48. Ambiente y Desarrollo Sostenible,Comportamiento 8. Fragmentación del Estado y fracaso de la conducción estratégica,Páramo de Santurbán,False
Corte,ORG,spacy,P0475-S02,P0475,58,II. Comportamientos críticos nocivos para el Estado > Comportamiento 8. Fragmentación del Estado y fracaso de la conducción estratégica > Caso 48. Ambiente y Desarrollo Sostenible,Comportamiento 8. Fragmentación del Estado y fracaso de la conducción estratégica,Corte,True
2017,DATE,regex,P0476-S01,P0476,58,II. Comportamientos críticos nocivos para el Estado > Comportamiento 8. Fragmentación del Estado y fracaso de la conducción estratégica > Caso 48. Ambiente y Desarrollo Sostenible,Comportamiento 8. Fragmentación del Estado y fracaso de la conducción estratégica,2017,False
2026,DATE,regex,P0476-S01,P0476,58,II. Comportamientos críticos nocivos para el Estado > Comportamiento 8. Fragmentación del Estado y fracaso de la conducción estratégica > Caso 48. Ambiente y Desarrollo Sostenible,Comportamiento 8. Fragmentación del Estado y fracaso de la conducción estratégica,2026,False
2026,DATE,regex,P0476-S01,P0476,58,II. Comportamientos críticos nocivos para el Estado > Comportamiento 8. Fragmentación del Estado y fracaso de la conducción estratégica > Caso 48. Ambiente y Desarrollo Sostenible,Comportamiento 8. Fragmentación del Estado y fracaso de la conducción estratégica,2026,False
Sentencia T-361 de 2017,LAW,regex,P0476-S01,P0476,58,II. Comportamientos críticos nocivos para el Estado > Comportamiento 8. Fragmentación del Estado y fracaso de la conducción estratégica > Caso 48. Ambiente y Desarrollo Sostenible,Comportamiento 8. Fragmentación del Estado y fracaso de la conducción estratégica,Sentencia T-361 de 2017,False
Resolución 863 de 2026,LAW,regex,P0476-S01,P0476,58,II. Comportamientos críticos nocivos para el Estado > Comportamiento 8. Fragmentación del Estado y fracaso de la conducción estratégica > Caso 48. Ambiente y Desarrollo Sostenible,Comportamiento 8. Fragmentación del Estado y fracaso de la conducción estratégica,Resolución 863 de 2026,False
Resolución 992 de 2026,LAW,regex,P0476-S01,P0476,58,II. Comportamientos críticos nocivos para el Estado > Comportamiento 8. Fragmentación del Estado y fracaso de la conducción estratégica > Caso 48. Ambiente y Desarrollo Sostenible,Comportamiento 8. Fragmentación del Estado y fracaso de la conducción estratégica,Resolución 992 de 2026,False
Ministerio de Ambiente,GPE_LOC,spacy,P0476-S01,P0476,58,II. Comportamientos críticos nocivos para el Estado > Comportamiento 8. Fragmentación del Estado y fracaso de la conducción estratégica > Caso 48. Ambiente y Desarrollo Sostenible,Comportamiento 8. Fragmentación del Estado y fracaso de la conducción estratégica,Ministerio de Ambiente,True
Metodología Nacional de Delimitación Progresiva para los Páramos de Colombia,MISC,spacy,P0476-S01,P0476,58,II. Comportamientos críticos nocivos para el Estado > Comportamiento 8. Fragmentación del Estado y fracaso de la conducción estratégica > Caso 48. Ambiente y Desarrollo Sostenible,Comportamiento 8. Fragmentación del Estado y fracaso de la conducción estratégica,Metodología Nacional de Delimitación Progresiva para los Páramos de Colombia,False
Santurbán,GPE_LOC,spacy,P0476-S01,P0476,58,II. Comportamientos críticos nocivos para el Estado > Comportamiento 8. Fragmentación del Estado y fracaso de la conducción estratégica > Caso 48. Ambiente y Desarrollo Sostenible,Comportamiento 8. Fragmentación del Estado y fracaso de la conducción estratégica,Santurbán,False
2023,DATE,regex,P0476-S02,P0476,58,II. Comportamientos críticos nocivos para el Estado > Comportamiento 8. Fragmentación del Estado y fracaso de la conducción estratégica > Caso 48. Ambiente y Desarrollo Sostenible,Comportamiento 8. Fragmentación del Estado y fracaso de la conducción estratégica,2023,False
Ministerio,GENERIC,spacy,P0476-S02,P0476,58,II. Comportamientos críticos nocivos para el Estado > Comportamiento 8. Fragmentación del Estado y fracaso de la conducción estratégica > Caso 48. Ambiente y Desarrollo Sostenible,Comportamiento 8. Fragmentación del Estado y fracaso de la conducción estratégica,Ministerio,False
Tribunal de Santander,GPE_LOC,spacy,P0476-S02,P0476,58,II. Comportamientos críticos nocivos para el Estado > Comportamiento 8. Fragmentación del Estado y fracaso de la conducción estratégica > Caso 48. Ambiente y Desarrollo Sostenible,Comportamiento 8. Fragmentación del Estado y fracaso de la conducción estratégica,Tribunal de Santander,True
Fiscalía,ORG,spacy,P0477-S01,P0477,58,II. Comportamientos críticos nocivos para el Estado > Comportamiento 8. Fragmentación del Estado y fracaso de la conducción estratégica > Caso 48. Ambiente y Desarrollo Sostenible,Comportamiento 8. Fragmentación del Estado y fracaso de la conducción estratégica,Fiscalía,True
Suratá,GPE_LOC,spacy,P0477-S01,P0477,58,II. Comportamientos críticos nocivos para el Estado > Comportamiento 8. Fragmentación del Estado y fracaso de la conducción estratégica > Caso 48. Ambiente y Desarrollo Sostenible,Comportamiento 8. Fragmentación del Estado y fracaso de la conducción estratégica,Suratá,False
Santander,GPE_LOC,spacy,P0477-S01,P0477,58,II. Comportamientos críticos nocivos para el Estado > Comportamiento 8. Fragmentación del Estado y fracaso de la conducción estratégica > Caso 48. Ambiente y Desarrollo Sostenible,Comportamiento 8. Fragmentación del Estado y fracaso de la conducción estratégica,Santander,False
Norte de Santander,GPE_LOC,spacy,P0477-S01,P0477,58,II. Comportamientos críticos nocivos para el Estado > Comportamiento 8. Fragmentación del Estado y fracaso de la conducción estratégica > Caso 48. Ambiente y Desarrollo Sostenible,Comportamiento 8. Fragmentación del Estado y fracaso de la conducción estratégica,Norte de Santander,False
2026,DATE,regex,P0478-S01,P0478,58,II. Comportamientos críticos nocivos para el Estado > Comportamiento 8. Fragmentación del Estado y fracaso de la conducción estratégica > Caso 48. Ambiente y Desarrollo Sostenible,Comportamiento 8. Fragmentación del Estado y fracaso de la conducción estratégica,2026,False
Resolución 863 de 2026,LAW,regex,P0478-S01,P0478,58,II. Comportamientos críticos nocivos para el Estado > Comportamiento 8. Fragmentación del Estado y fracaso de la conducción estratégica > Caso 48. Ambiente y Desarrollo Sostenible,Comportamiento 8. Fragmentación del Estado y fracaso de la conducción estratégica,Resolución 863 de 2026,False
Corte Constitucional,ORG,spacy,P0478-S01,P0478,58,II. Comportamientos críticos nocivos para el Estado > Comportamiento 8. Fragmentación del Estado y fracaso de la conducción estratégica > Caso 48. Ambiente y Desarrollo Sostenible,Comportamiento 8. Fragmentación del Estado y fracaso de la conducción estratégica,Corte Constitucional,True
2023,DATE,regex,P0478-S02,P0478,59,II. Comportamientos críticos nocivos para el Estado > Comportamiento 8. Fragmentación del Estado y fracaso de la conducción estratégica > Caso 48. Ambiente y Desarrollo Sostenible,Comportamiento 8. Fragmentación del Estado y fracaso de la conducción estratégica,2023,False
Ministerio,GENERIC,spacy,P0478-S02,P0478,59,II. Comportamientos críticos nocivos para el Estado > Comportamiento 8. Fragmentación del Estado y fracaso de la conducción estratégica > Caso 48. Ambiente y Desarrollo Sostenible,Comportamiento 8. Fragmentación del Estado y fracaso de la conducción estratégica,Ministerio,False
Santurbán,GPE_LOC,spacy,P0479-S01,P0479,59,II. Comportamientos críticos nocivos para el Estado > Comportamiento 8. Fragmentación del Estado y fracaso de la conducción estratégica > Caso 48. Ambiente y Desarrollo Sostenible,Comportamiento 8. Fragmentación del Estado y fracaso de la conducción estratégica,Santurbán,False
Santanderes,GPE_LOC,spacy,P0479-S02,P0479,59,II. Comportamientos críticos nocivos para el Estado > Comportamiento 8. Fragmentación del Estado y fracaso de la conducción estratégica > Caso 48. Ambiente y Desarrollo Sostenible,Comportamiento 8. Fragmentación del Estado y fracaso de la conducción estratégica,Santanderes,False
$109.000 millones,MONEY,regex,P0481-S01,P0481,59,"II. Comportamientos críticos nocivos para el Estado > Comportamiento 8. Fragmentación del Estado y fracaso de la conducción estratégica > Caso 49. Ciencia, Tecnología e Innovación",Comportamiento 8. Fragmentación del Estado y fracaso de la conducción estratégica,$109.000 millones,False
0%,PERCENT,regex,P0481-S01,P0481,59,"II. Comportamientos críticos nocivos para el Estado > Comportamiento 8. Fragmentación del Estado y fracaso de la conducción estratégica > Caso 49. Ciencia, Tecnología e Innovación",Comportamiento 8. Fragmentación del Estado y fracaso de la conducción estratégica,0%,False
2001,DATE,regex,P0482-S01,P0482,59,"II. Comportamientos críticos nocivos para el Estado > Comportamiento 8. Fragmentación del Estado y fracaso de la conducción estratégica > Caso 49. Ciencia, Tecnología e Innovación",Comportamiento 8. Fragmentación del Estado y fracaso de la conducción estratégica,2001,False
7%,PERCENT,regex,P0482-S01,P0482,59,"II. Comportamientos críticos nocivos para el Estado > Comportamiento 8. Fragmentación del Estado y fracaso de la conducción estratégica > Caso 49. Ciencia, Tecnología e Innovación",Comportamiento 8. Fragmentación del Estado y fracaso de la conducción estratégica,7%,False
Ley 643 de 2001,LAW,regex,P0482-S01,P0482,59,"II. Comportamientos críticos nocivos para el Estado > Comportamiento 8. Fragmentación del Estado y fracaso de la conducción estratégica > Caso 49. Ciencia, Tecnología e Innovación",Comportamiento 8. Fragmentación del Estado y fracaso de la conducción estratégica,Ley 643 de 2001,False
Fondo de Investigación en Salud,ORG,spacy,P0482-S01,P0482,59,"II. Comportamientos críticos nocivos para el Estado > Comportamiento 8. Fragmentación del Estado y fracaso de la conducción estratégica > Caso 49. Ciencia, Tecnología e Innovación",Comportamiento 8. Fragmentación del Estado y fracaso de la conducción estratégica,Fondo de Investigación en Salud,True
2026,DATE,regex,P0484-S01,P0484,59,"II. Comportamientos críticos nocivos para el Estado > Comportamiento 8. Fragmentación del Estado y fracaso de la conducción estratégica > Caso 49. Ciencia, Tecnología e Innovación",Comportamiento 8. Fragmentación del Estado y fracaso de la conducción estratégica,2026,False
$109.000 millones,MONEY,regex,P0484-S01,P0484,59,"II. Comportamientos críticos nocivos para el Estado > Comportamiento 8. Fragmentación del Estado y fracaso de la conducción estratégica > Caso 49. Ciencia, Tecnología e Innovación",Comportamiento 8. Fragmentación del Estado y fracaso de la conducción estratégica,$109.000 millones,False
15 de julio,DATE,regex,P0484-S02,P0484,59,"II. Comportamientos críticos nocivos para el Estado > Comportamiento 8. Fragmentación del Estado y fracaso de la conducción estratégica > Caso 49. Ciencia, Tecnología e Innovación",Comportamiento 8. Fragmentación del Estado y fracaso de la conducción estratégica,15 de julio,False
27 de agosto,DATE,regex,P0484-S02,P0484,59,"II. Comportamientos críticos nocivos para el Estado > Comportamiento 8. Fragmentación del Estado y fracaso de la conducción estratégica > Caso 49. Ciencia, Tecnología e Innovación",Comportamiento 8. Fragmentación del Estado y fracaso de la conducción estratégica,27 de agosto,False
30 de junio,DATE,regex,P0484-S02,P0484,59,"II. Comportamientos críticos nocivos para el Estado > Comportamiento 8. Fragmentación del Estado y fracaso de la conducción estratégica > Caso 49. Ciencia, Tecnología e Innovación",Comportamiento 8. Fragmentación del Estado y fracaso de la conducción estratégica,30 de junio,False
0%,PERCENT,regex,P0484-S02,P0484,59,"II. Comportamientos críticos nocivos para el Estado > Comportamiento 8. Fragmentación del Estado y fracaso de la conducción estratégica > Caso 49. Ciencia, Tecnología e Innovación",Comportamiento 8. Fragmentación del Estado y fracaso de la conducción estratégica,0%,False
31 de diciembre,DATE,regex,P0485-S01,P0485,59,"II. Comportamientos críticos nocivos para el Estado > Comportamiento 8. Fragmentación del Estado y fracaso de la conducción estratégica > Caso 49. Ciencia, Tecnología e Innovación",Comportamiento 8. Fragmentación del Estado y fracaso de la conducción estratégica,31 de diciembre,False
$798.082 millones,MONEY,regex,P0487-S01,P0487,59,"II. Comportamientos críticos nocivos para el Estado > Comportamiento 8. Fragmentación del Estado y fracaso de la conducción estratégica > Caso 50. Comercio, Industria y Turismo",Comportamiento 8. Fragmentación del Estado y fracaso de la conducción estratégica,$798.082 millones,False
"84,3%",PERCENT,regex,P0487-S01,P0487,59,"II. Comportamientos críticos nocivos para el Estado > Comportamiento 8. Fragmentación del Estado y fracaso de la conducción estratégica > Caso 50. Comercio, Industria y Turismo",Comportamiento 8. Fragmentación del Estado y fracaso de la conducción estratégica,"84,3%",False
"22,8%",PERCENT,regex,P0487-S01,P0487,59,"II. Comportamientos críticos nocivos para el Estado > Comportamiento 8. Fragmentación del Estado y fracaso de la conducción estratégica > Caso 50. Comercio, Industria y Turismo",Comportamiento 8. Fragmentación del Estado y fracaso de la conducción estratégica,"22,8%",False
$798.082 millones,MONEY,regex,P0488-S01,P0488,59,"II. Comportamientos críticos nocivos para el Estado > Comportamiento 8. Fragmentación del Estado y fracaso de la conducción estratégica > Caso 50. Comercio, Industria y Turismo",Comportamiento 8. Fragmentación del Estado y fracaso de la conducción estratégica,$798.082 millones,False
"84,3%",PERCENT,regex,P0488-S01,P0488,59,"II. Comportamientos críticos nocivos para el Estado > Comportamiento 8. Fragmentación del Estado y fracaso de la conducción estratégica > Caso 50. Comercio, Industria y Turismo",Comportamiento 8. Fragmentación del Estado y fracaso de la conducción estratégica,"84,3%",False
"22,8%",PERCENT,regex,P0488-S01,P0488,59,"II. Comportamientos críticos nocivos para el Estado > Comportamiento 8. Fragmentación del Estado y fracaso de la conducción estratégica > Caso 50. Comercio, Industria y Turismo",Comportamiento 8. Fragmentación del Estado y fracaso de la conducción estratégica,"22,8%",False
Colombia,GPE_LOC,spacy,P0488-S01,P0488,59,"II. Comportamientos críticos nocivos para el Estado > Comportamiento 8. Fragmentación del Estado y fracaso de la conducción estratégica > Caso 50. Comercio, Industria y Turismo",Comportamiento 8. Fragmentación del Estado y fracaso de la conducción estratégica,Colombia,False
2023,DATE,regex,P0488-S02,P0488,59,"II. Comportamientos críticos nocivos para el Estado > Comportamiento 8. Fragmentación del Estado y fracaso de la conducción estratégica > Caso 50. Comercio, Industria y Turismo",Comportamiento 8. Fragmentación del Estado y fracaso de la conducción estratégica,2023,False
$122.000 millones,MONEY,regex,P0488-S02,P0488,59,"II. Comportamientos críticos nocivos para el Estado > Comportamiento 8. Fragmentación del Estado y fracaso de la conducción estratégica > Caso 50. Comercio, Industria y Turismo",Comportamiento 8. Fragmentación del Estado y fracaso de la conducción estratégica,$122.000 millones,False
$79.110 millones,MONEY,regex,P0488-S02,P0488,59,"II. Comportamientos críticos nocivos para el Estado > Comportamiento 8. Fragmentación del Estado y fracaso de la conducción estratégica > Caso 50. Comercio, Industria y Turismo",Comportamiento 8. Fragmentación del Estado y fracaso de la conducción estratégica,$79.110 millones,False
$25.016 millones,MONEY,regex,P0488-S03,P0488,60,"II. Comportamientos críticos nocivos para el Estado > Comportamiento 8. Fragmentación del Estado y fracaso de la conducción estratégica > Caso 50. Comercio, Industria y Turismo",Comportamiento 8. Fragmentación del Estado y fracaso de la conducción estratégica,$25.016 millones,False
Contraloría,ORG,spacy,P0488-S03,P0488,60,"II. Comportamientos críticos nocivos para el Estado > Comportamiento 8. Fragmentación del Estado y fracaso de la conducción estratégica > Caso 50. Comercio, Industria y Turismo",Comportamiento 8. Fragmentación del Estado y fracaso de la conducción estratégica,Contraloría,True
Estado,GENERIC,spacy,P0489-S01,P0489,60,"II. Comportamientos críticos nocivos para el Estado > Comportamiento 8. Fragmentación del Estado y fracaso de la conducción estratégica > Caso 50. Comercio, Industria y Turismo",Comportamiento 8. Fragmentación del Estado y fracaso de la conducción estratégica,Estado,False
$122.000 millones,MONEY,regex,P0489-S02,P0489,60,"II. Comportamientos críticos nocivos para el Estado > Comportamiento 8. Fragmentación del Estado y fracaso de la conducción estratégica > Caso 50. Comercio, Industria y Turismo",Comportamiento 8. Fragmentación del Estado y fracaso de la conducción estratégica,$122.000 millones,False
"55,7%",PERCENT,regex,P0489-S02,P0489,60,"II. Comportamientos críticos nocivos para el Estado > Comportamiento 8. Fragmentación del Estado y fracaso de la conducción estratégica > Caso 50. Comercio, Industria y Turismo",Comportamiento 8. Fragmentación del Estado y fracaso de la conducción estratégica,"55,7%",False
SEIP,ORG,spacy,P0491-S01,P0491,60,II. Comportamientos críticos nocivos para el Estado > Comportamiento 8. Fragmentación del Estado y fracaso de la conducción estratégica > Caso 51. Educación,Comportamiento 8. Fragmentación del Estado y fracaso de la conducción estratégica,Sistema Educativo Indígena Propio,False
Sistema Educativo Indígena Propio,GPE_LOC,spacy,P0492-S01,P0492,60,II. Comportamientos críticos nocivos para el Estado > Comportamiento 8. Fragmentación del Estado y fracaso de la conducción estratégica > Caso 51. Educación,Comportamiento 8. Fragmentación del Estado y fracaso de la conducción estratégica,Sistema Educativo Indígena Propio,False
SEIP,ORG,spacy,P0492-S01,P0492,60,II. Comportamientos críticos nocivos para el Estado > Comportamiento 8. Fragmentación del Estado y fracaso de la conducción estratégica > Caso 51. Educación,Comportamiento 8. Fragmentación del Estado y fracaso de la conducción estratégica,Sistema Educativo Indígena Propio,False
Constitución,ORG,spacy,P0493-S01,P0493,60,II. Comportamientos críticos nocivos para el Estado > Comportamiento 8. Fragmentación del Estado y fracaso de la conducción estratégica > Caso 51. Educación,Comportamiento 8. Fragmentación del Estado y fracaso de la conducción estratégica,Constitución,False
Convenio 169 de la,MISC,spacy,P0493-S01,P0493,60,II. Comportamientos críticos nocivos para el Estado > Comportamiento 8. Fragmentación del Estado y fracaso de la conducción estratégica > Caso 51. Educación,Comportamiento 8. Fragmentación del Estado y fracaso de la conducción estratégica,Convenio 169 de la,False
OIT,ORG,spacy,P0493-S01,P0493,60,II. Comportamientos críticos nocivos para el Estado > Comportamiento 8. Fragmentación del Estado y fracaso de la conducción estratégica > Caso 51. Educación,Comportamiento 8. Fragmentación del Estado y fracaso de la conducción estratégica,OIT,False
Corte Constitucional,ORG,spacy,P0493-S01,P0493,60,II. Comportamientos críticos nocivos para el Estado > Comportamiento 8. Fragmentación del Estado y fracaso de la conducción estratégica > Caso 51. Educación,Comportamiento 8. Fragmentación del Estado y fracaso de la conducción estratégica,Corte Constitucional,True
2007,DATE,regex,P0493-S02,P0493,60,II. Comportamientos críticos nocivos para el Estado > Comportamiento 8. Fragmentación del Estado y fracaso de la conducción estratégica > Caso 51. Educación,Comportamiento 8. Fragmentación del Estado y fracaso de la conducción estratégica,2007,False
Sentencia C-208 de 2007,LAW,regex,P0493-S02,P0493,60,II. Comportamientos críticos nocivos para el Estado > Comportamiento 8. Fragmentación del Estado y fracaso de la conducción estratégica > Caso 51. Educación,Comportamiento 8. Fragmentación del Estado y fracaso de la conducción estratégica,Sentencia C-208 de 2007,False
Corte,ORG,spacy,P0493-S02,P0493,60,II. Comportamientos críticos nocivos para el Estado > Comportamiento 8. Fragmentación del Estado y fracaso de la conducción estratégica > Caso 51. Educación,Comportamiento 8. Fragmentación del Estado y fracaso de la conducción estratégica,Corte,True
Decretos 0932,MISC,spacy,P0494-S01,P0494,60,II. Comportamientos críticos nocivos para el Estado > Comportamiento 8. Fragmentación del Estado y fracaso de la conducción estratégica > Caso 51. Educación,Comportamiento 8. Fragmentación del Estado y fracaso de la conducción estratégica,Decretos 0932,False
SEIP,ORG,spacy,P0494-S01,P0494,60,II. Comportamientos críticos nocivos para el Estado > Comportamiento 8. Fragmentación del Estado y fracaso de la conducción estratégica > Caso 51. Educación,Comportamiento 8. Fragmentación del Estado y fracaso de la conducción estratégica,Sistema Educativo Indígena Propio,False
Decreto 0932,LAW,regex,P0494-S02,P0494,60,II. Comportamientos críticos nocivos para el Estado > Comportamiento 8. Fragmentación del Estado y fracaso de la conducción estratégica > Caso 51. Educación,Comportamiento 8. Fragmentación del Estado y fracaso de la conducción estratégica,Decreto 0932,False
Estado,GENERIC,spacy,P0495-S01,P0495,60,II. Comportamientos críticos nocivos para el Estado > Comportamiento 8. Fragmentación del Estado y fracaso de la conducción estratégica > Caso 51. Educación,Comportamiento 8. Fragmentación del Estado y fracaso de la conducción estratégica,Estado,False
Gobierno,GENERIC,spacy,P0496-S01,P0496,60,II. Comportamientos críticos nocivos para el Estado > Comportamiento 8. Fragmentación del Estado y fracaso de la conducción estratégica > Caso 51. Educación,Comportamiento 8. Fragmentación del Estado y fracaso de la conducción estratégica,Gobierno,False
Cajas de Compensación Familiar,MISC,spacy,P0499-S01,P0499,61,II. Comportamientos críticos nocivos para el Estado > Comportamiento 8. Fragmentación del Estado y fracaso de la conducción estratégica > Caso 52. Trabajo,Comportamiento 8. Fragmentación del Estado y fracaso de la conducción estratégica,Cajas de Compensación Familiar,False
Superintendencia del Subsidio Familiar,ORG,spacy,P0500-S01,P0500,61,II. Comportamientos críticos nocivos para el Estado > Comportamiento 8. Fragmentación del Estado y fracaso de la conducción estratégica > Caso 52. Trabajo,Comportamiento 8. Fragmentación del Estado y fracaso de la conducción estratégica,Superintendencia del Subsidio Familiar,True
Cajas de Compensación Familiar,MISC,spacy,P0500-S01,P0500,61,II. Comportamientos críticos nocivos para el Estado > Comportamiento 8. Fragmentación del Estado y fracaso de la conducción estratégica > Caso 52. Trabajo,Comportamiento 8. Fragmentación del Estado y fracaso de la conducción estratégica,Cajas de Compensación Familiar,False
26 de junio de 2026,DATE,regex,P0500-S02,P0500,61,II. Comportamientos críticos nocivos para el Estado > Comportamiento 8. Fragmentación del Estado y fracaso de la conducción estratégica > Caso 52. Trabajo,Comportamiento 8. Fragmentación del Estado y fracaso de la conducción estratégica,26 de junio de 2026,False
Decreto 0649,LAW,regex,P0500-S02,P0500,61,II. Comportamientos críticos nocivos para el Estado > Comportamiento 8. Fragmentación del Estado y fracaso de la conducción estratégica > Caso 52. Trabajo,Comportamiento 8. Fragmentación del Estado y fracaso de la conducción estratégica,Decreto 0649,False
Gobierno,GENERIC,spacy,P0500-S02,P0500,61,II. Comportamientos críticos nocivos para el Estado > Comportamiento 8. Fragmentación del Estado y fracaso de la conducción estratégica > Caso 52. Trabajo,Comportamiento 8. Fragmentación del Estado y fracaso de la conducción estratégica,Gobierno,False
Ministro del Trabajo,GPE_LOC,spacy,P0500-S02,P0500,61,II. Comportamientos críticos nocivos para el Estado > Comportamiento 8. Fragmentación del Estado y fracaso de la conducción estratégica > Caso 52. Trabajo,Comportamiento 8. Fragmentación del Estado y fracaso de la conducción estratégica,Ministro del Trabajo,True
Antonio Eresmid Sanguino Páez,PERSON,spacy,P0500-S02,P0500,61,II. Comportamientos críticos nocivos para el Estado > Comportamiento 8. Fragmentación del Estado y fracaso de la conducción estratégica > Caso 52. Trabajo,Comportamiento 8. Fragmentación del Estado y fracaso de la conducción estratégica,Antonio Eresmid Sanguino Páez,False
Superintendente,MISC,spacy,P0500-S02,P0500,61,II. Comportamientos críticos nocivos para el Estado > Comportamiento 8. Fragmentación del Estado y fracaso de la conducción estratégica > Caso 52. Trabajo,Comportamiento 8. Fragmentación del Estado y fracaso de la conducción estratégica,Superintendente,False
Subsidio Familiar,MISC,spacy,P0500-S02,P0500,61,II. Comportamientos críticos nocivos para el Estado > Comportamiento 8. Fragmentación del Estado y fracaso de la conducción estratégica > Caso 52. Trabajo,Comportamiento 8. Fragmentación del Estado y fracaso de la conducción estratégica,Subsidio Familiar,False
26 de junio,DATE,regex,P0500-S03,P0500,61,II. Comportamientos críticos nocivos para el Estado > Comportamiento 8. Fragmentación del Estado y fracaso de la conducción estratégica > Caso 52. Trabajo,Comportamiento 8. Fragmentación del Estado y fracaso de la conducción estratégica,26 de junio,False
7 de agosto de 2026,DATE,regex,P0500-S03,P0500,61,II. Comportamientos críticos nocivos para el Estado > Comportamiento 8. Fragmentación del Estado y fracaso de la conducción estratégica > Caso 52. Trabajo,Comportamiento 8. Fragmentación del Estado y fracaso de la conducción estratégica,7 de agosto de 2026,False
Cajas,MISC,spacy,P0500-S04,P0500,61,II. Comportamientos críticos nocivos para el Estado > Comportamiento 8. Fragmentación del Estado y fracaso de la conducción estratégica > Caso 52. Trabajo,Comportamiento 8. Fragmentación del Estado y fracaso de la conducción estratégica,Cajas,False
3 de julio de 2026,DATE,regex,P0501-S02,P0501,61,II. Comportamientos críticos nocivos para el Estado > Comportamiento 8. Fragmentación del Estado y fracaso de la conducción estratégica > Caso 52. Trabajo,Comportamiento 8. Fragmentación del Estado y fracaso de la conducción estratégica,3 de julio de 2026,False
Decreto 0689,LAW,regex,P0501-S02,P0501,61,II. Comportamientos críticos nocivos para el Estado > Comportamiento 8. Fragmentación del Estado y fracaso de la conducción estratégica > Caso 52. Trabajo,Comportamiento 8. Fragmentación del Estado y fracaso de la conducción estratégica,Decreto 0689,False
Ministro del Trabajo,GPE_LOC,spacy,P0501-S02,P0501,61,II. Comportamientos críticos nocivos para el Estado > Comportamiento 8. Fragmentación del Estado y fracaso de la conducción estratégica > Caso 52. Trabajo,Comportamiento 8. Fragmentación del Estado y fracaso de la conducción estratégica,Ministro del Trabajo,True
Sanguino,PERSON,spacy,P0501-S02,P0501,61,II. Comportamientos críticos nocivos para el Estado > Comportamiento 8. Fragmentación del Estado y fracaso de la conducción estratégica > Caso 52. Trabajo,Comportamiento 8. Fragmentación del Estado y fracaso de la conducción estratégica,Sanguino,False
Cajas,MISC,spacy,P0501-S02,P0501,61,II. Comportamientos críticos nocivos para el Estado > Comportamiento 8. Fragmentación del Estado y fracaso de la conducción estratégica > Caso 52. Trabajo,Comportamiento 8. Fragmentación del Estado y fracaso de la conducción estratégica,Cajas,False
6 de julio,DATE,regex,P0501-S03,P0501,61,II. Comportamientos críticos nocivos para el Estado > Comportamiento 8. Fragmentación del Estado y fracaso de la conducción estratégica > Caso 52. Trabajo,Comportamiento 8. Fragmentación del Estado y fracaso de la conducción estratégica,6 de julio,False
Resolución 0527,LAW,regex,P0501-S03,P0501,61,II. Comportamientos críticos nocivos para el Estado > Comportamiento 8. Fragmentación del Estado y fracaso de la conducción estratégica > Caso 52. Trabajo,Comportamiento 8. Fragmentación del Estado y fracaso de la conducción estratégica,Resolución 0527,False
Comfamiliar Atlántico,GPE_LOC,spacy,P0501-S03,P0501,61,II. Comportamientos críticos nocivos para el Estado > Comportamiento 8. Fragmentación del Estado y fracaso de la conducción estratégica > Caso 52. Trabajo,Comportamiento 8. Fragmentación del Estado y fracaso de la conducción estratégica,Comfamiliar Atlántico,False
Consejo Directivo,ORG,spacy,P0501-S03,P0501,61,II. Comportamientos críticos nocivos para el Estado > Comportamiento 8. Fragmentación del Estado y fracaso de la conducción estratégica > Caso 52. Trabajo,Comportamiento 8. Fragmentación del Estado y fracaso de la conducción estratégica,Consejo Directivo,True
17 de julio,DATE,regex,P0501-S04,P0501,61,II. Comportamientos críticos nocivos para el Estado > Comportamiento 8. Fragmentación del Estado y fracaso de la conducción estratégica > Caso 52. Trabajo,Comportamiento 8. Fragmentación del Estado y fracaso de la conducción estratégica,17 de julio,False
Comfaguajira,GPE_LOC,spacy,P0501-S04,P0501,61,II. Comportamientos críticos nocivos para el Estado > Comportamiento 8. Fragmentación del Estado y fracaso de la conducción estratégica > Caso 52. Trabajo,Comportamiento 8. Fragmentación del Estado y fracaso de la conducción estratégica,Comfaguajira,False
Comfenalco Antioquia,GPE_LOC,spacy,P0501-S04,P0501,61,II. Comportamientos críticos nocivos para el Estado > Comportamiento 8. Fragmentación del Estado y fracaso de la conducción estratégica > Caso 52. Trabajo,Comportamiento 8. Fragmentación del Estado y fracaso de la conducción estratégica,Comfenalco Antioquia,False
30 de julio,DATE,regex,P0501-S05,P0501,61,II. Comportamientos críticos nocivos para el Estado > Comportamiento 8. Fragmentación del Estado y fracaso de la conducción estratégica > Caso 52. Trabajo,Comportamiento 8. Fragmentación del Estado y fracaso de la conducción estratégica,30 de julio,False
Decreto 0905,LAW,regex,P0501-S05,P0501,61,II. Comportamientos críticos nocivos para el Estado > Comportamiento 8. Fragmentación del Estado y fracaso de la conducción estratégica > Caso 52. Trabajo,Comportamiento 8. Fragmentación del Estado y fracaso de la conducción estratégica,Decreto 0905,False
Ministro del Trabajo,ORG,spacy,P0501-S05,P0501,61,II. Comportamientos críticos nocivos para el Estado > Comportamiento 8. Fragmentación del Estado y fracaso de la conducción estratégica > Caso 52. Trabajo,Comportamiento 8. Fragmentación del Estado y fracaso de la conducción estratégica,Ministro del Trabajo,True
Sanguino,PERSON,spacy,P0501-S05,P0501,61,II. Comportamientos críticos nocivos para el Estado > Comportamiento 8. Fragmentación del Estado y fracaso de la conducción estratégica > Caso 52. Trabajo,Comportamiento 8. Fragmentación del Estado y fracaso de la conducción estratégica,Sanguino,False
Comfamiliar Atlántico,GPE_LOC,spacy,P0501-S05,P0501,61,II. Comportamientos críticos nocivos para el Estado > Comportamiento 8. Fragmentación del Estado y fracaso de la conducción estratégica > Caso 52. Trabajo,Comportamiento 8. Fragmentación del Estado y fracaso de la conducción estratégica,Comfamiliar Atlántico,False
"$1,2 billones",MONEY,regex,P0502-S01,P0502,61,II. Comportamientos críticos nocivos para el Estado > Comportamiento 8. Fragmentación del Estado y fracaso de la conducción estratégica > Caso 52. Trabajo,Comportamiento 8. Fragmentación del Estado y fracaso de la conducción estratégica,"$1,2 billones",False
Cajas de Compensación Familiar,MISC,spacy,P0502-S01,P0502,61,II. Comportamientos críticos nocivos para el Estado > Comportamiento 8. Fragmentación del Estado y fracaso de la conducción estratégica > Caso 52. Trabajo,Comportamiento 8. Fragmentación del Estado y fracaso de la conducción estratégica,Cajas de Compensación Familiar,False
Tecnología e Innovación,MISC,spacy,P0505-S01,P0505,62,II. Comportamientos críticos nocivos para el Estado > Comportamiento 9. Capacidad fiscal restringida (comportamiento transversal),Comportamiento 9. Capacidad fiscal restringida (comportamiento transversal),Tecnología e Innovación,False
Hacienda,GENERIC,spacy,P0505-S01,P0505,62,II. Comportamientos críticos nocivos para el Estado > Comportamiento 9. Capacidad fiscal restringida (comportamiento transversal),Comportamiento 9. Capacidad fiscal restringida (comportamiento transversal),Hacienda,False
Inclusión Social y Reconciliación,MISC,spacy,P0505-S01,P0505,62,II. Comportamientos críticos nocivos para el Estado > Comportamiento 9. Capacidad fiscal restringida (comportamiento transversal),Comportamiento 9. Capacidad fiscal restringida (comportamiento transversal),Inclusión Social y Reconciliación,False
Minas,GENERIC,spacy,P0505-S01,P0505,62,II. Comportamientos críticos nocivos para el Estado > Comportamiento 9. Capacidad fiscal restringida (comportamiento transversal),Comportamiento 9. Capacidad fiscal restringida (comportamiento transversal),Minas,False
Energía,GENERIC,spacy,P0505-S01,P0505,62,II. Comportamientos críticos nocivos para el Estado > Comportamiento 9. Capacidad fiscal restringida (comportamiento transversal),Comportamiento 9. Capacidad fiscal restringida (comportamiento transversal),Energía,False
$5 billones,MONEY,regex,P0507-S01,P0507,62,II. Comportamientos críticos nocivos para el Estado > Comportamiento 9. Capacidad fiscal restringida (comportamiento transversal) > Caso 53. Función Pública,Comportamiento 9. Capacidad fiscal restringida (comportamiento transversal),$5 billones,False
CPS,MISC,spacy,P0508-S01,P0508,62,II. Comportamientos críticos nocivos para el Estado > Comportamiento 9. Capacidad fiscal restringida (comportamiento transversal) > Caso 53. Función Pública,Comportamiento 9. Capacidad fiscal restringida (comportamiento transversal),contratos de prestación de servicios,False
Estado,GENERIC,spacy,P0508-S01,P0508,62,II. Comportamientos críticos nocivos para el Estado > Comportamiento 9. Capacidad fiscal restringida (comportamiento transversal) > Caso 53. Función Pública,Comportamiento 9. Capacidad fiscal restringida (comportamiento transversal),Estado,False
Nación,GENERIC,spacy,P0508-S02,P0508,62,II. Comportamientos críticos nocivos para el Estado > Comportamiento 9. Capacidad fiscal restringida (comportamiento transversal) > Caso 53. Función Pública,Comportamiento 9. Capacidad fiscal restringida (comportamiento transversal),Nación,False
Estado colombiano,GPE_LOC,spacy,P0508-S03,P0508,62,II. Comportamientos críticos nocivos para el Estado > Comportamiento 9. Capacidad fiscal restringida (comportamiento transversal) > Caso 53. Función Pública,Comportamiento 9. Capacidad fiscal restringida (comportamiento transversal),Estado colombiano,False
enero de 2026,DATE,regex,P0508-S04,P0508,62,II. Comportamientos críticos nocivos para el Estado > Comportamiento 9. Capacidad fiscal restringida (comportamiento transversal) > Caso 53. Función Pública,Comportamiento 9. Capacidad fiscal restringida (comportamiento transversal),enero de 2026,False
"$32,88 billones",MONEY,regex,P0508-S04,P0508,62,II. Comportamientos críticos nocivos para el Estado > Comportamiento 9. Capacidad fiscal restringida (comportamiento transversal) > Caso 53. Función Pública,Comportamiento 9. Capacidad fiscal restringida (comportamiento transversal),"$32,88 billones",False
"$14,87 billones",MONEY,regex,P0508-S04,P0508,62,II. Comportamientos críticos nocivos para el Estado > Comportamiento 9. Capacidad fiscal restringida (comportamiento transversal) > Caso 53. Función Pública,Comportamiento 9. Capacidad fiscal restringida (comportamiento transversal),"$14,87 billones",False
Ley de Garantías,LAW,regex,P0508-S04,P0508,62,II. Comportamientos críticos nocivos para el Estado > Comportamiento 9. Capacidad fiscal restringida (comportamiento transversal) > Caso 53. Función Pública,Comportamiento 9. Capacidad fiscal restringida (comportamiento transversal),Ley de Garantías,False
Contraloría General de la República,ORG,spacy,P0508-S04,P0508,62,II. Comportamientos críticos nocivos para el Estado > Comportamiento 9. Capacidad fiscal restringida (comportamiento transversal) > Caso 53. Función Pública,Comportamiento 9. Capacidad fiscal restringida (comportamiento transversal),Contraloría General de la República,True
Estado,GENERIC,spacy,P0509-S02,P0509,62,II. Comportamientos críticos nocivos para el Estado > Comportamiento 9. Capacidad fiscal restringida (comportamiento transversal) > Caso 53. Función Pública,Comportamiento 9. Capacidad fiscal restringida (comportamiento transversal),Estado,False
diciembre de 2026,DATE,regex,P0511-S01,P0511,62,II. Comportamientos críticos nocivos para el Estado > Comportamiento 9. Capacidad fiscal restringida (comportamiento transversal) > Caso 54. Inclusión Social y Reconciliación,Comportamiento 9. Capacidad fiscal restringida (comportamiento transversal),diciembre de 2026,False
Colombia Mayor,MISC,spacy,P0511-S01,P0511,62,II. Comportamientos críticos nocivos para el Estado > Comportamiento 9. Capacidad fiscal restringida (comportamiento transversal) > Caso 54. Inclusión Social y Reconciliación,Comportamiento 9. Capacidad fiscal restringida (comportamiento transversal),Colombia Mayor,False
julio de 2026,DATE,regex,P0512-S01,P0512,62,II. Comportamientos críticos nocivos para el Estado > Comportamiento 9. Capacidad fiscal restringida (comportamiento transversal) > Caso 54. Inclusión Social y Reconciliación,Comportamiento 9. Capacidad fiscal restringida (comportamiento transversal),julio de 2026,False
Colombia Mayor,MISC,spacy,P0512-S01,P0512,62,II. Comportamientos críticos nocivos para el Estado > Comportamiento 9. Capacidad fiscal restringida (comportamiento transversal) > Caso 54. Inclusión Social y Reconciliación,Comportamiento 9. Capacidad fiscal restringida (comportamiento transversal),Colombia Mayor,False
"$3,2 billones",MONEY,regex,P0512-S02,P0512,62,II. Comportamientos críticos nocivos para el Estado > Comportamiento 9. Capacidad fiscal restringida (comportamiento transversal) > Caso 54. Inclusión Social y Reconciliación,Comportamiento 9. Capacidad fiscal restringida (comportamiento transversal),"$3,2 billones",False
$630 mil millones,MONEY,regex,P0512-S02,P0512,62,II. Comportamientos críticos nocivos para el Estado > Comportamiento 9. Capacidad fiscal restringida (comportamiento transversal) > Caso 54. Inclusión Social y Reconciliación,Comportamiento 9. Capacidad fiscal restringida (comportamiento transversal),$630 mil millones,False
CONPES,MISC,spacy,P0512-S02,P0512,62,II. Comportamientos críticos nocivos para el Estado > Comportamiento 9. Capacidad fiscal restringida (comportamiento transversal) > Caso 54. Inclusión Social y Reconciliación,Comportamiento 9. Capacidad fiscal restringida (comportamiento transversal),CONPES,False
Colombia Mayor,PERSON,spacy,P0513-S02,P0513,63,II. Comportamientos críticos nocivos para el Estado > Comportamiento 9. Capacidad fiscal restringida (comportamiento transversal) > Caso 54. Inclusión Social y Reconciliación,Comportamiento 9. Capacidad fiscal restringida (comportamiento transversal),Colombia Mayor,False
"$2,9 billones",MONEY,regex,P0515-S01,P0515,63,II. Comportamientos críticos nocivos para el Estado > Comportamiento 9. Capacidad fiscal restringida (comportamiento transversal) > Caso 55. Minas y Energía,Comportamiento 9. Capacidad fiscal restringida (comportamiento transversal),"$2,9 billones",False
Ministerio de Minas,GPE_LOC,spacy,P0516-S01,P0516,63,II. Comportamientos críticos nocivos para el Estado > Comportamiento 9. Capacidad fiscal restringida (comportamiento transversal) > Caso 55. Minas y Energía,Comportamiento 9. Capacidad fiscal restringida (comportamiento transversal),Ministerio de Minas,True
Energía,GENERIC,spacy,P0516-S01,P0516,63,II. Comportamientos críticos nocivos para el Estado > Comportamiento 9. Capacidad fiscal restringida (comportamiento transversal) > Caso 55. Minas y Energía,Comportamiento 9. Capacidad fiscal restringida (comportamiento transversal),Energía,False
Ministerio de Hacienda,GPE_LOC,spacy,P0516-S01,P0516,63,II. Comportamientos críticos nocivos para el Estado > Comportamiento 9. Capacidad fiscal restringida (comportamiento transversal) > Caso 55. Minas y Energía,Comportamiento 9. Capacidad fiscal restringida (comportamiento transversal),Ministerio de Hacienda,True
septiembre de 2024,DATE,regex,P0516-S02,P0516,63,II. Comportamientos críticos nocivos para el Estado > Comportamiento 9. Capacidad fiscal restringida (comportamiento transversal) > Caso 55. Minas y Energía,Comportamiento 9. Capacidad fiscal restringida (comportamiento transversal),septiembre de 2024,False
junio de 2026,DATE,regex,P0516-S02,P0516,63,II. Comportamientos críticos nocivos para el Estado > Comportamiento 9. Capacidad fiscal restringida (comportamiento transversal) > Caso 55. Minas y Energía,Comportamiento 9. Capacidad fiscal restringida (comportamiento transversal),junio de 2026,False
"$2,9 billones",MONEY,regex,P0516-S02,P0516,63,II. Comportamientos críticos nocivos para el Estado > Comportamiento 9. Capacidad fiscal restringida (comportamiento transversal) > Caso 55. Minas y Energía,Comportamiento 9. Capacidad fiscal restringida (comportamiento transversal),"$2,9 billones",False
"$1,8 billones",MONEY,regex,P0516-S02,P0516,63,II. Comportamientos críticos nocivos para el Estado > Comportamiento 9. Capacidad fiscal restringida (comportamiento transversal) > Caso 55. Minas y Energía,Comportamiento 9. Capacidad fiscal restringida (comportamiento transversal),"$1,8 billones",False
Air-e,ORG,spacy+override,P0516-S02,P0516,63,II. Comportamientos críticos nocivos para el Estado > Comportamiento 9. Capacidad fiscal restringida (comportamiento transversal) > Caso 55. Minas y Energía,Comportamiento 9. Capacidad fiscal restringida (comportamiento transversal),Air-e,False
$1 billón,MONEY,regex,P0516-S03,P0516,63,II. Comportamientos críticos nocivos para el Estado > Comportamiento 9. Capacidad fiscal restringida (comportamiento transversal) > Caso 55. Minas y Energía,Comportamiento 9. Capacidad fiscal restringida (comportamiento transversal),$1 billón,False
"$0,7 billones",MONEY,regex,P0516-S03,P0516,63,II. Comportamientos críticos nocivos para el Estado > Comportamiento 9. Capacidad fiscal restringida (comportamiento transversal) > Caso 55. Minas y Energía,Comportamiento 9. Capacidad fiscal restringida (comportamiento transversal),"$0,7 billones",False
$2 billones,MONEY,regex,P0517-S01,P0517,63,II. Comportamientos críticos nocivos para el Estado > Comportamiento 9. Capacidad fiscal restringida (comportamiento transversal) > Caso 55. Minas y Energía,Comportamiento 9. Capacidad fiscal restringida (comportamiento transversal),$2 billones,False
$1 billón,MONEY,regex,P0517-S01,P0517,63,II. Comportamientos críticos nocivos para el Estado > Comportamiento 9. Capacidad fiscal restringida (comportamiento transversal) > Caso 55. Minas y Energía,Comportamiento 9. Capacidad fiscal restringida (comportamiento transversal),$1 billón,False
Gobierno,GENERIC,spacy,P0518-S01,P0518,63,II. Comportamientos críticos nocivos para el Estado > Comportamiento 9. Capacidad fiscal restringida (comportamiento transversal) > Caso 55. Minas y Energía,Comportamiento 9. Capacidad fiscal restringida (comportamiento transversal),Gobierno,False
"$2,8 billones",MONEY,regex,P0518-S02,P0518,63,II. Comportamientos críticos nocivos para el Estado > Comportamiento 9. Capacidad fiscal restringida (comportamiento transversal) > Caso 55. Minas y Energía,Comportamiento 9. Capacidad fiscal restringida (comportamiento transversal),"$2,8 billones",False
30%,PERCENT,regex,P0518-S02,P0518,63,II. Comportamientos críticos nocivos para el Estado > Comportamiento 9. Capacidad fiscal restringida (comportamiento transversal) > Caso 55. Minas y Energía,Comportamiento 9. Capacidad fiscal restringida (comportamiento transversal),30%,False
20%,PERCENT,regex,P0518-S02,P0518,63,II. Comportamientos críticos nocivos para el Estado > Comportamiento 9. Capacidad fiscal restringida (comportamiento transversal) > Caso 55. Minas y Energía,Comportamiento 9. Capacidad fiscal restringida (comportamiento transversal),20%,False
Costa Caribe,GPE_LOC,spacy,P0518-S02,P0518,63,II. Comportamientos críticos nocivos para el Estado > Comportamiento 9. Capacidad fiscal restringida (comportamiento transversal) > Caso 55. Minas y Energía,Comportamiento 9. Capacidad fiscal restringida (comportamiento transversal),Costa Caribe,False
55%,PERCENT,regex,P0518-S03,P0518,63,II. Comportamientos críticos nocivos para el Estado > Comportamiento 9. Capacidad fiscal restringida (comportamiento transversal) > Caso 55. Minas y Energía,Comportamiento 9. Capacidad fiscal restringida (comportamiento transversal),55%,False
Niño,MISC,spacy+override,P0518-S03,P0518,63,II. Comportamientos críticos nocivos para el Estado > Comportamiento 9. Capacidad fiscal restringida (comportamiento transversal) > Caso 55. Minas y Energía,Comportamiento 9. Capacidad fiscal restringida (comportamiento transversal),Niño,False
Superintendencia de Servicios Públicos Domiciliarios,ORG,spacy,P0518-S04,P0518,63,II. Comportamientos críticos nocivos para el Estado > Comportamiento 9. Capacidad fiscal restringida (comportamiento transversal) > Caso 55. Minas y Energía,Comportamiento 9. Capacidad fiscal restringida (comportamiento transversal),Superintendencia de Servicios Públicos Domiciliarios,True
SSPD,ORG,spacy,P0518-S04,P0518,63,II. Comportamientos críticos nocivos para el Estado > Comportamiento 9. Capacidad fiscal restringida (comportamiento transversal) > Caso 55. Minas y Energía,Comportamiento 9. Capacidad fiscal restringida (comportamiento transversal),Superintendencia de Servicios Públicos Domiciliarios,True
Air-e,ORG,spacy+override,P0519-S01,P0519,63,II. Comportamientos críticos nocivos para el Estado > Comportamiento 9. Capacidad fiscal restringida (comportamiento transversal) > Caso 55. Minas y Energía,Comportamiento 9. Capacidad fiscal restringida (comportamiento transversal),Air-e,False
150%,PERCENT,regex,P0519-S02,P0519,63,II. Comportamientos críticos nocivos para el Estado > Comportamiento 9. Capacidad fiscal restringida (comportamiento transversal) > Caso 55. Minas y Energía,Comportamiento 9. Capacidad fiscal restringida (comportamiento transversal),150%,False
"$3,7 billones",MONEY,regex,P0521-S01,P0521,63,II. Comportamientos críticos nocivos para el Estado > Comportamiento 9. Capacidad fiscal restringida (comportamiento transversal) > Caso 56. Hacienda y Crédito Público,Comportamiento 9. Capacidad fiscal restringida (comportamiento transversal),"$3,7 billones",False
Fondo Nacional del Ahorro,ORG,spacy,P0521-S01,P0521,63,II. Comportamientos críticos nocivos para el Estado > Comportamiento 9. Capacidad fiscal restringida (comportamiento transversal) > Caso 56. Hacienda y Crédito Público,Comportamiento 9. Capacidad fiscal restringida (comportamiento transversal),Fondo Nacional del Ahorro,True
FNA,ORG,spacy,P0521-S01,P0521,63,II. Comportamientos críticos nocivos para el Estado > Comportamiento 9. Capacidad fiscal restringida (comportamiento transversal) > Caso 56. Hacienda y Crédito Público,Comportamiento 9. Capacidad fiscal restringida (comportamiento transversal),Fondo Nacional del Ahorro,True
"$3,7 billones",MONEY,regex,P0522-S01,P0522,63,II. Comportamientos críticos nocivos para el Estado > Comportamiento 9. Capacidad fiscal restringida (comportamiento transversal) > Caso 56. Hacienda y Crédito Público,Comportamiento 9. Capacidad fiscal restringida (comportamiento transversal),"$3,7 billones",False
FNA,ORG,spacy,P0522-S01,P0522,63,II. Comportamientos críticos nocivos para el Estado > Comportamiento 9. Capacidad fiscal restringida (comportamiento transversal) > Caso 56. Hacienda y Crédito Público,Comportamiento 9. Capacidad fiscal restringida (comportamiento transversal),Fondo Nacional del Ahorro,True
UVR,MISC,spacy,P0522-S01,P0522,63,II. Comportamientos críticos nocivos para el Estado > Comportamiento 9. Capacidad fiscal restringida (comportamiento transversal) > Caso 56. Hacienda y Crédito Público,Comportamiento 9. Capacidad fiscal restringida (comportamiento transversal),UVR,False
entre 2024 y 2025,DATE,regex,P0522-S02,P0522,63,II. Comportamientos críticos nocivos para el Estado > Comportamiento 9. Capacidad fiscal restringida (comportamiento transversal) > Caso 56. Hacienda y Crédito Público,Comportamiento 9. Capacidad fiscal restringida (comportamiento transversal),entre 2024 y 2025,False
$613.853 millones,MONEY,regex,P0522-S02,P0522,63,II. Comportamientos críticos nocivos para el Estado > Comportamiento 9. Capacidad fiscal restringida (comportamiento transversal) > Caso 56. Hacienda y Crédito Público,Comportamiento 9. Capacidad fiscal restringida (comportamiento transversal),$613.853 millones,False
"260,9%",PERCENT,regex,P0522-S02,P0522,63,II. Comportamientos críticos nocivos para el Estado > Comportamiento 9. Capacidad fiscal restringida (comportamiento transversal) > Caso 56. Hacienda y Crédito Público,Comportamiento 9. Capacidad fiscal restringida (comportamiento transversal),"260,9%",False
entre 2023 y 2025,DATE,regex,P0522-S03,P0522,63,II. Comportamientos críticos nocivos para el Estado > Comportamiento 9. Capacidad fiscal restringida (comportamiento transversal) > Caso 56. Hacienda y Crédito Público,Comportamiento 9. Capacidad fiscal restringida (comportamiento transversal),entre 2023 y 2025,False
entre 2020 y 2025,DATE,regex,P0522-S03,P0522,63,II. Comportamientos críticos nocivos para el Estado > Comportamiento 9. Capacidad fiscal restringida (comportamiento transversal) > Caso 56. Hacienda y Crédito Público,Comportamiento 9. Capacidad fiscal restringida (comportamiento transversal),entre 2020 y 2025,False
"48,9%",PERCENT,regex,P0522-S03,P0522,63,II. Comportamientos críticos nocivos para el Estado > Comportamiento 9. Capacidad fiscal restringida (comportamiento transversal) > Caso 56. Hacienda y Crédito Público,Comportamiento 9. Capacidad fiscal restringida (comportamiento transversal),"48,9%",False
434%,PERCENT,regex,P0522-S03,P0522,63,II. Comportamientos críticos nocivos para el Estado > Comportamiento 9. Capacidad fiscal restringida (comportamiento transversal) > Caso 56. Hacienda y Crédito Público,Comportamiento 9. Capacidad fiscal restringida (comportamiento transversal),434%,False
734%,PERCENT,regex,P0522-S04,P0522,63,II. Comportamientos críticos nocivos para el Estado > Comportamiento 9. Capacidad fiscal restringida (comportamiento transversal) > Caso 56. Hacienda y Crédito Público,Comportamiento 9. Capacidad fiscal restringida (comportamiento transversal),734%,False
Estado,GENERIC,spacy,P0523-S01,P0523,64,II. Comportamientos críticos nocivos para el Estado > Comportamiento 9. Capacidad fiscal restringida (comportamiento transversal) > Caso 56. Hacienda y Crédito Público,Comportamiento 9. Capacidad fiscal restringida (comportamiento transversal),Estado,False
FNA,ORG,spacy,P0523-S01,P0523,64,II. Comportamientos críticos nocivos para el Estado > Comportamiento 9. Capacidad fiscal restringida (comportamiento transversal) > Caso 56. Hacienda y Crédito Público,Comportamiento 9. Capacidad fiscal restringida (comportamiento transversal),Fondo Nacional del Ahorro,True
"$3,7 billones",MONEY,regex,P0523-S02,P0523,64,II. Comportamientos críticos nocivos para el Estado > Comportamiento 9. Capacidad fiscal restringida (comportamiento transversal) > Caso 56. Hacienda y Crédito Público,Comportamiento 9. Capacidad fiscal restringida (comportamiento transversal),"$3,7 billones",False
Estado,GENERIC,spacy,P0523-S03,P0523,64,II. Comportamientos críticos nocivos para el Estado > Comportamiento 9. Capacidad fiscal restringida (comportamiento transversal) > Caso 56. Hacienda y Crédito Público,Comportamiento 9. Capacidad fiscal restringida (comportamiento transversal),Estado,False
2027,DATE,regex,P0525-S01,P0525,64,"II. Comportamientos críticos nocivos para el Estado > Comportamiento 9. Capacidad fiscal restringida (comportamiento transversal) > Caso 57. Ciencia, Tecnología e Innovación",Comportamiento 9. Capacidad fiscal restringida (comportamiento transversal),2027,False
2027,DATE,regex,P0526-S01,P0526,64,"II. Comportamientos críticos nocivos para el Estado > Comportamiento 9. Capacidad fiscal restringida (comportamiento transversal) > Caso 57. Ciencia, Tecnología e Innovación",Comportamiento 9. Capacidad fiscal restringida (comportamiento transversal),2027,False
30 de julio de 2026,DATE,regex,P0526-S01,P0526,64,"II. Comportamientos críticos nocivos para el Estado > Comportamiento 9. Capacidad fiscal restringida (comportamiento transversal) > Caso 57. Ciencia, Tecnología e Innovación",Comportamiento 9. Capacidad fiscal restringida (comportamiento transversal),30 de julio de 2026,False
$30.000 millones,MONEY,regex,P0526-S01,P0526,64,"II. Comportamientos críticos nocivos para el Estado > Comportamiento 9. Capacidad fiscal restringida (comportamiento transversal) > Caso 57. Ciencia, Tecnología e Innovación",Comportamiento 9. Capacidad fiscal restringida (comportamiento transversal),$30.000 millones,False
$46.339 millones,MONEY,regex,P0526-S01,P0526,64,"II. Comportamientos críticos nocivos para el Estado > Comportamiento 9. Capacidad fiscal restringida (comportamiento transversal) > Caso 57. Ciencia, Tecnología e Innovación",Comportamiento 9. Capacidad fiscal restringida (comportamiento transversal),$46.339 millones,False
$0,MONEY,regex,P0526-S01,P0526,64,"II. Comportamientos críticos nocivos para el Estado > Comportamiento 9. Capacidad fiscal restringida (comportamiento transversal) > Caso 57. Ciencia, Tecnología e Innovación",Comportamiento 9. Capacidad fiscal restringida (comportamiento transversal),$0,False
$555.349 millones,MONEY,regex,P0526-S01,P0526,64,"II. Comportamientos críticos nocivos para el Estado > Comportamiento 9. Capacidad fiscal restringida (comportamiento transversal) > Caso 57. Ciencia, Tecnología e Innovación",Comportamiento 9. Capacidad fiscal restringida (comportamiento transversal),$555.349 millones,False
Presupuesto General de la Nación,ORG,spacy,P0526-S01,P0526,64,"II. Comportamientos críticos nocivos para el Estado > Comportamiento 9. Capacidad fiscal restringida (comportamiento transversal) > Caso 57. Ciencia, Tecnología e Innovación",Comportamiento 9. Capacidad fiscal restringida (comportamiento transversal),Presupuesto General de la Nación,False
Gobierno,GENERIC,spacy,P0526-S01,P0526,64,"II. Comportamientos críticos nocivos para el Estado > Comportamiento 9. Capacidad fiscal restringida (comportamiento transversal) > Caso 57. Ciencia, Tecnología e Innovación",Comportamiento 9. Capacidad fiscal restringida (comportamiento transversal),Gobierno,False
MinCiencias,ORG,spacy+override,P0526-S01,P0526,64,"II. Comportamientos críticos nocivos para el Estado > Comportamiento 9. Capacidad fiscal restringida (comportamiento transversal) > Caso 57. Ciencia, Tecnología e Innovación",Comportamiento 9. Capacidad fiscal restringida (comportamiento transversal),MinCiencias,True
Ministerio,GENERIC,spacy,P0526-S01,P0526,64,"II. Comportamientos críticos nocivos para el Estado > Comportamiento 9. Capacidad fiscal restringida (comportamiento transversal) > Caso 57. Ciencia, Tecnología e Innovación",Comportamiento 9. Capacidad fiscal restringida (comportamiento transversal),Ministerio,False
2027,DATE,regex,P0526-S02,P0526,64,"II. Comportamientos críticos nocivos para el Estado > Comportamiento 9. Capacidad fiscal restringida (comportamiento transversal) > Caso 57. Ciencia, Tecnología e Innovación",Comportamiento 9. Capacidad fiscal restringida (comportamiento transversal),2027,False
Gobierno Nacional,GPE_LOC,spacy,P0526-S02,P0526,64,"II. Comportamientos críticos nocivos para el Estado > Comportamiento 9. Capacidad fiscal restringida (comportamiento transversal) > Caso 57. Ciencia, Tecnología e Innovación",Comportamiento 9. Capacidad fiscal restringida (comportamiento transversal),Gobierno Nacional,True
20 de octubre,DATE,regex,P0526-S03,P0526,64,"II. Comportamientos críticos nocivos para el Estado > Comportamiento 9. Capacidad fiscal restringida (comportamiento transversal) > Caso 57. Ciencia, Tecnología e Innovación",Comportamiento 9. Capacidad fiscal restringida (comportamiento transversal),20 de octubre,False
Congreso,ORG,spacy,P0526-S03,P0526,64,"II. Comportamientos críticos nocivos para el Estado > Comportamiento 9. Capacidad fiscal restringida (comportamiento transversal) > Caso 57. Ciencia, Tecnología e Innovación",Comportamiento 9. Capacidad fiscal restringida (comportamiento transversal),Congreso,True
2027,DATE,regex,P0527-S01,P0527,64,"II. Comportamientos críticos nocivos para el Estado > Comportamiento 9. Capacidad fiscal restringida (comportamiento transversal) > Caso 57. Ciencia, Tecnología e Innovación",Comportamiento 9. Capacidad fiscal restringida (comportamiento transversal),2027,False
MinCiencias,ORG,spacy+override,P0527-S01,P0527,64,"II. Comportamientos críticos nocivos para el Estado > Comportamiento 9. Capacidad fiscal restringida (comportamiento transversal) > Caso 57. Ciencia, Tecnología e Innovación",Comportamiento 9. Capacidad fiscal restringida (comportamiento transversal),MinCiencias,True
$29.400 millones,MONEY,regex,P0531-S01,P0531,64,II. Comportamientos críticos nocivos para el Estado > Comportamiento 9. Capacidad fiscal restringida (comportamiento transversal) > Caso 58. Deporte,Comportamiento 9. Capacidad fiscal restringida (comportamiento transversal),$29.400 millones,False
Colombia,GPE_LOC,spacy,P0531-S02,P0531,64,II. Comportamientos críticos nocivos para el Estado > Comportamiento 9. Capacidad fiscal restringida (comportamiento transversal) > Caso 58. Deporte,Comportamiento 9. Capacidad fiscal restringida (comportamiento transversal),Colombia,False
Sistema Nacional del Deporte,GPE_LOC,spacy,P0532-S01,P0532,64,II. Comportamientos críticos nocivos para el Estado > Comportamiento 9. Capacidad fiscal restringida (comportamiento transversal) > Caso 58. Deporte,Comportamiento 9. Capacidad fiscal restringida (comportamiento transversal),Sistema Nacional del Deporte,False
Colombia,GPE_LOC,spacy,P0532-S02,P0532,64,II. Comportamientos críticos nocivos para el Estado > Comportamiento 9. Capacidad fiscal restringida (comportamiento transversal) > Caso 58. Deporte,Comportamiento 9. Capacidad fiscal restringida (comportamiento transversal),Colombia,False
Estado,GENERIC,spacy,P0532-S02,P0532,64,II. Comportamientos críticos nocivos para el Estado > Comportamiento 9. Capacidad fiscal restringida (comportamiento transversal) > Caso 58. Deporte,Comportamiento 9. Capacidad fiscal restringida (comportamiento transversal),Estado,False
Estado,GENERIC,spacy,P0533-S02,P0533,65,II. Comportamientos críticos nocivos para el Estado > Comportamiento 9. Capacidad fiscal restringida (comportamiento transversal) > Caso 58. Deporte,Comportamiento 9. Capacidad fiscal restringida (comportamiento transversal),Estado,False
Caen,GPE_LOC,spacy,P0536-S01,P0536,65,II. Comportamientos críticos nocivos para el Estado > Comportamiento 9. Capacidad fiscal restringida (comportamiento transversal) > Caso 59. Planeación,Comportamiento 9. Capacidad fiscal restringida (comportamiento transversal),Caen,False
Sistema General de Regalías,GPE_LOC,spacy,P0536-S01,P0536,65,II. Comportamientos críticos nocivos para el Estado > Comportamiento 9. Capacidad fiscal restringida (comportamiento transversal) > Caso 59. Planeación,Comportamiento 9. Capacidad fiscal restringida (comportamiento transversal),Sistema General de Regalías,False
Sistema General de Regalías,GPE_LOC,spacy,P0537-S01,P0537,65,II. Comportamientos críticos nocivos para el Estado > Comportamiento 9. Capacidad fiscal restringida (comportamiento transversal) > Caso 59. Planeación,Comportamiento 9. Capacidad fiscal restringida (comportamiento transversal),Sistema General de Regalías,False
SGR,ORG,spacy,P0537-S01,P0537,65,II. Comportamientos críticos nocivos para el Estado > Comportamiento 9. Capacidad fiscal restringida (comportamiento transversal) > Caso 59. Planeación,Comportamiento 9. Capacidad fiscal restringida (comportamiento transversal),Sistema General de Regalías,False
Sistema General de Regalías,GPE_LOC,spacy,P0538-S03,P0538,65,II. Comportamientos críticos nocivos para el Estado > Comportamiento 9. Capacidad fiscal restringida (comportamiento transversal) > Caso 59. Planeación,Comportamiento 9. Capacidad fiscal restringida (comportamiento transversal),Sistema General de Regalías,False
31 de mayo de 2026,DATE,regex,P0539-S02,P0539,65,II. Comportamientos críticos nocivos para el Estado > Comportamiento 9. Capacidad fiscal restringida (comportamiento transversal) > Caso 59. Planeación,Comportamiento 9. Capacidad fiscal restringida (comportamiento transversal),31 de mayo de 2026,False
"$15,1 billones",MONEY,regex,P0539-S02,P0539,65,II. Comportamientos críticos nocivos para el Estado > Comportamiento 9. Capacidad fiscal restringida (comportamiento transversal) > Caso 59. Planeación,Comportamiento 9. Capacidad fiscal restringida (comportamiento transversal),"$15,1 billones",False
"$2,8 billones",MONEY,regex,P0539-S02,P0539,65,II. Comportamientos críticos nocivos para el Estado > Comportamiento 9. Capacidad fiscal restringida (comportamiento transversal) > Caso 59. Planeación,Comportamiento 9. Capacidad fiscal restringida (comportamiento transversal),"$2,8 billones",False
59%,PERCENT,regex,P0539-S02,P0539,65,II. Comportamientos críticos nocivos para el Estado > Comportamiento 9. Capacidad fiscal restringida (comportamiento transversal) > Caso 59. Planeación,Comportamiento 9. Capacidad fiscal restringida (comportamiento transversal),59%,False
84%,PERCENT,regex,P0539-S02,P0539,65,II. Comportamientos críticos nocivos para el Estado > Comportamiento 9. Capacidad fiscal restringida (comportamiento transversal) > Caso 59. Planeación,Comportamiento 9. Capacidad fiscal restringida (comportamiento transversal),84%,False
Plan Bienal de Caja,MISC,spacy,P0539-S02,P0539,65,II. Comportamientos críticos nocivos para el Estado > Comportamiento 9. Capacidad fiscal restringida (comportamiento transversal) > Caso 59. Planeación,Comportamiento 9. Capacidad fiscal restringida (comportamiento transversal),Plan Bienal de Caja,False
PBC,ORG,spacy,P0539-S02,P0539,65,II. Comportamientos críticos nocivos para el Estado > Comportamiento 9. Capacidad fiscal restringida (comportamiento transversal) > Caso 59. Planeación,Comportamiento 9. Capacidad fiscal restringida (comportamiento transversal),Plan Bienal de Caja,False
SGR,ORG,spacy,P0539-S03,P0539,65,II. Comportamientos críticos nocivos para el Estado > Comportamiento 9. Capacidad fiscal restringida (comportamiento transversal) > Caso 59. Planeación,Comportamiento 9. Capacidad fiscal restringida (comportamiento transversal),Sistema General de Regalías,False
julio de 2026,DATE,regex,P0540-S02,P0540,65,II. Comportamientos críticos nocivos para el Estado > Comportamiento 9. Capacidad fiscal restringida (comportamiento transversal) > Caso 59. Planeación,Comportamiento 9. Capacidad fiscal restringida (comportamiento transversal),julio de 2026,False
Equipo Élite Anticorrupción,MISC,spacy,P0546-S01,P0546,67,III. Hallazgos en materia de corrupción y balance de acciones > Introducción del capítulo,Introducción del capítulo,Equipo Élite Anticorrupción,True
Equipo,GENERIC,spacy,P0547-S01,P0547,67,III. Hallazgos en materia de corrupción y balance de acciones > Introducción del capítulo,Introducción del capítulo,Equipo,False
Equipo Élite,ORG,spacy,P0549-S01,P0549,67,III. Hallazgos en materia de corrupción y balance de acciones > Introducción del capítulo,Introducción del capítulo,Equipo Élite,True
Administración,ORG,spacy,P0549-S02,P0549,67,III. Hallazgos en materia de corrupción y balance de acciones > Introducción del capítulo,Introducción del capítulo,Administración,False
$786.000 millones,MONEY,regex,P0551-S01,P0551,67,III. Hallazgos en materia de corrupción y balance de acciones > Caso 1. ESSMAR E.S.P.,Caso 1. ESSMAR E.S.P.,$786.000 millones,False
santa marta,GPE_LOC,spacy,P0551-S01,P0551,67,III. Hallazgos en materia de corrupción y balance de acciones > Caso 1. ESSMAR E.S.P.,Caso 1. ESSMAR E.S.P.,santa marta,False
Empresa de Servicios Públicos de Santa Marta,ORG,spacy,P0552-S01,P0552,67,III. Hallazgos en materia de corrupción y balance de acciones > Caso 1. ESSMAR E.S.P.,Caso 1. ESSMAR E.S.P.,Empresa de Servicios Públicos de Santa Marta,False
Superintendencia de Servicios Públicos Domiciliarios-,ORG,spacy,P0552-S01,P0552,67,III. Hallazgos en materia de corrupción y balance de acciones > Caso 1. ESSMAR E.S.P.,Caso 1. ESSMAR E.S.P.,Superintendencia de Servicios Públicos Domiciliarios-,True
Equipo Élite,ORG,spacy,P0552-S01,P0552,67,III. Hallazgos en materia de corrupción y balance de acciones > Caso 1. ESSMAR E.S.P.,Caso 1. ESSMAR E.S.P.,Equipo Élite,True
19 de junio de 2026,DATE,regex,P0552-S02,P0552,67,III. Hallazgos en materia de corrupción y balance de acciones > Caso 1. ESSMAR E.S.P.,Caso 1. ESSMAR E.S.P.,19 de junio de 2026,False
$786.000 millones,MONEY,regex,P0552-S02,P0552,67,III. Hallazgos en materia de corrupción y balance de acciones > Caso 1. ESSMAR E.S.P.,Caso 1. ESSMAR E.S.P.,$786.000 millones,False
Gobierno,GENERIC,spacy,P0552-S02,P0552,67,III. Hallazgos en materia de corrupción y balance de acciones > Caso 1. ESSMAR E.S.P.,Caso 1. ESSMAR E.S.P.,Gobierno,False
CONPES,ORG,spacy,P0553-S01,P0553,68,III. Hallazgos en materia de corrupción y balance de acciones > Caso 1. ESSMAR E.S.P.,Caso 1. ESSMAR E.S.P.,CONPES,False
25 de julio de 2026,DATE,regex,P0554-S01,P0554,68,III. Hallazgos en materia de corrupción y balance de acciones > Caso 1. ESSMAR E.S.P.,Caso 1. ESSMAR E.S.P.,25 de julio de 2026,False
Equipo Élite,ORG,spacy,P0554-S01,P0554,68,III. Hallazgos en materia de corrupción y balance de acciones > Caso 1. ESSMAR E.S.P.,Caso 1. ESSMAR E.S.P.,Equipo Élite,True
Pro- curaduría General de la Nación,ORG,spacy,P0554-S01,P0554,68,III. Hallazgos en materia de corrupción y balance de acciones > Caso 1. ESSMAR E.S.P.,Caso 1. ESSMAR E.S.P.,Pro- curaduría General de la Nación,False
Contrato CMA,MISC,spacy,P0554-S01,P0554,68,III. Hallazgos en materia de corrupción y balance de acciones > Caso 1. ESSMAR E.S.P.,Caso 1. ESSMAR E.S.P.,Contrato CMA,False
ESSMAR E.S.P,MISC,spacy,P0554-S01,P0554,68,III. Hallazgos en materia de corrupción y balance de acciones > Caso 1. ESSMAR E.S.P.,Caso 1. ESSMAR E.S.P.,ESSMAR E.S.P,True
29 de julio de 2026,DATE,regex,P0555-S02,P0555,68,III. Hallazgos en materia de corrupción y balance de acciones > Caso 1. ESSMAR E.S.P.,Caso 1. ESSMAR E.S.P.,29 de julio de 2026,False
Procuraduría,ORG,spacy,P0555-S02,P0555,68,III. Hallazgos en materia de corrupción y balance de acciones > Caso 1. ESSMAR E.S.P.,Caso 1. ESSMAR E.S.P.,Procuraduría,True
Santa Marta,GPE_LOC,spacy,P0555-S03,P0555,68,III. Hallazgos en materia de corrupción y balance de acciones > Caso 1. ESSMAR E.S.P.,Caso 1. ESSMAR E.S.P.,Santa Marta,False
6 de julio de 2026,DATE,regex,P0558-S01,P0558,68,III. Hallazgos en materia de corrupción y balance de acciones > Caso 2. DAPRE,Caso 2. DAPRE,6 de julio de 2026,False
Resolución 0478,LAW,regex,P0558-S01,P0558,68,III. Hallazgos en materia de corrupción y balance de acciones > Caso 2. DAPRE,Caso 2. DAPRE,Resolución 0478,False
Departamento Administrativo de la Presidencia de la República,ORG,spacy,P0558-S01,P0558,68,III. Hallazgos en materia de corrupción y balance de acciones > Caso 2. DAPRE,Caso 2. DAPRE,Departamento Administrativo de la Presidencia de la República,True
Equipo Élite,ORG,spacy,P0558-S01,P0558,68,III. Hallazgos en materia de corrupción y balance de acciones > Caso 2. DAPRE,Caso 2. DAPRE,Equipo Élite,True
26 de julio,DATE,regex,P0558-S02,P0558,68,III. Hallazgos en materia de corrupción y balance de acciones > Caso 2. DAPRE,Caso 2. DAPRE,26 de julio,False
2 de agosto de 2026,DATE,regex,P0558-S02,P0558,68,III. Hallazgos en materia de corrupción y balance de acciones > Caso 2. DAPRE,Caso 2. DAPRE,2 de agosto de 2026,False
Gobierno,GENERIC,spacy,P0558-S02,P0558,68,III. Hallazgos en materia de corrupción y balance de acciones > Caso 2. DAPRE,Caso 2. DAPRE,Gobierno,False
9 de julio de 2026,DATE,regex,P0559-S01,P0559,68,III. Hallazgos en materia de corrupción y balance de acciones > Caso 2. DAPRE,Caso 2. DAPRE,9 de julio de 2026,False
Equipo Élite,ORG,spacy,P0559-S01,P0559,68,III. Hallazgos en materia de corrupción y balance de acciones > Caso 2. DAPRE,Caso 2. DAPRE,Equipo Élite,True
Consejo de Estado,ORG,spacy,P0559-S01,P0559,68,III. Hallazgos en materia de corrupción y balance de acciones > Caso 2. DAPRE,Caso 2. DAPRE,Consejo de Estado,True
28 de julio de 2026,DATE,regex,P0560-S01,P0560,68,III. Hallazgos en materia de corrupción y balance de acciones > Caso 2. DAPRE,Caso 2. DAPRE,28 de julio de 2026,False
Consejo de Estado,ORG,spacy,P0560-S01,P0560,68,III. Hallazgos en materia de corrupción y balance de acciones > Caso 2. DAPRE,Caso 2. DAPRE,Consejo de Estado,True
$900.000 millones,MONEY,regex,P0562-S01,P0562,69,"III. Hallazgos en materia de corrupción y balance de acciones > Caso 3. OCAD de ciencia, tecnología e innovación","Caso 3. OCAD de ciencia, tecnología e innovación",$900.000 millones,False
No,MISC,spacy,P0563-S01,P0563,69,"III. Hallazgos en materia de corrupción y balance de acciones > Caso 3. OCAD de ciencia, tecnología e innovación","Caso 3. OCAD de ciencia, tecnología e innovación",No,False
6 de agosto de 2026,DATE,regex,P0563-S02,P0563,69,"III. Hallazgos en materia de corrupción y balance de acciones > Caso 3. OCAD de ciencia, tecnología e innovación","Caso 3. OCAD de ciencia, tecnología e innovación",6 de agosto de 2026,False
Órgano Colegiado de Administración,ORG,spacy,P0563-S02,P0563,69,"III. Hallazgos en materia de corrupción y balance de acciones > Caso 3. OCAD de ciencia, tecnología e innovación","Caso 3. OCAD de ciencia, tecnología e innovación",Órgano Colegiado de Administración,False
Decisión de Ciencia,MISC,spacy,P0563-S02,P0563,69,"III. Hallazgos en materia de corrupción y balance de acciones > Caso 3. OCAD de ciencia, tecnología e innovación","Caso 3. OCAD de ciencia, tecnología e innovación",Decisión de Ciencia,False
Tecnología e Innovación,MISC,spacy,P0563-S02,P0563,69,"III. Hallazgos en materia de corrupción y balance de acciones > Caso 3. OCAD de ciencia, tecnología e innovación","Caso 3. OCAD de ciencia, tecnología e innovación",Tecnología e Innovación,False
OCAD de CTeI,GPE_LOC,spacy,P0563-S02,P0563,69,"III. Hallazgos en materia de corrupción y balance de acciones > Caso 3. OCAD de ciencia, tecnología e innovación","Caso 3. OCAD de ciencia, tecnología e innovación",OCAD de CTeI,True
Gobierno,GENERIC,spacy,P0563-S02,P0563,69,"III. Hallazgos en materia de corrupción y balance de acciones > Caso 3. OCAD de ciencia, tecnología e innovación","Caso 3. OCAD de ciencia, tecnología e innovación",Gobierno,False
$900.000 millones,MONEY,regex,P0563-S03,P0563,69,"III. Hallazgos en materia de corrupción y balance de acciones > Caso 3. OCAD de ciencia, tecnología e innovación","Caso 3. OCAD de ciencia, tecnología e innovación",$900.000 millones,False
Equipo Élite,ORG,spacy,P0563-S03,P0563,69,"III. Hallazgos en materia de corrupción y balance de acciones > Caso 3. OCAD de ciencia, tecnología e innovación","Caso 3. OCAD de ciencia, tecnología e innovación",Equipo Élite,True
Equipo,GENERIC,spacy,P0564-S01,P0564,69,"III. Hallazgos en materia de corrupción y balance de acciones > Caso 3. OCAD de ciencia, tecnología e innovación","Caso 3. OCAD de ciencia, tecnología e innovación",Equipo,False
Procuraduría General de la Nación,ORG,spacy,P0564-S01,P0564,69,"III. Hallazgos en materia de corrupción y balance de acciones > Caso 3. OCAD de ciencia, tecnología e innovación","Caso 3. OCAD de ciencia, tecnología e innovación",Procuraduría General de la Nación,True
5 de agosto de 2026,DATE,regex,P0565-S01,P0565,69,"III. Hallazgos en materia de corrupción y balance de acciones > Caso 3. OCAD de ciencia, tecnología e innovación","Caso 3. OCAD de ciencia, tecnología e innovación",5 de agosto de 2026,False
Procuraduría,MISC,spacy,P0566-S01,P0566,69,"III. Hallazgos en materia de corrupción y balance de acciones > Caso 3. OCAD de ciencia, tecnología e innovación","Caso 3. OCAD de ciencia, tecnología e innovación",Procuraduría,True
Gobierno,GENERIC,spacy,P0566-S01,P0566,69,"III. Hallazgos en materia de corrupción y balance de acciones > Caso 3. OCAD de ciencia, tecnología e innovación","Caso 3. OCAD de ciencia, tecnología e innovación",Gobierno,False
$23.663 millones,MONEY,regex,P0568-S01,P0568,69,III. Hallazgos en materia de corrupción y balance de acciones > Caso 4. CENIT,Caso 4. CENIT,$23.663 millones,False
$117 millones,MONEY,regex,P0568-S01,P0568,69,III. Hallazgos en materia de corrupción y balance de acciones > Caso 4. CENIT,Caso 4. CENIT,$117 millones,False
Equipo Élite,ORG,spacy,P0569-S01,P0569,69,III. Hallazgos en materia de corrupción y balance de acciones > Caso 4. CENIT,Caso 4. CENIT,Equipo Élite,True
Contrato No,MISC,spacy,P0569-S01,P0569,69,III. Hallazgos en materia de corrupción y balance de acciones > Caso 4. CENIT,Caso 4. CENIT,Contrato No,False
$23.663 millones,MONEY,regex,P0569-S02,P0569,69,III. Hallazgos en materia de corrupción y balance de acciones > Caso 4. CENIT,Caso 4. CENIT,$23.663 millones,False
CENIT Transporte y Logística de Hidrocarburos S.A.S,ORG,spacy,P0569-S02,P0569,69,III. Hallazgos en materia de corrupción y balance de acciones > Caso 4. CENIT,Caso 4. CENIT,CENIT Transporte y Logística de Hidrocarburos S.A.S,True
S.A.S,ORG,spacy,P0569-S02,P0569,69,III. Hallazgos en materia de corrupción y balance de acciones > Caso 4. CENIT,Caso 4. CENIT,S.A.S,False
$117 millones,MONEY,regex,P0570-S02,P0570,69,III. Hallazgos en materia de corrupción y balance de acciones > Caso 4. CENIT,Caso 4. CENIT,$117 millones,False
CENIT,ORG,spacy,P0570-S04,P0570,69,III. Hallazgos en materia de corrupción y balance de acciones > Caso 4. CENIT,Caso 4. CENIT,CENIT,True
Equipo Élite,ORG,spacy,P0571-S01,P0571,70,III. Hallazgos en materia de corrupción y balance de acciones > Caso 4. CENIT,Caso 4. CENIT,Equipo Élite,True
12 de julio de 2026,DATE,regex,P0572-S01,P0572,70,III. Hallazgos en materia de corrupción y balance de acciones > Caso 4. CENIT,Caso 4. CENIT,12 de julio de 2026,False
4 de agosto de 2026,DATE,regex,P0572-S01,P0572,70,III. Hallazgos en materia de corrupción y balance de acciones > Caso 4. CENIT,Caso 4. CENIT,4 de agosto de 2026,False
Fiscalía General de la Nación,ORG,spacy,P0572-S01,P0572,70,III. Hallazgos en materia de corrupción y balance de acciones > Caso 4. CENIT,Caso 4. CENIT,Fiscalía General de la Nación,True
Vicepresidencia Jurídica,ORG,spacy,P0573-S01,P0573,70,III. Hallazgos en materia de corrupción y balance de acciones > Caso 4. CENIT,Caso 4. CENIT,Vicepresidencia Jurídica,True
CENIT,ORG,spacy,P0573-S01,P0573,70,III. Hallazgos en materia de corrupción y balance de acciones > Caso 4. CENIT,Caso 4. CENIT,CENIT,True
Equipo,GENERIC,spacy,P0573-S02,P0573,70,III. Hallazgos en materia de corrupción y balance de acciones > Caso 4. CENIT,Caso 4. CENIT,Equipo,False
$165.492 MILLONES,MONEY,regex,P0575-S01,P0575,70,III. Hallazgos en materia de corrupción y balance de acciones > Caso 5. FENOGE,Caso 5. FENOGE,$165.492 MILLONES,False
PLENO PROCESO CONTRACTUAL DE,MISC,spacy,P0575-S01,P0575,70,III. Hallazgos en materia de corrupción y balance de acciones > Caso 5. FENOGE,Caso 5. FENOGE,PLENO PROCESO CONTRACTUAL DE,False
Programa Colombia Solar,ORG,spacy,P0576-S01,P0576,70,III. Hallazgos en materia de corrupción y balance de acciones > Caso 5. FENOGE,Caso 5. FENOGE,Programa Colombia Solar,False
Fondo de Energías No Convencionales y Gestión Eficiente de la Energía,ORG,spacy,P0576-S01,P0576,70,III. Hallazgos en materia de corrupción y balance de acciones > Caso 5. FENOGE,Caso 5. FENOGE,Fondo de Energías No Convencionales y Gestión Eficiente de la Energía,True
FENOGE,MISC,spacy,P0576-S01,P0576,70,III. Hallazgos en materia de corrupción y balance de acciones > Caso 5. FENOGE,Caso 5. FENOGE,FENOGE,True
Equipo Élite,ORG,spacy,P0576-S01,P0576,70,III. Hallazgos en materia de corrupción y balance de acciones > Caso 5. FENOGE,Caso 5. FENOGE,Equipo Élite,True
julio de 2026,DATE,regex,P0576-S02,P0576,70,III. Hallazgos en materia de corrupción y balance de acciones > Caso 5. FENOGE,Caso 5. FENOGE,julio de 2026,False
$165.492 millones,MONEY,regex,P0576-S02,P0576,70,III. Hallazgos en materia de corrupción y balance de acciones > Caso 5. FENOGE,Caso 5. FENOGE,$165.492 millones,False
21 de julio de 2026,DATE,regex,P0578-S01,P0578,70,III. Hallazgos en materia de corrupción y balance de acciones > Caso 5. FENOGE,Caso 5. FENOGE,21 de julio de 2026,False
Equipo Élite,ORG,spacy,P0578-S01,P0578,70,III. Hallazgos en materia de corrupción y balance de acciones > Caso 5. FENOGE,Caso 5. FENOGE,Equipo Élite,True
Procuraduría General de la Nación,ORG,spacy,P0578-S01,P0578,70,III. Hallazgos en materia de corrupción y balance de acciones > Caso 5. FENOGE,Caso 5. FENOGE,Procuraduría General de la Nación,True
3 de agosto de 2026,DATE,regex,P0579-S01,P0579,70,III. Hallazgos en materia de corrupción y balance de acciones > Caso 5. FENOGE,Caso 5. FENOGE,3 de agosto de 2026,False
Procuraduría,MISC,spacy,P0579-S01,P0579,70,III. Hallazgos en materia de corrupción y balance de acciones > Caso 5. FENOGE,Caso 5. FENOGE,Procuraduría,True
Director Ejecutivo de FENOGE,ORG,spacy,P0579-S01,P0579,70,III. Hallazgos en materia de corrupción y balance de acciones > Caso 5. FENOGE,Caso 5. FENOGE,Director Ejecutivo de FENOGE,True
20 de marzo de 2026,DATE,regex,P0582-S01,P0582,71,III. Hallazgos en materia de corrupción y balance de acciones > Caso 6. Electrohuila,Caso 6. Electrohuila,20 de marzo de 2026,False
Equipo Élite,ORG,spacy,P0582-S01,P0582,71,III. Hallazgos en materia de corrupción y balance de acciones > Caso 6. Electrohuila,Caso 6. Electrohuila,Equipo Élite,True
Asamblea General de Accionistas,ORG,spacy,P0582-S01,P0582,71,III. Hallazgos en materia de corrupción y balance de acciones > Caso 6. Electrohuila,Caso 6. Electrohuila,Asamblea General de Accionistas,False
ELECTROHUILA,ORG,spacy,P0582-S01,P0582,71,III. Hallazgos en materia de corrupción y balance de acciones > Caso 6. Electrohuila,Caso 6. Electrohuila,ELECTROHUILA,True
Gerente General,PERSON,spacy,P0582-S01,P0582,71,III. Hallazgos en materia de corrupción y balance de acciones > Caso 6. Electrohuila,Caso 6. Electrohuila,Gerente General,False
Junta Directiva,ORG,spacy,P0584-S01,P0584,71,III. Hallazgos en materia de corrupción y balance de acciones > Caso 6. Electrohuila,Caso 6. Electrohuila,Junta Directiva,False
Equipo Élite,ORG,spacy,P0584-S02,P0584,71,III. Hallazgos en materia de corrupción y balance de acciones > Caso 6. Electrohuila,Caso 6. Electrohuila,Equipo Élite,True
13 de julio de 2026,DATE,regex,P0585-S01,P0585,71,III. Hallazgos en materia de corrupción y balance de acciones > Caso 6. Electrohuila,Caso 6. Electrohuila,13 de julio de 2026,False
Gerente General,ORG,spacy,P0585-S01,P0585,71,III. Hallazgos en materia de corrupción y balance de acciones > Caso 6. Electrohuila,Caso 6. Electrohuila,Gerente General,False
Procuraduría General de la Nación,ORG,spacy,P0586-S01,P0586,71,III. Hallazgos en materia de corrupción y balance de acciones > Caso 6. Electrohuila,Caso 6. Electrohuila,Procuraduría General de la Nación,True
Procuraduría Regional del Huila,GPE_LOC,spacy,P0586-S01,P0586,71,III. Hallazgos en materia de corrupción y balance de acciones > Caso 6. Electrohuila,Caso 6. Electrohuila,Procuraduría Regional del Huila,True
páramo de Santurbán,GPE_LOC,spacy,P0589-S01,P0589,71,III. Hallazgos en materia de corrupción y balance de acciones > Caso 7. Páramo de Santurbán,Caso 7. Páramo de Santurbán,páramo de Santurbán,False
2017,DATE,regex,P0589-S02,P0589,71,III. Hallazgos en materia de corrupción y balance de acciones > Caso 7. Páramo de Santurbán,Caso 7. Páramo de Santurbán,2017,False
Corte Constitucional,ORG,spacy,P0589-S02,P0589,71,III. Hallazgos en materia de corrupción y balance de acciones > Caso 7. Páramo de Santurbán,Caso 7. Páramo de Santurbán,Corte Constitucional,True
Consejo de Estado,ORG,spacy,P0589-S02,P0589,71,III. Hallazgos en materia de corrupción y balance de acciones > Caso 7. Páramo de Santurbán,Caso 7. Páramo de Santurbán,Consejo de Estado,True
Equipo Élite,ORG,spacy,P0590-S01,P0590,71,III. Hallazgos en materia de corrupción y balance de acciones > Caso 7. Páramo de Santurbán,Caso 7. Páramo de Santurbán,Equipo Élite,True
19 de julio,DATE,regex,P0591-S01,P0591,71,III. Hallazgos en materia de corrupción y balance de acciones > Caso 7. Páramo de Santurbán,Caso 7. Páramo de Santurbán,19 de julio,False
Equipo Élite,ORG,spacy,P0591-S01,P0591,71,III. Hallazgos en materia de corrupción y balance de acciones > Caso 7. Páramo de Santurbán,Caso 7. Páramo de Santurbán,Equipo Élite,True
Procuraduría General de la Nación,ORG,spacy,P0592-S01,P0592,72,III. Hallazgos en materia de corrupción y balance de acciones > Caso 7. Páramo de Santurbán,Caso 7. Páramo de Santurbán,Procuraduría General de la Nación,True
Ambiente,GENERIC,spacy,P0592-S01,P0592,72,III. Hallazgos en materia de corrupción y balance de acciones > Caso 7. Páramo de Santurbán,Caso 7. Páramo de Santurbán,Ambiente,False
Susana Muhamad,PERSON,spacy,P0592-S01,P0592,72,III. Hallazgos en materia de corrupción y balance de acciones > Caso 7. Páramo de Santurbán,Caso 7. Páramo de Santurbán,Susana Muhamad,False
Irene Vélez,PERSON,spacy,P0592-S01,P0592,72,III. Hallazgos en materia de corrupción y balance de acciones > Caso 7. Páramo de Santurbán,Caso 7. Páramo de Santurbán,Irene Vélez,False
Reforma Agraria,MISC,spacy,P0595-S01,P0595,72,III. Hallazgos en materia de corrupción y balance de acciones > Caso 8. Reforma agraria,Caso 8. Reforma agraria,Reforma Agraria,False
Fondo de Tierras,ORG,spacy,P0595-S02,P0595,72,III. Hallazgos en materia de corrupción y balance de acciones > Caso 8. Reforma agraria,Caso 8. Reforma agraria,Fondo de Tierras,True
$1 billón de pesos,MONEY,regex,P0596-S02,P0596,72,III. Hallazgos en materia de corrupción y balance de acciones > Caso 8. Reforma agraria,Caso 8. Reforma agraria,$1 billón de pesos,False
Agencia Nacional de Tierras,ORG,spacy,P0596-S02,P0596,72,III. Hallazgos en materia de corrupción y balance de acciones > Caso 8. Reforma agraria,Caso 8. Reforma agraria,Agencia Nacional de Tierras,True
Convenio Marco,MISC,spacy,P0596-S03,P0596,72,III. Hallazgos en materia de corrupción y balance de acciones > Caso 8. Reforma agraria,Caso 8. Reforma agraria,Convenio Marco,False
Sociedad de Activos Especiales,ORG,spacy,P0596-S03,P0596,72,III. Hallazgos en materia de corrupción y balance de acciones > Caso 8. Reforma agraria,Caso 8. Reforma agraria,Sociedad de Activos Especiales,True
2025,DATE,regex,P0596-S04,P0596,72,III. Hallazgos en materia de corrupción y balance de acciones > Caso 8. Reforma agraria,Caso 8. Reforma agraria,2025,False
Equipo Élite,ORG,spacy,P0596-S04,P0596,72,III. Hallazgos en materia de corrupción y balance de acciones > Caso 8. Reforma agraria,Caso 8. Reforma agraria,Equipo Élite,True
Contraloría General de la República,ORG,spacy,P0596-S04,P0596,72,III. Hallazgos en materia de corrupción y balance de acciones > Caso 8. Reforma agraria,Caso 8. Reforma agraria,Contraloría General de la República,True
Equipo Élite,ORG,spacy,P0597-S01,P0597,72,III. Hallazgos en materia de corrupción y balance de acciones > Caso 8. Reforma agraria,Caso 8. Reforma agraria,Equipo Élite,True
Equipo Élite,ORG,spacy,P0600-S01,P0600,72,III. Hallazgos en materia de corrupción y balance de acciones > Caso 9. Caminos comunitarios para la paz,Caso 9. Caminos comunitarios para la paz,Equipo Élite,True
$612.000 millones,MONEY,regex,P0600-S02,P0600,72,III. Hallazgos en materia de corrupción y balance de acciones > Caso 9. Caminos comunitarios para la paz,Caso 9. Caminos comunitarios para la paz,$612.000 millones,False
Juntas,MISC,spacy,P0600-S02,P0600,72,III. Hallazgos en materia de corrupción y balance de acciones > Caso 9. Caminos comunitarios para la paz,Caso 9. Caminos comunitarios para la paz,Juntas,False
Acción Comunal,ORG,spacy,P0600-S02,P0600,72,III. Hallazgos en materia de corrupción y balance de acciones > Caso 9. Caminos comunitarios para la paz,Caso 9. Caminos comunitarios para la paz,Acción Comunal,False
JAC,ORG,spacy,P0600-S02,P0600,72,III. Hallazgos en materia de corrupción y balance de acciones > Caso 9. Caminos comunitarios para la paz,Caso 9. Caminos comunitarios para la paz,Juntas de Acción Comunal,False
Contraloría General de la República,ORG,spacy,P0601-S01,P0601,72,III. Hallazgos en materia de corrupción y balance de acciones > Caso 9. Caminos comunitarios para la paz,Caso 9. Caminos comunitarios para la paz,Contraloría General de la República,True
$2.289 millones,MONEY,regex,P0601-S03,P0601,72,III. Hallazgos en materia de corrupción y balance de acciones > Caso 9. Caminos comunitarios para la paz,Caso 9. Caminos comunitarios para la paz,$2.289 millones,False
Antioquia,GPE_LOC,spacy,P0601-S03,P0601,72,III. Hallazgos en materia de corrupción y balance de acciones > Caso 9. Caminos comunitarios para la paz,Caso 9. Caminos comunitarios para la paz,Antioquia,False
Equipo Élite,ORG,spacy,P0602-S01,P0602,73,III. Hallazgos en materia de corrupción y balance de acciones > Caso 9. Caminos comunitarios para la paz,Caso 9. Caminos comunitarios para la paz,Equipo Élite,True
Gobierno,GENERIC,spacy,P0605-S01,P0605,73,III. Hallazgos en materia de corrupción y balance de acciones > Caso 10. Servicios de ciberseguridad,Caso 10. Servicios de ciberseguridad,Gobierno,False
Colombia Compra Eficiente,PERSON,spacy,P0605-S01,P0605,73,III. Hallazgos en materia de corrupción y balance de acciones > Caso 10. Servicios de ciberseguridad,Caso 10. Servicios de ciberseguridad,Colombia Compra Eficiente,True
CCE,ORG,spacy,P0605-S01,P0605,73,III. Hallazgos en materia de corrupción y balance de acciones > Caso 10. Servicios de ciberseguridad,Caso 10. Servicios de ciberseguridad,Colombia Compra Eficiente,True
$0,MONEY,regex,P0605-S02,P0605,73,III. Hallazgos en materia de corrupción y balance de acciones > Caso 10. Servicios de ciberseguridad,Caso 10. Servicios de ciberseguridad,$0,False
$300.000 millones,MONEY,regex,P0605-S02,P0605,73,III. Hallazgos en materia de corrupción y balance de acciones > Caso 10. Servicios de ciberseguridad,Caso 10. Servicios de ciberseguridad,$300.000 millones,False
SECOP,MISC,spacy,P0605-S02,P0605,73,III. Hallazgos en materia de corrupción y balance de acciones > Caso 10. Servicios de ciberseguridad,Caso 10. Servicios de ciberseguridad,SECOP,False
Gobierno,GENERIC,spacy,P0606-S02,P0606,73,III. Hallazgos en materia de corrupción y balance de acciones > Caso 10. Servicios de ciberseguridad,Caso 10. Servicios de ciberseguridad,Gobierno,False
Colombia Compra Eficiente,ORG,spacy,P0608-S02,P0608,73,III. Hallazgos en materia de corrupción y balance de acciones > Caso 10. Servicios de ciberseguridad,Caso 10. Servicios de ciberseguridad,Colombia Compra Eficiente,True
CCE,ORG,spacy,P0608-S02,P0608,73,III. Hallazgos en materia de corrupción y balance de acciones > Caso 10. Servicios de ciberseguridad,Caso 10. Servicios de ciberseguridad,Colombia Compra Eficiente,True
Priorizadas,GPE_LOC,spacy,P0610-S01,P0610,73,III. Hallazgos en materia de corrupción y balance de acciones > Caso 11. Unidad Nacional de Protección (UNP),Caso 11. Unidad Nacional de Protección (UNP),Priorizadas,False
Colombia,GPE_LOC,spacy,P0611-S01,P0611,73,III. Hallazgos en materia de corrupción y balance de acciones > Caso 11. Unidad Nacional de Protección (UNP),Caso 11. Unidad Nacional de Protección (UNP),Colombia,False
$78.000 millones,MONEY,regex,P0611-S02,P0611,73,III. Hallazgos en materia de corrupción y balance de acciones > Caso 11. Unidad Nacional de Protección (UNP),Caso 11. Unidad Nacional de Protección (UNP),$78.000 millones,False
Unidad Nacional de Protección,ORG,spacy,P0611-S02,P0611,73,III. Hallazgos en materia de corrupción y balance de acciones > Caso 11. Unidad Nacional de Protección (UNP),Caso 11. Unidad Nacional de Protección (UNP),Unidad Nacional de Protección,True
UNP,ORG,spacy,P0611-S02,P0611,73,III. Hallazgos en materia de corrupción y balance de acciones > Caso 11. Unidad Nacional de Protección (UNP),Caso 11. Unidad Nacional de Protección (UNP),Unidad Nacional de Protección,True
Gobierno,GENERIC,spacy,P0612-S02,P0612,73,III. Hallazgos en materia de corrupción y balance de acciones > Caso 11. Unidad Nacional de Protección (UNP),Caso 11. Unidad Nacional de Protección (UNP),Gobierno,False
Procuraduría General de la Nación,ORG,spacy,P0612-S02,P0612,73,III. Hallazgos en materia de corrupción y balance de acciones > Caso 11. Unidad Nacional de Protección (UNP),Caso 11. Unidad Nacional de Protección (UNP),Procuraduría General de la Nación,True
Equipo Élite,ORG,spacy,P0613-S01,P0613,74,III. Hallazgos en materia de corrupción y balance de acciones > Caso 11. Unidad Nacional de Protección (UNP),Caso 11. Unidad Nacional de Protección (UNP),Equipo Élite,True
Director de la,MISC,spacy,P0613-S01,P0613,74,III. Hallazgos en materia de corrupción y balance de acciones > Caso 11. Unidad Nacional de Protección (UNP),Caso 11. Unidad Nacional de Protección (UNP),Director de la,False
Unidad Nacional de Protección,ORG,spacy,P0613-S01,P0613,74,III. Hallazgos en materia de corrupción y balance de acciones > Caso 11. Unidad Nacional de Protección (UNP),Caso 11. Unidad Nacional de Protección (UNP),Unidad Nacional de Protección,True
Juzgado Quinto Penal,ORG,spacy,P0614-S01,P0614,74,III. Hallazgos en materia de corrupción y balance de acciones > Caso 11. Unidad Nacional de Protección (UNP),Caso 11. Unidad Nacional de Protección (UNP),Juzgado Quinto Penal,True
Circuito de Pereira,GPE_LOC,spacy,P0614-S01,P0614,74,III. Hallazgos en materia de corrupción y balance de acciones > Caso 11. Unidad Nacional de Protección (UNP),Caso 11. Unidad Nacional de Protección (UNP),Circuito de Pereira,False
$68.500,MONEY,regex,P0616-S01,P0616,74,III. Hallazgos en materia de corrupción y balance de acciones > Caso 12. FONTUR,Caso 12. FONTUR,$68.500,False
$127.700 millones,MONEY,regex,P0616-S01,P0616,74,III. Hallazgos en materia de corrupción y balance de acciones > Caso 12. FONTUR,Caso 12. FONTUR,$127.700 millones,False
$68.500 millones,MONEY,regex,P0617-S01,P0617,74,III. Hallazgos en materia de corrupción y balance de acciones > Caso 12. FONTUR,Caso 12. FONTUR,$68.500 millones,False
$127.700 millones,MONEY,regex,P0617-S01,P0617,74,III. Hallazgos en materia de corrupción y balance de acciones > Caso 12. FONTUR,Caso 12. FONTUR,$127.700 millones,False
Equipo Élite,ORG,spacy,P0617-S01,P0617,74,III. Hallazgos en materia de corrupción y balance de acciones > Caso 12. FONTUR,Caso 12. FONTUR,Equipo Élite,True
Fondo Nacional del Turismo,ORG,spacy,P0617-S01,P0617,74,III. Hallazgos en materia de corrupción y balance de acciones > Caso 12. FONTUR,Caso 12. FONTUR,Fondo Nacional del Turismo,True
FONTUR,ORG,spacy,P0617-S01,P0617,74,III. Hallazgos en materia de corrupción y balance de acciones > Caso 12. FONTUR,Caso 12. FONTUR,FONTUR,True
"82,6%",PERCENT,regex,P0617-S02,P0617,74,III. Hallazgos en materia de corrupción y balance de acciones > Caso 12. FONTUR,Caso 12. FONTUR,"82,6%",False
Equipo Élite,ORG,spacy,P0618-S01,P0618,74,III. Hallazgos en materia de corrupción y balance de acciones > Caso 12. FONTUR,Caso 12. FONTUR,Equipo Élite,True
SECOP,MISC,spacy,P0618-S01,P0618,74,III. Hallazgos en materia de corrupción y balance de acciones > Caso 12. FONTUR,Caso 12. FONTUR,SECOP,False
Equipo Élite,ORG,spacy,P0618-S02,P0618,74,III. Hallazgos en materia de corrupción y balance de acciones > Caso 12. FONTUR,Caso 12. FONTUR,Equipo Élite,True
Acuerdo Marco,MISC,spacy,P0621-S01,P0621,74,"III. Hallazgos en materia de corrupción y balance de acciones > Caso 13. Acuerdo marco para el suministro, adquisición y dispensación de medicamentos II — $3 billones en juego","Caso 13. Acuerdo marco para el suministro, adquisición y dispensación de medicamentos II — $3 billones en juego",Acuerdo Marco,False
Medicamentos,MISC,spacy,P0621-S01,P0621,74,"III. Hallazgos en materia de corrupción y balance de acciones > Caso 13. Acuerdo marco para el suministro, adquisición y dispensación de medicamentos II — $3 billones en juego","Caso 13. Acuerdo marco para el suministro, adquisición y dispensación de medicamentos II — $3 billones en juego",Medicamentos,False
Colombia Compra Eficiente,ORG,spacy,P0621-S01,P0621,74,"III. Hallazgos en materia de corrupción y balance de acciones > Caso 13. Acuerdo marco para el suministro, adquisición y dispensación de medicamentos II — $3 billones en juego","Caso 13. Acuerdo marco para el suministro, adquisición y dispensación de medicamentos II — $3 billones en juego",Colombia Compra Eficiente,True
CCE,ORG,spacy,P0621-S01,P0621,74,"III. Hallazgos en materia de corrupción y balance de acciones > Caso 13. Acuerdo marco para el suministro, adquisición y dispensación de medicamentos II — $3 billones en juego","Caso 13. Acuerdo marco para el suministro, adquisición y dispensación de medicamentos II — $3 billones en juego",Colombia Compra Eficiente,True
Contraloría General de la República,ORG,spacy,P0623-S01,P0623,74,"III. Hallazgos en materia de corrupción y balance de acciones > Caso 13. Acuerdo marco para el suministro, adquisición y dispensación de medicamentos II — $3 billones en juego","Caso 13. Acuerdo marco para el suministro, adquisición y dispensación de medicamentos II — $3 billones en juego",Contraloría General de la República,True
Acuerdo Marco,MISC,spacy,P0623-S01,P0623,74,"III. Hallazgos en materia de corrupción y balance de acciones > Caso 13. Acuerdo marco para el suministro, adquisición y dispensación de medicamentos II — $3 billones en juego","Caso 13. Acuerdo marco para el suministro, adquisición y dispensación de medicamentos II — $3 billones en juego",Acuerdo Marco,False
Falta,GPE_LOC,spacy,P0625-S01,P0625,75,III. Hallazgos en materia de corrupción y balance de acciones > Caso 14. CODALTEC,Caso 14. CODALTEC,Falta,False
Corporación de Alta Tecnología para la Defensa,ORG,spacy,P0626-S01,P0626,75,III. Hallazgos en materia de corrupción y balance de acciones > Caso 14. CODALTEC,Caso 14. CODALTEC,Corporación de Alta Tecnología para la Defensa,False
CODALTEC,MISC,spacy,P0626-S01,P0626,75,III. Hallazgos en materia de corrupción y balance de acciones > Caso 14. CODALTEC,Caso 14. CODALTEC,CODALTEC,True
$60.300 millones,MONEY,regex,P0626-S02,P0626,75,III. Hallazgos en materia de corrupción y balance de acciones > Caso 14. CODALTEC,Caso 14. CODALTEC,$60.300 millones,False
Escudo Nacional Antidrones,MISC,spacy,P0626-S02,P0626,75,III. Hallazgos en materia de corrupción y balance de acciones > Caso 14. CODALTEC,Caso 14. CODALTEC,Escudo Nacional Antidrones,False
Equipo Élite,ORG,spacy,P0628-S01,P0628,75,III. Hallazgos en materia de corrupción y balance de acciones > Caso 14. CODALTEC,Caso 14. CODALTEC,Equipo Élite,True
Equipo Élite,ORG,spacy,P0631-S02,P0631,75,III. Hallazgos en materia de corrupción y balance de acciones > Caso 15. C.I. MEPRECOL S.A.S.,Caso 15. C.I. MEPRECOL S.A.S.,Equipo Élite,True
C.I. MEPRECOL S.A.S,ORG,spacy,P0631-S02,P0631,75,III. Hallazgos en materia de corrupción y balance de acciones > Caso 15. C.I. MEPRECOL S.A.S.,Caso 15. C.I. MEPRECOL S.A.S.,C.I. MEPRECOL S.A.S,False
Sociedad de Activos Especiales,ORG,spacy,P0631-S02,P0631,75,III. Hallazgos en materia de corrupción y balance de acciones > Caso 15. C.I. MEPRECOL S.A.S.,Caso 15. C.I. MEPRECOL S.A.S.,Sociedad de Activos Especiales,True
FRISCO,MISC,spacy,P0631-S02,P0631,75,III. Hallazgos en materia de corrupción y balance de acciones > Caso 15. C.I. MEPRECOL S.A.S.,Caso 15. C.I. MEPRECOL S.A.S.,FRISCO,False
DIAN,ORG,spacy,P0632-S03,P0632,75,III. Hallazgos en materia de corrupción y balance de acciones > Caso 15. C.I. MEPRECOL S.A.S.,Caso 15. C.I. MEPRECOL S.A.S.,DIAN,True
Equipo Élite,ORG,spacy,P0633-S01,P0633,75,III. Hallazgos en materia de corrupción y balance de acciones > Caso 15. C.I. MEPRECOL S.A.S.,Caso 15. C.I. MEPRECOL S.A.S.,Equipo Élite,True
Fiscalía General de la Nación,ORG,spacy,P0633-S01,P0633,75,III. Hallazgos en materia de corrupción y balance de acciones > Caso 15. C.I. MEPRECOL S.A.S.,Caso 15. C.I. MEPRECOL S.A.S.,Fiscalía General de la Nación,True
Equipo Élite,ORG,spacy,P0637-S01,P0637,76,III. Hallazgos en materia de corrupción y balance de acciones > Caso 16. Canal Trece,Caso 16. Canal Trece,Equipo Élite,True
Agencia Nacional de Tierras,ORG,spacy,P0638-S01,P0638,76,III. Hallazgos en materia de corrupción y balance de acciones > Caso 16. Canal Trece,Caso 16. Canal Trece,Agencia Nacional de Tierras,True
Teveandina Ltda,GPE_LOC,spacy,P0638-S01,P0638,76,III. Hallazgos en materia de corrupción y balance de acciones > Caso 16. Canal Trece,Caso 16. Canal Trece,Teveandina Ltda,False
$17.003 millones,MONEY,regex,P0638-S02,P0638,76,III. Hallazgos en materia de corrupción y balance de acciones > Caso 16. Canal Trece,Caso 16. Canal Trece,$17.003 millones,False
Canal Trece,GPE_LOC,spacy,P0638-S02,P0638,76,III. Hallazgos en materia de corrupción y balance de acciones > Caso 16. Canal Trece,Caso 16. Canal Trece,Canal Trece,True
Equipo Élite,ORG,spacy,P0640-S01,P0640,76,III. Hallazgos en materia de corrupción y balance de acciones > Caso 16. Canal Trece,Caso 16. Canal Trece,Equipo Élite,True
Fiscalía General de la Nación,ORG,spacy,P0640-S01,P0640,76,III. Hallazgos en materia de corrupción y balance de acciones > Caso 16. Canal Trece,Caso 16. Canal Trece,Fiscalía General de la Nación,True
8 de julio de 2026,DATE,regex,P0644-S02,P0644,76,III. Hallazgos en materia de corrupción y balance de acciones > Caso 17. ICBF,Caso 17. ICBF,8 de julio de 2026,False
Instituto Colombiano de Bienestar Familiar,ORG,spacy,P0644-S02,P0644,76,III. Hallazgos en materia de corrupción y balance de acciones > Caso 17. ICBF,Caso 17. ICBF,Instituto Colombiano de Bienestar Familiar,True
Equipo Élite,ORG,spacy,P0644-S02,P0644,76,III. Hallazgos en materia de corrupción y balance de acciones > Caso 17. ICBF,Caso 17. ICBF,Equipo Élite,True
Secretaría General,ORG,spacy,P0644-S02,P0644,76,III. Hallazgos en materia de corrupción y balance de acciones > Caso 17. ICBF,Caso 17. ICBF,Secretaría General,False
Equipo Élite,ORG,spacy,P0646-S01,P0646,77,III. Hallazgos en materia de corrupción y balance de acciones > Caso 17. ICBF,Caso 17. ICBF,Equipo Élite,True
Agencia Nacional de Defensa Jurídica del Estado,ORG,spacy,P0649-S01,P0649,77,III. Hallazgos en materia de corrupción y balance de acciones > Caso 18. Agencia Nacional de Defensa Jurídica del Estado (ANDJE) — 48 procesos contractuales bajo vigilancia,Caso 18. Agencia Nacional de Defensa Jurídica del Estado (ANDJE) — 48 procesos contractuales bajo vigilancia,Agencia Nacional de Defensa Jurídica del Estado,True
Ministro de Justicia,GPE_LOC,spacy,P0649-S02,P0649,77,III. Hallazgos en materia de corrupción y balance de acciones > Caso 18. Agencia Nacional de Defensa Jurídica del Estado (ANDJE) — 48 procesos contractuales bajo vigilancia,Caso 18. Agencia Nacional de Defensa Jurídica del Estado (ANDJE) — 48 procesos contractuales bajo vigilancia,Ministro de Justicia,True
IVÁN CANCINO GONZÁLEZ,PERSON,spacy,P0649-S02,P0649,77,III. Hallazgos en materia de corrupción y balance de acciones > Caso 18. Agencia Nacional de Defensa Jurídica del Estado (ANDJE) — 48 procesos contractuales bajo vigilancia,Caso 18. Agencia Nacional de Defensa Jurídica del Estado (ANDJE) — 48 procesos contractuales bajo vigilancia,IVÁN CANCINO GONZÁLEZ,False
Comité de Contratación,ORG,spacy,P0649-S02,P0649,77,III. Hallazgos en materia de corrupción y balance de acciones > Caso 18. Agencia Nacional de Defensa Jurídica del Estado (ANDJE) — 48 procesos contractuales bajo vigilancia,Caso 18. Agencia Nacional de Defensa Jurídica del Estado (ANDJE) — 48 procesos contractuales bajo vigilancia,Comité de Contratación,False
4.000 millones de pesos,MONEY,regex,P0650-S01,P0650,77,III. Hallazgos en materia de corrupción y balance de acciones > Caso 18. Agencia Nacional de Defensa Jurídica del Estado (ANDJE) — 48 procesos contractuales bajo vigilancia,Caso 18. Agencia Nacional de Defensa Jurídica del Estado (ANDJE) — 48 procesos contractuales bajo vigilancia,4.000 millones de pesos,False
Estado,GENERIC,spacy,P0650-S01,P0650,77,III. Hallazgos en materia de corrupción y balance de acciones > Caso 18. Agencia Nacional de Defensa Jurídica del Estado (ANDJE) — 48 procesos contractuales bajo vigilancia,Caso 18. Agencia Nacional de Defensa Jurídica del Estado (ANDJE) — 48 procesos contractuales bajo vigilancia,Estado,False
Hospital San Juan de Dios,GPE_LOC,spacy,P0653-S01,P0653,77,III. Hallazgos en materia de corrupción y balance de acciones > Caso 19. Hospital San Juan de Dios,Caso 19. Hospital San Juan de Dios,Hospital San Juan de Dios,True
Equipo Élite,ORG,spacy,P0653-S01,P0653,77,III. Hallazgos en materia de corrupción y balance de acciones > Caso 19. Hospital San Juan de Dios,Caso 19. Hospital San Juan de Dios,Equipo Élite,True
Empalme Anticorrupción,GPE_LOC,spacy,P0653-S01,P0653,77,III. Hallazgos en materia de corrupción y balance de acciones > Caso 19. Hospital San Juan de Dios,Caso 19. Hospital San Juan de Dios,Empalme Anticorrupción,False
$343 millones,MONEY,regex,P0654-S01,P0654,77,III. Hallazgos en materia de corrupción y balance de acciones > Caso 19. Hospital San Juan de Dios,Caso 19. Hospital San Juan de Dios,$343 millones,False
Equipo Élite,ORG,spacy,P0654-S02,P0654,77,III. Hallazgos en materia de corrupción y balance de acciones > Caso 19. Hospital San Juan de Dios,Caso 19. Hospital San Juan de Dios,Equipo Élite,True
Procuraduría General de la Nación,ORG,spacy,P0655-S01,P0655,77,III. Hallazgos en materia de corrupción y balance de acciones > Caso 19. Hospital San Juan de Dios,Caso 19. Hospital San Juan de Dios,Procuraduría General de la Nación,True
Contraloría General de la República,ORG,spacy,P0655-S01,P0655,77,III. Hallazgos en materia de corrupción y balance de acciones > Caso 19. Hospital San Juan de Dios,Caso 19. Hospital San Juan de Dios,Contraloría General de la República,True
Colombia,GPE_LOC,spacy,P0658-S01,P0658,77,III. Hallazgos en materia de corrupción y balance de acciones > Caso 20. Cancillería,Caso 20. Cancillería,Colombia,False
Equipo Élite,ORG,spacy,P0658-S02,P0658,77,III. Hallazgos en materia de corrupción y balance de acciones > Caso 20. Cancillería,Caso 20. Cancillería,Equipo Élite,True
Cancillería del Gobierno,GPE_LOC,spacy,P0658-S02,P0658,77,III. Hallazgos en materia de corrupción y balance de acciones > Caso 20. Cancillería,Caso 20. Cancillería,Cancillería del Gobierno,True
Monterrey,GPE_LOC,spacy,P0659-S01,P0659,78,III. Hallazgos en materia de corrupción y balance de acciones > Caso 20. Cancillería,Caso 20. Cancillería,Monterrey,False
Estambul,GPE_LOC,spacy,P0659-S01,P0659,78,III. Hallazgos en materia de corrupción y balance de acciones > Caso 20. Cancillería,Caso 20. Cancillería,Estambul,False
Estado,GENERIC,spacy,P0659-S01,P0659,78,III. Hallazgos en materia de corrupción y balance de acciones > Caso 20. Cancillería,Caso 20. Cancillería,Estado,False
Equipo Élite,ORG,spacy,P0660-S01,P0660,78,III. Hallazgos en materia de corrupción y balance de acciones > Caso 20. Cancillería,Caso 20. Cancillería,Equipo Élite,True
Procuraduría General de la Nación,ORG,spacy,P0660-S01,P0660,78,III. Hallazgos en materia de corrupción y balance de acciones > Caso 20. Cancillería,Caso 20. Cancillería,Procuraduría General de la Nación,True
$160.000 millones,MONEY,regex,P0662-S01,P0662,78,III. Hallazgos en materia de corrupción y balance de acciones > Caso 21. ASOMUFFAA,Caso 21. ASOMUFFAA,$160.000 millones,False
ASOMUFFAA,ORG,spacy,P0663-S01,P0663,78,III. Hallazgos en materia de corrupción y balance de acciones > Caso 21. ASOMUFFAA,Caso 21. ASOMUFFAA,ASOMUFFAA,False
Equipo Élite,ORG,spacy,P0664-S01,P0664,78,III. Hallazgos en materia de corrupción y balance de acciones > Caso 21. ASOMUFFAA,Caso 21. ASOMUFFAA,Equipo Élite,True
Superintendencia de Sociedades,ORG,spacy,P0664-S01,P0664,78,III. Hallazgos en materia de corrupción y balance de acciones > Caso 21. ASOMUFFAA,Caso 21. ASOMUFFAA,Superintendencia de Sociedades,True
$160.000 millones,MONEY,regex,P0664-S02,P0664,78,III. Hallazgos en materia de corrupción y balance de acciones > Caso 21. ASOMUFFAA,Caso 21. ASOMUFFAA,$160.000 millones,False
Equipo Élite,ORG,spacy,P0665-S01,P0665,78,III. Hallazgos en materia de corrupción y balance de acciones > Caso 21. ASOMUFFAA,Caso 21. ASOMUFFAA,Equipo Élite,True
Procuraduría General de la Nación,ORG,spacy,P0665-S01,P0665,78,III. Hallazgos en materia de corrupción y balance de acciones > Caso 21. ASOMUFFAA,Caso 21. ASOMUFFAA,Procuraduría General de la Nación,True
$68.000 millones,MONEY,regex,P0667-S01,P0667,78,III. Hallazgos en materia de corrupción y balance de acciones > Caso 22. FONIGUALDAD,Caso 22. FONIGUALDAD,$68.000 millones,False
Ministerio de Igualdad,GPE_LOC,spacy,P0668-S01,P0668,78,III. Hallazgos en materia de corrupción y balance de acciones > Caso 22. FONIGUALDAD,Caso 22. FONIGUALDAD,Ministerio de Igualdad,True
Equipo Élite,ORG,spacy,P0668-S01,P0668,78,III. Hallazgos en materia de corrupción y balance de acciones > Caso 22. FONIGUALDAD,Caso 22. FONIGUALDAD,Equipo Élite,True
$68.000 millones,MONEY,regex,P0668-S02,P0668,78,III. Hallazgos en materia de corrupción y balance de acciones > Caso 22. FONIGUALDAD,Caso 22. FONIGUALDAD,$68.000 millones,False
FONIGUALDAD,ORG,spacy,P0668-S02,P0668,78,III. Hallazgos en materia de corrupción y balance de acciones > Caso 22. FONIGUALDAD,Caso 22. FONIGUALDAD,FONIGUALDAD,True
Equipo,GENERIC,spacy,P0668-S02,P0668,78,III. Hallazgos en materia de corrupción y balance de acciones > Caso 22. FONIGUALDAD,Caso 22. FONIGUALDAD,Equipo,False
Corporación Prosperitas,ORG,spacy,P0669-S01,P0669,79,III. Hallazgos en materia de corrupción y balance de acciones > Caso 22. FONIGUALDAD,Caso 22. FONIGUALDAD,Corporación Prosperitas,False
TSG The IT Experts,ORG,spacy,P0669-S01,P0669,79,III. Hallazgos en materia de corrupción y balance de acciones > Caso 22. FONIGUALDAD,Caso 22. FONIGUALDAD,TSG The IT Experts,False
Gobierno nacional,GPE_LOC,spacy,P0669-S01,P0669,79,III. Hallazgos en materia de corrupción y balance de acciones > Caso 22. FONIGUALDAD,Caso 22. FONIGUALDAD,Gobierno nacional,True
Ministerio,GENERIC,spacy,P0669-S02,P0669,79,III. Hallazgos en materia de corrupción y balance de acciones > Caso 22. FONIGUALDAD,Caso 22. FONIGUALDAD,Ministerio,False
Equipo Élite,ORG,spacy,P0669-S02,P0669,79,III. Hallazgos en materia de corrupción y balance de acciones > Caso 22. FONIGUALDAD,Caso 22. FONIGUALDAD,Equipo Élite,True
Procuraduría General de la Nación,ORG,spacy,P0670-S01,P0670,79,III. Hallazgos en materia de corrupción y balance de acciones > Caso 22. FONIGUALDAD,Caso 22. FONIGUALDAD,Procuraduría General de la Nación,True
6 de agosto de 2026,DATE,regex,P0673-S01,P0673,79,III. Hallazgos en materia de corrupción y balance de acciones > Caso 23. Agencia de Desarrollo Rural (ADR),Caso 23. Agencia de Desarrollo Rural (ADR),6 de agosto de 2026,False
8 de agosto,DATE,regex,P0673-S01,P0673,79,III. Hallazgos en materia de corrupción y balance de acciones > Caso 23. Agencia de Desarrollo Rural (ADR),Caso 23. Agencia de Desarrollo Rural (ADR),8 de agosto,False
Resolución 407,LAW,regex,P0673-S01,P0673,79,III. Hallazgos en materia de corrupción y balance de acciones > Caso 23. Agencia de Desarrollo Rural (ADR),Caso 23. Agencia de Desarrollo Rural (ADR),Resolución 407,False
Gobierno,GENERIC,spacy,P0673-S01,P0673,79,III. Hallazgos en materia de corrupción y balance de acciones > Caso 23. Agencia de Desarrollo Rural (ADR),Caso 23. Agencia de Desarrollo Rural (ADR),Gobierno,False
Agencia de Desarrollo Rural,ORG,spacy,P0673-S01,P0673,79,III. Hallazgos en materia de corrupción y balance de acciones > Caso 23. Agencia de Desarrollo Rural (ADR),Caso 23. Agencia de Desarrollo Rural (ADR),Agencia de Desarrollo Rural,True
Consejo de Estado,ORG,spacy,P0673-S02,P0673,79,III. Hallazgos en materia de corrupción y balance de acciones > Caso 23. Agencia de Desarrollo Rural (ADR),Caso 23. Agencia de Desarrollo Rural (ADR),Consejo de Estado,True
DAPRE,MISC,spacy,P0673-S02,P0673,79,III. Hallazgos en materia de corrupción y balance de acciones > Caso 23. Agencia de Desarrollo Rural (ADR),Caso 23. Agencia de Desarrollo Rural (ADR),DAPRE,True
Equipo Élite,ORG,spacy,P0673-S02,P0673,79,III. Hallazgos en materia de corrupción y balance de acciones > Caso 23. Agencia de Desarrollo Rural (ADR),Caso 23. Agencia de Desarrollo Rural (ADR),Equipo Élite,True
Ministro de Agricultura,GPE_LOC,spacy,P0674-S01,P0674,79,III. Hallazgos en materia de corrupción y balance de acciones > Caso 23. Agencia de Desarrollo Rural (ADR),Caso 23. Agencia de Desarrollo Rural (ADR),Ministro de Agricultura,True
Agencia,GENERIC,spacy,P0674-S01,P0674,79,III. Hallazgos en materia de corrupción y balance de acciones > Caso 23. Agencia de Desarrollo Rural (ADR),Caso 23. Agencia de Desarrollo Rural (ADR),Agencia,False
Fiscalía General de la Nación,ORG,spacy,P0675-S01,P0675,79,III. Hallazgos en materia de corrupción y balance de acciones > Caso 23. Agencia de Desarrollo Rural (ADR),Caso 23. Agencia de Desarrollo Rural (ADR),Fiscalía General de la Nación,True
Colombia,GPE_LOC,spacy,P0681-S01,P0681,81,IV. Balance sectorial > Sector Agricultura y desarrollo Rural > Del anuncio al título: la verdadera deuda del campo,Sector Agricultura y desarrollo Rural,Colombia,False
Fondo de Tierras,ORG,spacy,P0682-S03,P0682,81,IV. Balance sectorial > Sector Agricultura y desarrollo Rural > Del anuncio al título: la verdadera deuda del campo,Sector Agricultura y desarrollo Rural,Fondo de Tierras,True
Oficina de Instrumentos Públicos,ORG,spacy,P0682-S03,P0682,81,IV. Balance sectorial > Sector Agricultura y desarrollo Rural > Del anuncio al título: la verdadera deuda del campo,Sector Agricultura y desarrollo Rural,Oficina de Instrumentos Públicos,False
$979.003 millones,MONEY,regex,P0683-S02,P0683,81,IV. Balance sectorial > Sector Agricultura y desarrollo Rural > Del anuncio al título: la verdadera deuda del campo,Sector Agricultura y desarrollo Rural,$979.003 millones,False
Agencia Nacional de Tierras,ORG,spacy,P0683-S02,P0683,81,IV. Balance sectorial > Sector Agricultura y desarrollo Rural > Del anuncio al título: la verdadera deuda del campo,Sector Agricultura y desarrollo Rural,Agencia Nacional de Tierras,True
Sociedad de Activos Especiales,ORG,spacy,P0683-S02,P0683,81,IV. Balance sectorial > Sector Agricultura y desarrollo Rural > Del anuncio al título: la verdadera deuda del campo,Sector Agricultura y desarrollo Rural,Sociedad de Activos Especiales,True
Nación,GENERIC,spacy,P0683-S02,P0683,81,IV. Balance sectorial > Sector Agricultura y desarrollo Rural > Del anuncio al título: la verdadera deuda del campo,Sector Agricultura y desarrollo Rural,Nación,False
Entre 2024 y 2026,DATE,regex,P0685-S02,P0685,81,IV. Balance sectorial > Sector Agricultura y desarrollo Rural > Del anuncio al título: la verdadera deuda del campo,Sector Agricultura y desarrollo Rural,Entre 2024 y 2026,False
Áreas,MISC,spacy,P0685-S02,P0685,81,IV. Balance sectorial > Sector Agricultura y desarrollo Rural > Del anuncio al título: la verdadera deuda del campo,Sector Agricultura y desarrollo Rural,Áreas,False
Indalecio Dangond Baquero,PERSON,spacy,P0688-S01,P0688,81,IV. Balance sectorial > Sector Agricultura y desarrollo Rural > Del anuncio al título: la verdadera deuda del campo,Sector Agricultura y desarrollo Rural,Indalecio Dangond Baquero,False
Ministro de Agricultura y Desarrollo Rural Protección para la Producción de Alimentos,GPE_LOC,spacy,P0689-S01,P0689,81,IV. Balance sectorial > Sector Agricultura y desarrollo Rural > Del anuncio al título: la verdadera deuda del campo,Sector Agricultura y desarrollo Rural,Ministro de Agricultura y Desarrollo Rural Protección para la Producción de Alimentos,True
marzo de 2026,DATE,regex,P0689-S02,P0689,82,IV. Balance sectorial > Sector Agricultura y desarrollo Rural > Del anuncio al título: la verdadera deuda del campo,Sector Agricultura y desarrollo Rural,marzo de 2026,False
475 %,PERCENT,regex,P0689-S02,P0689,82,IV. Balance sectorial > Sector Agricultura y desarrollo Rural > Del anuncio al título: la verdadera deuda del campo,Sector Agricultura y desarrollo Rural,475 %,False
Instituto Colombiano Agropecuario,GPE_LOC,spacy,P0691-S01,P0691,82,IV. Balance sectorial > Sector Agricultura y desarrollo Rural > Del anuncio al título: la verdadera deuda del campo,Sector Agricultura y desarrollo Rural,Instituto Colombiano Agropecuario,True
Corabastos,PERSON,spacy,P0692-S03,P0692,82,IV. Balance sectorial > Sector Agricultura y desarrollo Rural > Del anuncio al título: la verdadera deuda del campo,Sector Agricultura y desarrollo Rural,Corabastos,False
Comisión Nacional,ORG,spacy,P0692-S03,P0692,82,IV. Balance sectorial > Sector Agricultura y desarrollo Rural > Del anuncio al título: la verdadera deuda del campo,Sector Agricultura y desarrollo Rural,Comisión Nacional,True
Crédito Agropecuario,PERSON,spacy,P0692-S03,P0692,82,IV. Balance sectorial > Sector Agricultura y desarrollo Rural > Del anuncio al título: la verdadera deuda del campo,Sector Agricultura y desarrollo Rural,Crédito Agropecuario,False
SAE,ORG,spacy,P0695-S03,P0695,82,IV. Balance sectorial > Sector Agricultura y desarrollo Rural > Del anuncio al título: la verdadera deuda del campo,Sector Agricultura y desarrollo Rural,Sociedad de Activos Especiales,True
Ministerio de Agricultura,GPE_LOC,spacy,P0695-S04,P0695,82,IV. Balance sectorial > Sector Agricultura y desarrollo Rural > Del anuncio al título: la verdadera deuda del campo,Sector Agricultura y desarrollo Rural,Ministerio de Agricultura,True
tierra,GPE_LOC,spacy,P0696-S02,P0696,83,IV. Balance sectorial > Sector Agricultura y desarrollo Rural > Del anuncio al título: la verdadera deuda del campo,Sector Agricultura y desarrollo Rural,tierra,False
Estado,GENERIC,spacy,P0698-S01,P0698,83,IV. Balance sectorial > Sector Agricultura y desarrollo Rural > Del anuncio al título: la verdadera deuda del campo,Sector Agricultura y desarrollo Rural,Estado,False
Entre 2022 y 2025,DATE,regex,P0699-S01,P0699,84,"IV. Balance sectorial > Sector Ambiente y Desarrollo Rural > Creció la nómina, cayó el bosque",Sector Ambiente y Desarrollo Rural,Entre 2022 y 2025,False
60 %,PERCENT,regex,P0699-S01,P0699,84,"IV. Balance sectorial > Sector Ambiente y Desarrollo Rural > Creció la nómina, cayó el bosque",Sector Ambiente y Desarrollo Rural,60 %,False
Colombia,GPE_LOC,spacy,P0699-S01,P0699,84,"IV. Balance sectorial > Sector Ambiente y Desarrollo Rural > Creció la nómina, cayó el bosque",Sector Ambiente y Desarrollo Rural,Colombia,False
Amazonía,GPE_LOC,spacy,P0699-S01,P0699,84,"IV. Balance sectorial > Sector Ambiente y Desarrollo Rural > Creció la nómina, cayó el bosque",Sector Ambiente y Desarrollo Rural,Amazonía,False
2024,DATE,regex,P0699-S02,P0699,84,"IV. Balance sectorial > Sector Ambiente y Desarrollo Rural > Creció la nómina, cayó el bosque",Sector Ambiente y Desarrollo Rural,2024,False
"43,4 %",PERCENT,regex,P0699-S02,P0699,84,"IV. Balance sectorial > Sector Ambiente y Desarrollo Rural > Creció la nómina, cayó el bosque",Sector Ambiente y Desarrollo Rural,"43,4 %",False
Sistema de Parques Nacionales,GPE_LOC,spacy,P0699-S02,P0699,84,"IV. Balance sectorial > Sector Ambiente y Desarrollo Rural > Creció la nómina, cayó el bosque",Sector Ambiente y Desarrollo Rural,Sistema de Parques Nacionales,True
Ministerio de Ambiente,GPE_LOC,spacy,P0699-S03,P0699,84,"IV. Balance sectorial > Sector Ambiente y Desarrollo Rural > Creció la nómina, cayó el bosque",Sector Ambiente y Desarrollo Rural,Ministerio de Ambiente,True
Estado,GENERIC,spacy,P0699-S03,P0699,84,"IV. Balance sectorial > Sector Ambiente y Desarrollo Rural > Creció la nómina, cayó el bosque",Sector Ambiente y Desarrollo Rural,Estado,False
2022,DATE,regex,P0700-S01,P0700,84,"IV. Balance sectorial > Sector Ambiente y Desarrollo Rural > Creció la nómina, cayó el bosque",Sector Ambiente y Desarrollo Rural,2022,False
2025,DATE,regex,P0700-S01,P0700,84,"IV. Balance sectorial > Sector Ambiente y Desarrollo Rural > Creció la nómina, cayó el bosque",Sector Ambiente y Desarrollo Rural,2025,False
$2.121 millones,MONEY,regex,P0700-S01,P0700,84,"IV. Balance sectorial > Sector Ambiente y Desarrollo Rural > Creció la nómina, cayó el bosque",Sector Ambiente y Desarrollo Rural,$2.121 millones,False
$83.583 millones,MONEY,regex,P0700-S01,P0700,84,"IV. Balance sectorial > Sector Ambiente y Desarrollo Rural > Creció la nómina, cayó el bosque",Sector Ambiente y Desarrollo Rural,$83.583 millones,False
744 %,PERCENT,regex,P0700-S01,P0700,84,"IV. Balance sectorial > Sector Ambiente y Desarrollo Rural > Creció la nómina, cayó el bosque",Sector Ambiente y Desarrollo Rural,744 %,False
¿Por,MISC,spacy,P0701-S01,P0701,84,"IV. Balance sectorial > Sector Ambiente y Desarrollo Rural > Creció la nómina, cayó el bosque",Sector Ambiente y Desarrollo Rural,¿Por,False
entre 2023 y 2025,DATE,regex,P0701-S02,P0701,84,"IV. Balance sectorial > Sector Ambiente y Desarrollo Rural > Creció la nómina, cayó el bosque",Sector Ambiente y Desarrollo Rural,entre 2023 y 2025,False
2024,DATE,regex,P0701-S02,P0701,84,"IV. Balance sectorial > Sector Ambiente y Desarrollo Rural > Creció la nómina, cayó el bosque",Sector Ambiente y Desarrollo Rural,2024,False
"1,8 billones de pesos",MONEY,regex,P0701-S02,P0701,84,"IV. Balance sectorial > Sector Ambiente y Desarrollo Rural > Creció la nómina, cayó el bosque",Sector Ambiente y Desarrollo Rural,"1,8 billones de pesos",False
$868.694 millones,MONEY,regex,P0701-S02,P0701,84,"IV. Balance sectorial > Sector Ambiente y Desarrollo Rural > Creció la nómina, cayó el bosque",Sector Ambiente y Desarrollo Rural,$868.694 millones,False
"16,5 %",PERCENT,regex,P0701-S02,P0701,84,"IV. Balance sectorial > Sector Ambiente y Desarrollo Rural > Creció la nómina, cayó el bosque",Sector Ambiente y Desarrollo Rural,"16,5 %",False
9 %,PERCENT,regex,P0701-S02,P0701,84,"IV. Balance sectorial > Sector Ambiente y Desarrollo Rural > Creció la nómina, cayó el bosque",Sector Ambiente y Desarrollo Rural,9 %,False
Fondo para la Vida y la Biodiversidad,ORG,spacy,P0701-S02,P0701,84,"IV. Balance sectorial > Sector Ambiente y Desarrollo Rural > Creció la nómina, cayó el bosque",Sector Ambiente y Desarrollo Rural,Fondo para la Vida y la Biodiversidad,True
2025,DATE,regex,P0702-S02,P0702,84,"IV. Balance sectorial > Sector Ambiente y Desarrollo Rural > Creció la nómina, cayó el bosque",Sector Ambiente y Desarrollo Rural,2025,False
$474.129 millones,MONEY,regex,P0702-S02,P0702,84,"IV. Balance sectorial > Sector Ambiente y Desarrollo Rural > Creció la nómina, cayó el bosque",Sector Ambiente y Desarrollo Rural,$474.129 millones,False
Ministerio,GENERIC,spacy,P0702-S02,P0702,84,"IV. Balance sectorial > Sector Ambiente y Desarrollo Rural > Creció la nómina, cayó el bosque",Sector Ambiente y Desarrollo Rural,Ministerio,False
Sistema General de Regalías,GPE_LOC,spacy,P0702-S02,P0702,84,"IV. Balance sectorial > Sector Ambiente y Desarrollo Rural > Creció la nómina, cayó el bosque",Sector Ambiente y Desarrollo Rural,Sistema General de Regalías,False
$43.435 millones,MONEY,regex,P0702-S03,P0702,84,"IV. Balance sectorial > Sector Ambiente y Desarrollo Rural > Creció la nómina, cayó el bosque",Sector Ambiente y Desarrollo Rural,$43.435 millones,False
$33.470 millones,MONEY,regex,P0702-S04,P0702,84,"IV. Balance sectorial > Sector Ambiente y Desarrollo Rural > Creció la nómina, cayó el bosque",Sector Ambiente y Desarrollo Rural,$33.470 millones,False
$7.642 millones,MONEY,regex,P0702-S04,P0702,84,"IV. Balance sectorial > Sector Ambiente y Desarrollo Rural > Creció la nómina, cayó el bosque",Sector Ambiente y Desarrollo Rural,$7.642 millones,False
IDEAM,ORG,spacy,P0702-S04,P0702,84,"IV. Balance sectorial > Sector Ambiente y Desarrollo Rural > Creció la nómina, cayó el bosque",Sector Ambiente y Desarrollo Rural,IDEAM,True
2024,DATE,regex,P0703-S01,P0703,84,"IV. Balance sectorial > Sector Ambiente y Desarrollo Rural > Creció la nómina, cayó el bosque",Sector Ambiente y Desarrollo Rural,2024,False
2023,DATE,regex,P0703-S01,P0703,84,"IV. Balance sectorial > Sector Ambiente y Desarrollo Rural > Creció la nómina, cayó el bosque",Sector Ambiente y Desarrollo Rural,2023,False
Colombia,GPE_LOC,spacy,P0703-S01,P0703,84,"IV. Balance sectorial > Sector Ambiente y Desarrollo Rural > Creció la nómina, cayó el bosque",Sector Ambiente y Desarrollo Rural,Colombia,False
Estado,GENERIC,spacy,P0703-S02,P0703,84,"IV. Balance sectorial > Sector Ambiente y Desarrollo Rural > Creció la nómina, cayó el bosque",Sector Ambiente y Desarrollo Rural,Estado,False
2017,DATE,regex,P0704-S02,P0704,84,"IV. Balance sectorial > Sector Ambiente y Desarrollo Rural > Creció la nómina, cayó el bosque",Sector Ambiente y Desarrollo Rural,2017,False
2026,DATE,regex,P0704-S02,P0704,84,"IV. Balance sectorial > Sector Ambiente y Desarrollo Rural > Creció la nómina, cayó el bosque",Sector Ambiente y Desarrollo Rural,2026,False
Sentencia T-361 de 2017,LAW,regex,P0704-S02,P0704,84,"IV. Balance sectorial > Sector Ambiente y Desarrollo Rural > Creció la nómina, cayó el bosque",Sector Ambiente y Desarrollo Rural,Sentencia T-361 de 2017,False
Resolución 863 de 2026,LAW,regex,P0704-S02,P0704,84,"IV. Balance sectorial > Sector Ambiente y Desarrollo Rural > Creció la nómina, cayó el bosque",Sector Ambiente y Desarrollo Rural,Resolución 863 de 2026,False
Colombia,GPE_LOC,spacy,P0704-S02,P0704,84,"IV. Balance sectorial > Sector Ambiente y Desarrollo Rural > Creció la nómina, cayó el bosque",Sector Ambiente y Desarrollo Rural,Colombia,False
2026,DATE,regex,P0704-S03,P0704,84,"IV. Balance sectorial > Sector Ambiente y Desarrollo Rural > Creció la nómina, cayó el bosque",Sector Ambiente y Desarrollo Rural,2026,False
Resolución 992 de 2026,LAW,regex,P0704-S03,P0704,84,"IV. Balance sectorial > Sector Ambiente y Desarrollo Rural > Creció la nómina, cayó el bosque",Sector Ambiente y Desarrollo Rural,Resolución 992 de 2026,False
Santurbán,GPE_LOC,spacy,P0704-S03,P0704,84,"IV. Balance sectorial > Sector Ambiente y Desarrollo Rural > Creció la nómina, cayó el bosque",Sector Ambiente y Desarrollo Rural,Santurbán,False
2023,DATE,regex,P0704-S04,P0704,84,"IV. Balance sectorial > Sector Ambiente y Desarrollo Rural > Creció la nómina, cayó el bosque",Sector Ambiente y Desarrollo Rural,2023,False
Ministerio,GENERIC,spacy,P0704-S04,P0704,84,"IV. Balance sectorial > Sector Ambiente y Desarrollo Rural > Creció la nómina, cayó el bosque",Sector Ambiente y Desarrollo Rural,Ministerio,False
Tribunal de Santander,GPE_LOC,spacy,P0704-S04,P0704,84,"IV. Balance sectorial > Sector Ambiente y Desarrollo Rural > Creció la nómina, cayó el bosque",Sector Ambiente y Desarrollo Rural,Tribunal de Santander,True
Fiscalía,ORG,spacy,P0705-S01,P0705,84,"IV. Balance sectorial > Sector Ambiente y Desarrollo Rural > Creció la nómina, cayó el bosque",Sector Ambiente y Desarrollo Rural,Fiscalía,True
Suratá,GPE_LOC,spacy,P0705-S01,P0705,84,"IV. Balance sectorial > Sector Ambiente y Desarrollo Rural > Creció la nómina, cayó el bosque",Sector Ambiente y Desarrollo Rural,Suratá,False
Santander,GPE_LOC,spacy,P0705-S02,P0705,84,"IV. Balance sectorial > Sector Ambiente y Desarrollo Rural > Creció la nómina, cayó el bosque",Sector Ambiente y Desarrollo Rural,Santander,False
Norte de Santander,GPE_LOC,spacy,P0705-S02,P0705,84,"IV. Balance sectorial > Sector Ambiente y Desarrollo Rural > Creció la nómina, cayó el bosque",Sector Ambiente y Desarrollo Rural,Norte de Santander,False
Fabio Alberto Arjona Hincapié,PERSON,spacy,P0708-S01,P0708,84,"IV. Balance sectorial > Sector Ambiente y Desarrollo Rural > Creció la nómina, cayó el bosque",Sector Ambiente y Desarrollo Rural,Fabio Alberto Arjona Hincapié,False
marzo de 2027,DATE,regex,P0709-S01,P0709,84,"IV. Balance sectorial > Sector Ambiente y Desarrollo Rural > Creció la nómina, cayó el bosque",Sector Ambiente y Desarrollo Rural,marzo de 2027,False
Ministro de Ambiente y Desarrollo Sostenible,GPE_LOC,spacy,P0709-S01,P0709,84,"IV. Balance sectorial > Sector Ambiente y Desarrollo Rural > Creció la nómina, cayó el bosque",Sector Ambiente y Desarrollo Rural,Ministro de Ambiente y Desarrollo Sostenible,True
Canal del Dique,GPE_LOC,spacy,P0709-S01,P0709,84,"IV. Balance sectorial > Sector Ambiente y Desarrollo Rural > Creció la nómina, cayó el bosque",Sector Ambiente y Desarrollo Rural,Canal del Dique,False
Rosario,GPE_LOC,spacy,P0709-S01,P0709,84,"IV. Balance sectorial > Sector Ambiente y Desarrollo Rural > Creció la nómina, cayó el bosque",Sector Ambiente y Desarrollo Rural,Rosario,False
ANLA,ORG,spacy,P0710-S01,P0710,85,"IV. Balance sectorial > Sector Ambiente y Desarrollo Rural > Creció la nómina, cayó el bosque",Sector Ambiente y Desarrollo Rural,Autoridad Nacional de Licencias Ambientales,True
VITAL,MISC,spacy,P0710-S01,P0710,85,"IV. Balance sectorial > Sector Ambiente y Desarrollo Rural > Creció la nómina, cayó el bosque",Sector Ambiente y Desarrollo Rural,VITAL,False
Ministerio de Ciencia,GPE_LOC,spacy,P0712-S01,P0712,86,"IV. Balance sectorial > Sector Ciencia, Tecnología e Innovación > Ciencia","Sector Ciencia, Tecnología e Innovación",Ministerio de Ciencia,True
Tecnología e Innovación,MISC,spacy,P0712-S01,P0712,86,"IV. Balance sectorial > Sector Ciencia, Tecnología e Innovación > Ciencia","Sector Ciencia, Tecnología e Innovación",Tecnología e Innovación,False
$4 billones,MONEY,regex,P0712-S02,P0712,86,"IV. Balance sectorial > Sector Ciencia, Tecnología e Innovación > Ciencia","Sector Ciencia, Tecnología e Innovación",$4 billones,False
7%,PERCENT,regex,P0712-S02,P0712,86,"IV. Balance sectorial > Sector Ciencia, Tecnología e Innovación > Ciencia","Sector Ciencia, Tecnología e Innovación",7%,False
Sistema General de Regalías,GPE_LOC,spacy,P0712-S02,P0712,86,"IV. Balance sectorial > Sector Ciencia, Tecnología e Innovación > Ciencia","Sector Ciencia, Tecnología e Innovación",Sistema General de Regalías,False
2025- 2026,DATE,regex,P0712-S03,P0712,86,"IV. Balance sectorial > Sector Ciencia, Tecnología e Innovación > Ciencia","Sector Ciencia, Tecnología e Innovación",2025- 2026,False
2026,DATE,regex,P0712-S03,P0712,86,"IV. Balance sectorial > Sector Ciencia, Tecnología e Innovación > Ciencia","Sector Ciencia, Tecnología e Innovación",2026,False
"$3,8 billones",MONEY,regex,P0712-S03,P0712,86,"IV. Balance sectorial > Sector Ciencia, Tecnología e Innovación > Ciencia","Sector Ciencia, Tecnología e Innovación","$3,8 billones",False
Procuraduría,ORG,spacy,P0712-S03,P0712,86,"IV. Balance sectorial > Sector Ciencia, Tecnología e Innovación > Ciencia","Sector Ciencia, Tecnología e Innovación",Procuraduría,True
$630.000 millones,MONEY,regex,P0713-S01,P0713,86,"IV. Balance sectorial > Sector Ciencia, Tecnología e Innovación > Ciencia","Sector Ciencia, Tecnología e Innovación",$630.000 millones,False
Convocatoria 46,MISC,spacy,P0713-S01,P0713,86,"IV. Balance sectorial > Sector Ciencia, Tecnología e Innovación > Ciencia","Sector Ciencia, Tecnología e Innovación",Convocatoria 46,False
Colombia Inteligente: Infraestructura para el Desarrollo de la Inteligencia Artificial,MISC,spacy,P0713-S01,P0713,86,"IV. Balance sectorial > Sector Ciencia, Tecnología e Innovación > Ciencia","Sector Ciencia, Tecnología e Innovación",Colombia Inteligente: Infraestructura para el Desarrollo de la Inteligencia Artificial,False
Procuraduría,ORG,spacy,P0713-S02,P0713,86,"IV. Balance sectorial > Sector Ciencia, Tecnología e Innovación > Ciencia","Sector Ciencia, Tecnología e Innovación",Procuraduría,True
DNP,ORG,spacy,P0714-S02,P0714,86,"IV. Balance sectorial > Sector Ciencia, Tecnología e Innovación > Ciencia","Sector Ciencia, Tecnología e Innovación",DNP,True
Ministerio,GENERIC,spacy,P0714-S03,P0714,86,"IV. Balance sectorial > Sector Ciencia, Tecnología e Innovación > Ciencia","Sector Ciencia, Tecnología e Innovación",Ministerio,False
DNP,ORG,spacy,P0714-S03,P0714,86,"IV. Balance sectorial > Sector Ciencia, Tecnología e Innovación > Ciencia","Sector Ciencia, Tecnología e Innovación",DNP,True
OCAD,MISC,spacy,P0714-S04,P0714,86,"IV. Balance sectorial > Sector Ciencia, Tecnología e Innovación > Ciencia","Sector Ciencia, Tecnología e Innovación",OCAD,True
$109.000 millones,MONEY,regex,P0715-S02,P0715,86,"IV. Balance sectorial > Sector Ciencia, Tecnología e Innovación > Ciencia","Sector Ciencia, Tecnología e Innovación",$109.000 millones,False
Fondo de Investigación en Salud,ORG,spacy,P0715-S02,P0715,86,"IV. Balance sectorial > Sector Ciencia, Tecnología e Innovación > Ciencia","Sector Ciencia, Tecnología e Innovación",Fondo de Investigación en Salud,True
0%,PERCENT,regex,P0715-S03,P0715,86,"IV. Balance sectorial > Sector Ciencia, Tecnología e Innovación > Ciencia","Sector Ciencia, Tecnología e Innovación",0%,False
Ciencia y Salud,ORG,spacy,P0715-S03,P0715,86,"IV. Balance sectorial > Sector Ciencia, Tecnología e Innovación > Ciencia","Sector Ciencia, Tecnología e Innovación",Ciencia y Salud,False
2027,DATE,regex,P0716-S01,P0716,86,"IV. Balance sectorial > Sector Ciencia, Tecnología e Innovación > Ciencia","Sector Ciencia, Tecnología e Innovación",2027,False
$0,MONEY,regex,P0716-S01,P0716,86,"IV. Balance sectorial > Sector Ciencia, Tecnología e Innovación > Ciencia","Sector Ciencia, Tecnología e Innovación",$0,False
$555.349 millones,MONEY,regex,P0716-S01,P0716,86,"IV. Balance sectorial > Sector Ciencia, Tecnología e Innovación > Ciencia","Sector Ciencia, Tecnología e Innovación",$555.349 millones,False
Gobierno,GENERIC,spacy,P0716-S01,P0716,86,"IV. Balance sectorial > Sector Ciencia, Tecnología e Innovación > Ciencia","Sector Ciencia, Tecnología e Innovación",Gobierno,False
MinCiencias,ORG,spacy+override,P0716-S01,P0716,86,"IV. Balance sectorial > Sector Ciencia, Tecnología e Innovación > Ciencia","Sector Ciencia, Tecnología e Innovación",MinCiencias,True
Gobierno Nacional,GPE_LOC,spacy,P0716-S01,P0716,86,"IV. Balance sectorial > Sector Ciencia, Tecnología e Innovación > Ciencia","Sector Ciencia, Tecnología e Innovación",Gobierno Nacional,True
Claudia Benavides Salazar,PERSON,spacy,P0718-S01,P0718,86,"IV. Balance sectorial > Sector Ciencia, Tecnología e Innovación > Ciencia congelada: la plata existe, los proyectos también, pero no se conectaron","Sector Ciencia, Tecnología e Innovación",Claudia Benavides Salazar,False
$325.216 millones,MONEY,regex,P0719-S01,P0719,86,"IV. Balance sectorial > Sector Ciencia, Tecnología e Innovación > Ciencia congelada: la plata existe, los proyectos también, pero no se conectaron","Sector Ciencia, Tecnología e Innovación",$325.216 millones,False
Ministra de Ciencia,GPE_LOC,spacy,P0719-S01,P0719,86,"IV. Balance sectorial > Sector Ciencia, Tecnología e Innovación > Ciencia congelada: la plata existe, los proyectos también, pero no se conectaron","Sector Ciencia, Tecnología e Innovación",Ministra de Ciencia,True
Tecnología e Innovación Solo,MISC,spacy,P0719-S01,P0719,86,"IV. Balance sectorial > Sector Ciencia, Tecnología e Innovación > Ciencia congelada: la plata existe, los proyectos también, pero no se conectaron","Sector Ciencia, Tecnología e Innovación",Tecnología e Innovación Solo,False
MinCiencias,ORG,spacy+override,P0719-S01,P0719,86,"IV. Balance sectorial > Sector Ciencia, Tecnología e Innovación > Ciencia congelada: la plata existe, los proyectos también, pero no se conectaron","Sector Ciencia, Tecnología e Innovación",MinCiencias,True
Estado,GENERIC,spacy,P0720-S04,P0720,87,"IV. Balance sectorial > Sector Ciencia, Tecnología e Innovación > Ciencia congelada: la plata existe, los proyectos también, pero no se conectaron","Sector Ciencia, Tecnología e Innovación",Estado,False
2027,DATE,regex,P0721-S01,P0721,87,"IV. Balance sectorial > Sector Ciencia, Tecnología e Innovación > Ciencia congelada: la plata existe, los proyectos también, pero no se conectaron","Sector Ciencia, Tecnología e Innovación",2027,False
Gobierno,GENERIC,spacy,P0721-S01,P0721,87,"IV. Balance sectorial > Sector Ciencia, Tecnología e Innovación > Ciencia congelada: la plata existe, los proyectos también, pero no se conectaron","Sector Ciencia, Tecnología e Innovación",Gobierno,False
OCAD-FCTeI,MISC,spacy,P0721-S01,P0721,87,"IV. Balance sectorial > Sector Ciencia, Tecnología e Innovación > Ciencia congelada: la plata existe, los proyectos también, pero no se conectaron","Sector Ciencia, Tecnología e Innovación",OCAD-FCTeI,True
Congreso,ORG,spacy,P0721-S01,P0721,87,"IV. Balance sectorial > Sector Ciencia, Tecnología e Innovación > Ciencia congelada: la plata existe, los proyectos también, pero no se conectaron","Sector Ciencia, Tecnología e Innovación",Congreso,True
Estado,GENERIC,spacy,P0722-S01,P0722,87,"IV. Balance sectorial > Sector Ciencia, Tecnología e Innovación > Ciencia congelada: la plata existe, los proyectos también, pero no se conectaron","Sector Ciencia, Tecnología e Innovación",Estado,False
Comercio,GENERIC,spacy,P0723-S01,P0723,88,"IV. Balance sectorial > Sector Comercio, Industria y Turismo > Poner la casa en orden: $5,81 billones en contratos sin liquidar","Sector Comercio, Industria y Turismo",Comercio,False
Industria y,ORG,spacy,P0723-S01,P0723,88,"IV. Balance sectorial > Sector Comercio, Industria y Turismo > Poner la casa en orden: $5,81 billones en contratos sin liquidar","Sector Comercio, Industria y Turismo",Industria y,False
Comercio,GENERIC,spacy,P0724-S01,P0724,88,"IV. Balance sectorial > Sector Comercio, Industria y Turismo > Poner la casa en orden: $5,81 billones en contratos sin liquidar","Sector Comercio, Industria y Turismo",Comercio,False
Industria,GENERIC,spacy,P0724-S01,P0724,88,"IV. Balance sectorial > Sector Comercio, Industria y Turismo > Poner la casa en orden: $5,81 billones en contratos sin liquidar","Sector Comercio, Industria y Turismo",Industria,False
Estado,GENERIC,spacy,P0724-S01,P0724,88,"IV. Balance sectorial > Sector Comercio, Industria y Turismo > Poner la casa en orden: $5,81 billones en contratos sin liquidar","Sector Comercio, Industria y Turismo",Estado,False
"12,5 %",PERCENT,regex,P0725-S01,P0725,88,"IV. Balance sectorial > Sector Comercio, Industria y Turismo > Poner la casa en orden: $5,81 billones en contratos sin liquidar","Sector Comercio, Industria y Turismo","12,5 %",False
Estados Unidos,GPE_LOC,spacy,P0725-S01,P0725,88,"IV. Balance sectorial > Sector Comercio, Industria y Turismo > Poner la casa en orden: $5,81 billones en contratos sin liquidar","Sector Comercio, Industria y Turismo",Estados Unidos,False
Colombia,GPE_LOC,spacy,P0725-S01,P0725,88,"IV. Balance sectorial > Sector Comercio, Industria y Turismo > Poner la casa en orden: $5,81 billones en contratos sin liquidar","Sector Comercio, Industria y Turismo",Colombia,False
Sección,ORG,spacy,P0725-S01,P0725,88,"IV. Balance sectorial > Sector Comercio, Industria y Turismo > Poner la casa en orden: $5,81 billones en contratos sin liquidar","Sector Comercio, Industria y Turismo",Sección,False
Israel,GPE_LOC,spacy,P0725-S01,P0725,88,"IV. Balance sectorial > Sector Comercio, Industria y Turismo > Poner la casa en orden: $5,81 billones en contratos sin liquidar","Sector Comercio, Industria y Turismo",Israel,False
Travel Advisory,ORG,spacy,P0725-S01,P0725,88,"IV. Balance sectorial > Sector Comercio, Industria y Turismo > Poner la casa en orden: $5,81 billones en contratos sin liquidar","Sector Comercio, Industria y Turismo",Travel Advisory,False
Colombia,GPE_LOC,spacy,P0725-S01,P0725,88,"IV. Balance sectorial > Sector Comercio, Industria y Turismo > Poner la casa en orden: $5,81 billones en contratos sin liquidar","Sector Comercio, Industria y Turismo",Colombia,False
Nivel 3,MISC,spacy,P0725-S01,P0725,88,"IV. Balance sectorial > Sector Comercio, Industria y Turismo > Poner la casa en orden: $5,81 billones en contratos sin liquidar","Sector Comercio, Industria y Turismo",Nivel 3,False
CERT,ORG,spacy,P0726-S01,P0726,88,"IV. Balance sectorial > Sector Comercio, Industria y Turismo > Poner la casa en orden: $5,81 billones en contratos sin liquidar","Sector Comercio, Industria y Turismo",CERT,False
entre 2022 y 2026,DATE,regex,P0726-S02,P0726,88,"IV. Balance sectorial > Sector Comercio, Industria y Turismo > Poner la casa en orden: $5,81 billones en contratos sin liquidar","Sector Comercio, Industria y Turismo",entre 2022 y 2026,False
"$5,81 billones",MONEY,regex,P0726-S02,P0726,88,"IV. Balance sectorial > Sector Comercio, Industria y Turismo > Poner la casa en orden: $5,81 billones en contratos sin liquidar","Sector Comercio, Industria y Turismo","$5,81 billones",False
"$4,05 billones",MONEY,regex,P0727-S04,P0727,88,"IV. Balance sectorial > Sector Comercio, Industria y Turismo > Poner la casa en orden: $5,81 billones en contratos sin liquidar","Sector Comercio, Industria y Turismo","$4,05 billones",False
70%,PERCENT,regex,P0727-S04,P0727,88,"IV. Balance sectorial > Sector Comercio, Industria y Turismo > Poner la casa en orden: $5,81 billones en contratos sin liquidar","Sector Comercio, Industria y Turismo",70%,False
Ministerio,GENERIC,spacy,P0727-S04,P0727,88,"IV. Balance sectorial > Sector Comercio, Industria y Turismo > Poner la casa en orden: $5,81 billones en contratos sin liquidar","Sector Comercio, Industria y Turismo",Ministerio,False
$766.813 millones,MONEY,regex,P0727-S05,P0727,88,"IV. Balance sectorial > Sector Comercio, Industria y Turismo > Poner la casa en orden: $5,81 billones en contratos sin liquidar","Sector Comercio, Industria y Turismo",$766.813 millones,False
entre 2022 y 2025,DATE,regex,P0727-S07,P0727,88,"IV. Balance sectorial > Sector Comercio, Industria y Turismo > Poner la casa en orden: $5,81 billones en contratos sin liquidar","Sector Comercio, Industria y Turismo",entre 2022 y 2025,False
$119.725 millones,MONEY,regex,P0727-S07,P0727,88,"IV. Balance sectorial > Sector Comercio, Industria y Turismo > Poner la casa en orden: $5,81 billones en contratos sin liquidar","Sector Comercio, Industria y Turismo",$119.725 millones,False
Contraloría,ORG,spacy,P0727-S07,P0727,88,"IV. Balance sectorial > Sector Comercio, Industria y Turismo > Poner la casa en orden: $5,81 billones en contratos sin liquidar","Sector Comercio, Industria y Turismo",Contraloría,True
Ministerio,GENERIC,spacy,P0727-S07,P0727,88,"IV. Balance sectorial > Sector Comercio, Industria y Turismo > Poner la casa en orden: $5,81 billones en contratos sin liquidar","Sector Comercio, Industria y Turismo",Ministerio,False
12%,PERCENT,regex,P0728-S02,P0728,88,"IV. Balance sectorial > Sector Comercio, Industria y Turismo > Poner la casa en orden: $5,81 billones en contratos sin liquidar","Sector Comercio, Industria y Turismo",12%,False
Fondo Nacional del Turismo,ORG,spacy,P0728-S02,P0728,88,"IV. Balance sectorial > Sector Comercio, Industria y Turismo > Poner la casa en orden: $5,81 billones en contratos sin liquidar","Sector Comercio, Industria y Turismo",Fondo Nacional del Turismo,True
Fontur,GPE_LOC,spacy,P0728-S02,P0728,88,"IV. Balance sectorial > Sector Comercio, Industria y Turismo > Poner la casa en orden: $5,81 billones en contratos sin liquidar","Sector Comercio, Industria y Turismo",Fontur,True
$257.561 millones,MONEY,regex,P0728-S03,P0728,88,"IV. Balance sectorial > Sector Comercio, Industria y Turismo > Poner la casa en orden: $5,81 billones en contratos sin liquidar","Sector Comercio, Industria y Turismo",$257.561 millones,False
$19.228 millones,MONEY,regex,P0728-S03,P0728,88,"IV. Balance sectorial > Sector Comercio, Industria y Turismo > Poner la casa en orden: $5,81 billones en contratos sin liquidar","Sector Comercio, Industria y Turismo",$19.228 millones,False
$23.006 millones,MONEY,regex,P0729-S05,P0729,88,"IV. Balance sectorial > Sector Comercio, Industria y Turismo > Poner la casa en orden: $5,81 billones en contratos sin liquidar","Sector Comercio, Industria y Turismo",$23.006 millones,False
Contraloría,GPE_LOC,spacy,P0729-S05,P0729,88,"IV. Balance sectorial > Sector Comercio, Industria y Turismo > Poner la casa en orden: $5,81 billones en contratos sin liquidar","Sector Comercio, Industria y Turismo",Contraloría,True
$798.082 millones,MONEY,regex,P0730-S01,P0730,88,"IV. Balance sectorial > Sector Comercio, Industria y Turismo > Poner la casa en orden: $5,81 billones en contratos sin liquidar","Sector Comercio, Industria y Turismo",$798.082 millones,False
"84,3%",PERCENT,regex,P0730-S01,P0730,88,"IV. Balance sectorial > Sector Comercio, Industria y Turismo > Poner la casa en orden: $5,81 billones en contratos sin liquidar","Sector Comercio, Industria y Turismo","84,3%",False
"22,8%",PERCENT,regex,P0730-S01,P0730,88,"IV. Balance sectorial > Sector Comercio, Industria y Turismo > Poner la casa en orden: $5,81 billones en contratos sin liquidar","Sector Comercio, Industria y Turismo","22,8%",False
$490.820,MONEY,regex,P0730-S02,P0730,88,"IV. Balance sectorial > Sector Comercio, Industria y Turismo > Poner la casa en orden: $5,81 billones en contratos sin liquidar","Sector Comercio, Industria y Turismo",$490.820,False
Mauricio Gómez Amín,PERSON,spacy,P0733-S01,P0733,88,"IV. Balance sectorial > Sector Comercio, Industria y Turismo > Poner la casa en orden: $5,81 billones en contratos sin liquidar","Sector Comercio, Industria y Turismo",Mauricio Gómez Amín,False
2023,DATE,regex,P0734-S01,P0734,88,"IV. Balance sectorial > Sector Comercio, Industria y Turismo > Poner la casa en orden: $5,81 billones en contratos sin liquidar","Sector Comercio, Industria y Turismo",2023,False
$122.000 millones,MONEY,regex,P0734-S01,P0734,88,"IV. Balance sectorial > Sector Comercio, Industria y Turismo > Poner la casa en orden: $5,81 billones en contratos sin liquidar","Sector Comercio, Industria y Turismo",$122.000 millones,False
Ministro de Comercio,GPE_LOC,spacy,P0734-S01,P0734,88,"IV. Balance sectorial > Sector Comercio, Industria y Turismo > Poner la casa en orden: $5,81 billones en contratos sin liquidar","Sector Comercio, Industria y Turismo",Ministro de Comercio,True
Industria,GENERIC,spacy,P0734-S01,P0734,88,"IV. Balance sectorial > Sector Comercio, Industria y Turismo > Poner la casa en orden: $5,81 billones en contratos sin liquidar","Sector Comercio, Industria y Turismo",Industria,False
Turismo,GENERIC,spacy,P0734-S01,P0734,88,"IV. Balance sectorial > Sector Comercio, Industria y Turismo > Poner la casa en orden: $5,81 billones en contratos sin liquidar","Sector Comercio, Industria y Turismo",Turismo,False
$122.000 millones,MONEY,regex,P0735-S02,P0735,89,"IV. Balance sectorial > Sector Comercio, Industria y Turismo > Poner la casa en orden: $5,81 billones en contratos sin liquidar","Sector Comercio, Industria y Turismo",$122.000 millones,False
$650.821 millones,MONEY,regex,P0735-S03,P0735,89,"IV. Balance sectorial > Sector Comercio, Industria y Turismo > Poner la casa en orden: $5,81 billones en contratos sin liquidar","Sector Comercio, Industria y Turismo",$650.821 millones,False
Ministerio,GENERIC,spacy,P0735-S03,P0735,89,"IV. Balance sectorial > Sector Comercio, Industria y Turismo > Poner la casa en orden: $5,81 billones en contratos sin liquidar","Sector Comercio, Industria y Turismo",Ministerio,False
Comercio,GENERIC,spacy,P0736-S02,P0736,89,"IV. Balance sectorial > Sector Comercio, Industria y Turismo > Poner la casa en orden: $5,81 billones en contratos sin liquidar","Sector Comercio, Industria y Turismo",Comercio,False
Industria,GENERIC,spacy,P0736-S02,P0736,89,"IV. Balance sectorial > Sector Comercio, Industria y Turismo > Poner la casa en orden: $5,81 billones en contratos sin liquidar","Sector Comercio, Industria y Turismo",Industria,False
Turismo,GENERIC,spacy,P0736-S02,P0736,89,"IV. Balance sectorial > Sector Comercio, Industria y Turismo > Poner la casa en orden: $5,81 billones en contratos sin liquidar","Sector Comercio, Industria y Turismo",Turismo,False
Fontur,PERSON,spacy,P0736-S03,P0736,89,"IV. Balance sectorial > Sector Comercio, Industria y Turismo > Poner la casa en orden: $5,81 billones en contratos sin liquidar","Sector Comercio, Industria y Turismo",Fontur,True
Estado,GENERIC,spacy,P0737-S02,P0737,89,"IV. Balance sectorial > Sector Comercio, Industria y Turismo > Poner la casa en orden: $5,81 billones en contratos sin liquidar","Sector Comercio, Industria y Turismo",Estado,False
Ministerio,GENERIC,spacy,P0738-S01,P0738,89,"IV. Balance sectorial > Sector Comercio, Industria y Turismo > Poner la casa en orden: $5,81 billones en contratos sin liquidar","Sector Comercio, Industria y Turismo",Ministerio,False
Entre 2022 y 2026,DATE,regex,P0739-S01,P0739,90,"IV. Balance sectorial > Sector Cultura > Cultura: se compromete casi todo el presupuesto, pero no se paga ni se liquida",Sector Cultura,Entre 2022 y 2026,False
99%,PERCENT,regex,P0739-S01,P0739,90,"IV. Balance sectorial > Sector Cultura > Cultura: se compromete casi todo el presupuesto, pero no se paga ni se liquida",Sector Cultura,99%,False
60%,PERCENT,regex,P0739-S01,P0739,90,"IV. Balance sectorial > Sector Cultura > Cultura: se compromete casi todo el presupuesto, pero no se paga ni se liquida",Sector Cultura,60%,False
78%,PERCENT,regex,P0739-S01,P0739,90,"IV. Balance sectorial > Sector Cultura > Cultura: se compromete casi todo el presupuesto, pero no se paga ni se liquida",Sector Cultura,78%,False
Ministerio de Cultura,GPE_LOC,spacy,P0739-S01,P0739,90,"IV. Balance sectorial > Sector Cultura > Cultura: se compromete casi todo el presupuesto, pero no se paga ni se liquida",Sector Cultura,Ministerio de Cultura,True
"$1,37 billones",MONEY,regex,P0739-S02,P0739,90,"IV. Balance sectorial > Sector Cultura > Cultura: se compromete casi todo el presupuesto, pero no se paga ni se liquida",Sector Cultura,"$1,37 billones",False
Ministerio,GENERIC,spacy,P0739-S02,P0739,90,"IV. Balance sectorial > Sector Cultura > Cultura: se compromete casi todo el presupuesto, pero no se paga ni se liquida",Sector Cultura,Ministerio,False
junio de 2026,DATE,regex,P0739-S03,P0739,90,"IV. Balance sectorial > Sector Cultura > Cultura: se compromete casi todo el presupuesto, pero no se paga ni se liquida",Sector Cultura,junio de 2026,False
"59,9%",PERCENT,regex,P0739-S03,P0739,90,"IV. Balance sectorial > Sector Cultura > Cultura: se compromete casi todo el presupuesto, pero no se paga ni se liquida",Sector Cultura,"59,9%",False
"28,2%",PERCENT,regex,P0739-S03,P0739,90,"IV. Balance sectorial > Sector Cultura > Cultura: se compromete casi todo el presupuesto, pero no se paga ni se liquida",Sector Cultura,"28,2%",False
$35.810 millones,MONEY,regex,P0739-S04,P0739,90,"IV. Balance sectorial > Sector Cultura > Cultura: se compromete casi todo el presupuesto, pero no se paga ni se liquida",Sector Cultura,$35.810 millones,False
Programa Nacional de Estímulos,MISC,spacy,P0739-S04,P0739,90,"IV. Balance sectorial > Sector Cultura > Cultura: se compromete casi todo el presupuesto, pero no se paga ni se liquida",Sector Cultura,Programa Nacional de Estímulos,False
diciembre de 2025,DATE,regex,P0740-S02,P0740,90,"IV. Balance sectorial > Sector Cultura > Cultura: se compromete casi todo el presupuesto, pero no se paga ni se liquida",Sector Cultura,diciembre de 2025,False
Fiscalía,ORG,spacy,P0740-S02,P0740,90,"IV. Balance sectorial > Sector Cultura > Cultura: se compromete casi todo el presupuesto, pero no se paga ni se liquida",Sector Cultura,Fiscalía,True
$83.144 millones,MONEY,regex,P0740-S03,P0740,90,"IV. Balance sectorial > Sector Cultura > Cultura: se compromete casi todo el presupuesto, pero no se paga ni se liquida",Sector Cultura,$83.144 millones,False
"86,8%",PERCENT,regex,P0740-S03,P0740,90,"IV. Balance sectorial > Sector Cultura > Cultura: se compromete casi todo el presupuesto, pero no se paga ni se liquida",Sector Cultura,"86,8%",False
CoCrea,MISC,spacy,P0741-S02,P0741,90,"IV. Balance sectorial > Sector Cultura > Cultura: se compromete casi todo el presupuesto, pero no se paga ni se liquida",Sector Cultura,CoCrea,False
CONFIS,ORG,spacy,P0741-S02,P0741,90,"IV. Balance sectorial > Sector Cultura > Cultura: se compromete casi todo el presupuesto, pero no se paga ni se liquida",Sector Cultura,CONFIS,False
2026,DATE,regex,P0742-S02,P0742,90,"IV. Balance sectorial > Sector Cultura > Cultura: se compromete casi todo el presupuesto, pero no se paga ni se liquida",Sector Cultura,2026,False
$346.320 millones,MONEY,regex,P0742-S02,P0742,90,"IV. Balance sectorial > Sector Cultura > Cultura: se compromete casi todo el presupuesto, pero no se paga ni se liquida",Sector Cultura,$346.320 millones,False
$265.487 millones,MONEY,regex,P0742-S02,P0742,90,"IV. Balance sectorial > Sector Cultura > Cultura: se compromete casi todo el presupuesto, pero no se paga ni se liquida",Sector Cultura,$265.487 millones,False
$80.835 millones,MONEY,regex,P0742-S02,P0742,90,"IV. Balance sectorial > Sector Cultura > Cultura: se compromete casi todo el presupuesto, pero no se paga ni se liquida",Sector Cultura,$80.835 millones,False
2026,DATE,regex,P0743-S03,P0743,90,"IV. Balance sectorial > Sector Cultura > Cultura: se compromete casi todo el presupuesto, pero no se paga ni se liquida",Sector Cultura,2026,False
2025,DATE,regex,P0745-S01,P0745,90,"IV. Balance sectorial > Sector Cultura > Cultura: se compromete casi todo el presupuesto, pero no se paga ni se liquida",Sector Cultura,2025,False
Contraloría,ORG,spacy,P0745-S01,P0745,90,"IV. Balance sectorial > Sector Cultura > Cultura: se compromete casi todo el presupuesto, pero no se paga ni se liquida",Sector Cultura,Contraloría,True
Paola Holguín,PERSON,spacy,P0748-S01,P0748,90,"IV. Balance sectorial > Sector Cultura > Cultura: se compromete casi todo el presupuesto, pero no se paga ni se liquida",Sector Cultura,Paola Holguín,False
Ministra de Cultura,GPE_LOC,spacy,P0749-S01,P0749,90,"IV. Balance sectorial > Sector Cultura > Cultura: se compromete casi todo el presupuesto, pero no se paga ni se liquida",Sector Cultura,Ministra de Cultura,True
CoCrea,MISC,spacy,P0749-S01,P0749,90,"IV. Balance sectorial > Sector Cultura > Cultura: se compromete casi todo el presupuesto, pero no se paga ni se liquida",Sector Cultura,CoCrea,False
2026,DATE,regex,P0749-S02,P0749,91,"IV. Balance sectorial > Sector Cultura > Cultura: se compromete casi todo el presupuesto, pero no se paga ni se liquida",Sector Cultura,2026,False
$80.835 millones,MONEY,regex,P0749-S02,P0749,91,"IV. Balance sectorial > Sector Cultura > Cultura: se compromete casi todo el presupuesto, pero no se paga ni se liquida",Sector Cultura,$80.835 millones,False
$793.600 millones,MONEY,regex,P0749-S02,P0749,91,"IV. Balance sectorial > Sector Cultura > Cultura: se compromete casi todo el presupuesto, pero no se paga ni se liquida",Sector Cultura,$793.600 millones,False
$712.700 millones,MONEY,regex,P0749-S02,P0749,91,"IV. Balance sectorial > Sector Cultura > Cultura: se compromete casi todo el presupuesto, pero no se paga ni se liquida",Sector Cultura,$712.700 millones,False
2025,DATE,regex,P0749-S05,P0749,91,"IV. Balance sectorial > Sector Cultura > Cultura: se compromete casi todo el presupuesto, pero no se paga ni se liquida",Sector Cultura,2025,False
$713.350 millones,MONEY,regex,P0750-S01,P0750,91,"IV. Balance sectorial > Sector Cultura > Cultura: se compromete casi todo el presupuesto, pero no se paga ni se liquida",Sector Cultura,$713.350 millones,False
Parque del Jazz de Mompox,GPE_LOC,spacy,P0750-S01,P0750,91,"IV. Balance sectorial > Sector Cultura > Cultura: se compromete casi todo el presupuesto, pero no se paga ni se liquida",Sector Cultura,Parque del Jazz de Mompox,False
Contraloría,ORG,spacy,P0750-S01,P0750,91,"IV. Balance sectorial > Sector Cultura > Cultura: se compromete casi todo el presupuesto, pero no se paga ni se liquida",Sector Cultura,Contraloría,True
Galeón San José,MISC,spacy,P0750-S02,P0750,91,"IV. Balance sectorial > Sector Cultura > Cultura: se compromete casi todo el presupuesto, pero no se paga ni se liquida",Sector Cultura,Galeón San José,False
"48,5%",PERCENT,regex,P0751-S01,P0751,91,"IV. Balance sectorial > Sector Cultura > Cultura: se compromete casi todo el presupuesto, pero no se paga ni se liquida",Sector Cultura,"48,5%",False
Sector,GENERIC,spacy,P0751-S03,P0751,91,"IV. Balance sectorial > Sector Cultura > Cultura: se compromete casi todo el presupuesto, pero no se paga ni se liquida",Sector Cultura,Sector,False
Ministerio,GENERIC,spacy,P0752-S01,P0752,91,"IV. Balance sectorial > Sector Cultura > Cultura: se compromete casi todo el presupuesto, pero no se paga ni se liquida",Sector Cultura,Ministerio,False
CoCrea,MISC,spacy,P0752-S02,P0752,91,"IV. Balance sectorial > Sector Cultura > Cultura: se compromete casi todo el presupuesto, pero no se paga ni se liquida",Sector Cultura,CoCrea,False
Sector Defensa,ORG,spacy,P0754-S01,P0754,92,IV. Balance sectorial > Sector Defensa Nacional > Defensa: una Fuerza Pública con las alas cortadas,Sector Defensa Nacional,Sector Defensa,False
2026,DATE,regex,P0754-S02,P0754,92,IV. Balance sectorial > Sector Defensa Nacional > Defensa: una Fuerza Pública con las alas cortadas,Sector Defensa Nacional,2026,False
$14 billones,MONEY,regex,P0754-S02,P0754,92,IV. Balance sectorial > Sector Defensa Nacional > Defensa: una Fuerza Pública con las alas cortadas,Sector Defensa Nacional,$14 billones,False
Ejército Nacional,ORG,spacy,P0754-S02,P0754,92,IV. Balance sectorial > Sector Defensa Nacional > Defensa: una Fuerza Pública con las alas cortadas,Sector Defensa Nacional,Ejército Nacional,True
MI-17,MISC,spacy,P0754-S03,P0754,92,IV. Balance sectorial > Sector Defensa Nacional > Defensa: una Fuerza Pública con las alas cortadas,Sector Defensa Nacional,MI-17,False
UH-,GPE_LOC,spacy,P0754-S03,P0754,92,IV. Balance sectorial > Sector Defensa Nacional > Defensa: una Fuerza Pública con las alas cortadas,Sector Defensa Nacional,UH-,False
52%,PERCENT,regex,P0755-S01,P0755,92,IV. Balance sectorial > Sector Defensa Nacional > Defensa: una Fuerza Pública con las alas cortadas,Sector Defensa Nacional,52%,False
Fuerza Aeroespacial Colombiana,ORG,spacy,P0755-S01,P0755,92,IV. Balance sectorial > Sector Defensa Nacional > Defensa: una Fuerza Pública con las alas cortadas,Sector Defensa Nacional,Fuerza Aeroespacial Colombiana,False
2026,DATE,regex,P0756-S01,P0756,92,IV. Balance sectorial > Sector Defensa Nacional > Defensa: una Fuerza Pública con las alas cortadas,Sector Defensa Nacional,2026,False
"$1,7 billones de pesos",MONEY,regex,P0756-S01,P0756,92,IV. Balance sectorial > Sector Defensa Nacional > Defensa: una Fuerza Pública con las alas cortadas,Sector Defensa Nacional,"$1,7 billones de pesos",False
Policía Nacional,ORG,spacy,P0756-S01,P0756,92,IV. Balance sectorial > Sector Defensa Nacional > Defensa: una Fuerza Pública con las alas cortadas,Sector Defensa Nacional,Policía Nacional,True
Fuerza Pública,ORG,spacy,P0757-S01,P0757,92,IV. Balance sectorial > Sector Defensa Nacional > Defensa: una Fuerza Pública con las alas cortadas,Sector Defensa Nacional,Fuerza Pública,False
2022 – 2026,DATE,regex,P0757-S02,P0757,92,IV. Balance sectorial > Sector Defensa Nacional > Defensa: una Fuerza Pública con las alas cortadas,Sector Defensa Nacional,2022 – 2026,False
2022,DATE,regex,P0757-S03,P0757,92,IV. Balance sectorial > Sector Defensa Nacional > Defensa: una Fuerza Pública con las alas cortadas,Sector Defensa Nacional,2022,False
2025,DATE,regex,P0757-S03,P0757,92,IV. Balance sectorial > Sector Defensa Nacional > Defensa: una Fuerza Pública con las alas cortadas,Sector Defensa Nacional,2025,False
2022,DATE,regex,P0757-S03,P0757,92,IV. Balance sectorial > Sector Defensa Nacional > Defensa: una Fuerza Pública con las alas cortadas,Sector Defensa Nacional,2022,False
2026,DATE,regex,P0757-S03,P0757,92,IV. Balance sectorial > Sector Defensa Nacional > Defensa: una Fuerza Pública con las alas cortadas,Sector Defensa Nacional,2026,False
2022,DATE,regex,P0757-S03,P0757,92,IV. Balance sectorial > Sector Defensa Nacional > Defensa: una Fuerza Pública con las alas cortadas,Sector Defensa Nacional,2022,False
2026,DATE,regex,P0757-S03,P0757,92,IV. Balance sectorial > Sector Defensa Nacional > Defensa: una Fuerza Pública con las alas cortadas,Sector Defensa Nacional,2026,False
Fundación Ideas para la Paz,ORG,spacy,P0757-S03,P0757,92,IV. Balance sectorial > Sector Defensa Nacional > Defensa: una Fuerza Pública con las alas cortadas,Sector Defensa Nacional,Fundación Ideas para la Paz,False
Clan del Golfo,MISC,spacy,P0757-S03,P0757,92,IV. Balance sectorial > Sector Defensa Nacional > Defensa: una Fuerza Pública con las alas cortadas,Sector Defensa Nacional,Clan del Golfo,False
ELN,ORG,spacy,P0757-S03,P0757,92,IV. Balance sectorial > Sector Defensa Nacional > Defensa: una Fuerza Pública con las alas cortadas,Sector Defensa Nacional,ELN,False
Estado Mayor Central,GPE_LOC,spacy,P0757-S03,P0757,92,IV. Balance sectorial > Sector Defensa Nacional > Defensa: una Fuerza Pública con las alas cortadas,Sector Defensa Nacional,Estado Mayor Central,False
2022,DATE,regex,P0758-S02,P0758,92,IV. Balance sectorial > Sector Defensa Nacional > Defensa: una Fuerza Pública con las alas cortadas,Sector Defensa Nacional,2022,False
2025,DATE,regex,P0758-S02,P0758,92,IV. Balance sectorial > Sector Defensa Nacional > Defensa: una Fuerza Pública con las alas cortadas,Sector Defensa Nacional,2025,False
Defensoría del Pueblo,MISC,spacy,P0758-S02,P0758,92,IV. Balance sectorial > Sector Defensa Nacional > Defensa: una Fuerza Pública con las alas cortadas,Sector Defensa Nacional,Defensoría del Pueblo,True
Mayor General,GPE_LOC,spacy,P0761-S01,P0761,92,IV. Balance sectorial > Sector Defensa Nacional > Defensa: una Fuerza Pública con las alas cortadas,Sector Defensa Nacional,Mayor General,False
Jorge Eduardo Mora López,PERSON,spacy,P0761-S01,P0761,92,IV. Balance sectorial > Sector Defensa Nacional > Defensa: una Fuerza Pública con las alas cortadas,Sector Defensa Nacional,Jorge Eduardo Mora López,False
Ministro de Defensa Nacional,ORG,spacy,P0762-S01,P0762,92,IV. Balance sectorial > Sector Defensa Nacional > Defensa: una Fuerza Pública con las alas cortadas,Sector Defensa Nacional,Ministro de Defensa Nacional,True
19%,PERCENT,regex,P0764-S02,P0764,93,IV. Balance sectorial > Sector Defensa Nacional > Defensa: una Fuerza Pública con las alas cortadas,Sector Defensa Nacional,19%,False
Contraloría,ORG,spacy,P0764-S02,P0764,93,IV. Balance sectorial > Sector Defensa Nacional > Defensa: una Fuerza Pública con las alas cortadas,Sector Defensa Nacional,Contraloría,True
C-130 Hércules,MISC,spacy,P0764-S02,P0764,93,IV. Balance sectorial > Sector Defensa Nacional > Defensa: una Fuerza Pública con las alas cortadas,Sector Defensa Nacional,C-130 Hércules,False
Puerto Leguízamo,GPE_LOC,spacy,P0764-S02,P0764,93,IV. Balance sectorial > Sector Defensa Nacional > Defensa: una Fuerza Pública con las alas cortadas,Sector Defensa Nacional,Puerto Leguízamo,False
Fuerza Aeroespacial,ORG,spacy,P0764-S02,P0764,93,IV. Balance sectorial > Sector Defensa Nacional > Defensa: una Fuerza Pública con las alas cortadas,Sector Defensa Nacional,Fuerza Aeroespacial,False
"$6,3 billones",MONEY,regex,P0764-S03,P0764,93,IV. Balance sectorial > Sector Defensa Nacional > Defensa: una Fuerza Pública con las alas cortadas,Sector Defensa Nacional,"$6,3 billones",False
Fuerza Pública,ORG,spacy,P0764-S03,P0764,93,IV. Balance sectorial > Sector Defensa Nacional > Defensa: una Fuerza Pública con las alas cortadas,Sector Defensa Nacional,Fuerza Pública,False
Gobierno,GENERIC,spacy,P0764-S03,P0764,93,IV. Balance sectorial > Sector Defensa Nacional > Defensa: una Fuerza Pública con las alas cortadas,Sector Defensa Nacional,Gobierno,False
Escudo Nacional Antidrones,MISC,spacy,P0764-S03,P0764,93,IV. Balance sectorial > Sector Defensa Nacional > Defensa: una Fuerza Pública con las alas cortadas,Sector Defensa Nacional,Escudo Nacional Antidrones,False
Contraloría,ORG,spacy,P0764-S03,P0764,93,IV. Balance sectorial > Sector Defensa Nacional > Defensa: una Fuerza Pública con las alas cortadas,Sector Defensa Nacional,Contraloría,True
2025,DATE,regex,P0765-S01,P0765,93,IV. Balance sectorial > Sector Defensa Nacional > Defensa: una Fuerza Pública con las alas cortadas,Sector Defensa Nacional,2025,False
$20.000 millones,MONEY,regex,P0765-S01,P0765,93,IV. Balance sectorial > Sector Defensa Nacional > Defensa: una Fuerza Pública con las alas cortadas,Sector Defensa Nacional,$20.000 millones,False
Caja Honor,ORG,spacy,P0765-S01,P0765,93,IV. Balance sectorial > Sector Defensa Nacional > Defensa: una Fuerza Pública con las alas cortadas,Sector Defensa Nacional,Caja Honor,False
Contraloría 39,ORG,spacy,P0765-S01,P0765,93,IV. Balance sectorial > Sector Defensa Nacional > Defensa: una Fuerza Pública con las alas cortadas,Sector Defensa Nacional,Contraloría 39,True
Nación,GENERIC,spacy,P0765-S03,P0765,93,IV. Balance sectorial > Sector Defensa Nacional > Defensa: una Fuerza Pública con las alas cortadas,Sector Defensa Nacional,Nación,False
Estado,GENERIC,spacy,P0765-S04,P0765,93,IV. Balance sectorial > Sector Defensa Nacional > Defensa: una Fuerza Pública con las alas cortadas,Sector Defensa Nacional,Estado,False
Gobierno,GENERIC,spacy,P0766-S01,P0766,93,IV. Balance sectorial > Sector Defensa Nacional > Defensa: una Fuerza Pública con las alas cortadas,Sector Defensa Nacional,Gobierno,False
Fuerzas Militares,MISC,spacy,P0766-S02,P0766,93,IV. Balance sectorial > Sector Defensa Nacional > Defensa: una Fuerza Pública con las alas cortadas,Sector Defensa Nacional,Fuerzas Militares,True
Policía,ORG,spacy,P0766-S02,P0766,93,IV. Balance sectorial > Sector Defensa Nacional > Defensa: una Fuerza Pública con las alas cortadas,Sector Defensa Nacional,Policía,True
Estado,GENERIC,spacy,P0766-S02,P0766,93,IV. Balance sectorial > Sector Defensa Nacional > Defensa: una Fuerza Pública con las alas cortadas,Sector Defensa Nacional,Estado,False
Escudo Nacional Antidrones,MISC,spacy,P0766-S03,P0766,93,IV. Balance sectorial > Sector Defensa Nacional > Defensa: una Fuerza Pública con las alas cortadas,Sector Defensa Nacional,Escudo Nacional Antidrones,False
Fuerza Pública,ORG,spacy,P0766-S03,P0766,93,IV. Balance sectorial > Sector Defensa Nacional > Defensa: una Fuerza Pública con las alas cortadas,Sector Defensa Nacional,Fuerza Pública,False
Sector Defensa,GPE_LOC,spacy,P0767-S01,P0767,93,IV. Balance sectorial > Sector Defensa Nacional > Defensa: una Fuerza Pública con las alas cortadas,Sector Defensa Nacional,Sector Defensa,False
Colombia,GPE_LOC,spacy,P0767-S01,P0767,93,IV. Balance sectorial > Sector Defensa Nacional > Defensa: una Fuerza Pública con las alas cortadas,Sector Defensa Nacional,Colombia,False
Fuerza que la Patria Milagro,ORG,spacy,P0767-S02,P0767,93,IV. Balance sectorial > Sector Defensa Nacional > Defensa: una Fuerza Pública con las alas cortadas,Sector Defensa Nacional,Fuerza que la Patria Milagro,False
Ministro de Defensa,ORG,spacy,P0767-S04,P0767,94,IV. Balance sectorial > Sector Defensa Nacional > Defensa: una Fuerza Pública con las alas cortadas,Sector Defensa Nacional,Ministro de Defensa,True
Fortalecer a nuestra Fuerza Pública,MISC,spacy,P0767-S04,P0767,94,IV. Balance sectorial > Sector Defensa Nacional > Defensa: una Fuerza Pública con las alas cortadas,Sector Defensa Nacional,Fortalecer a nuestra Fuerza Pública,False
Colombia,GPE_LOC,spacy,P0767-S04,P0767,94,IV. Balance sectorial > Sector Defensa Nacional > Defensa: una Fuerza Pública con las alas cortadas,Sector Defensa Nacional,Colombia,False
agosto de 2026,DATE,regex,P0768-S01,P0768,95,IV. Balance sectorial > Sector Deporte > A los deportistas les deben plata,Sector Deporte,agosto de 2026,False
agosto de 2026,DATE,regex,P0769-S02,P0769,95,IV. Balance sectorial > Sector Deporte > A los deportistas les deben plata,Sector Deporte,agosto de 2026,False
2026,DATE,regex,P0769-S02,P0769,95,IV. Balance sectorial > Sector Deporte > A los deportistas les deben plata,Sector Deporte,2026,False
Ministerio,GENERIC,spacy,P0769-S02,P0769,95,IV. Balance sectorial > Sector Deporte > A los deportistas les deben plata,Sector Deporte,Ministerio,False
Atleta Excelencia,MISC,spacy,P0769-S02,P0769,95,IV. Balance sectorial > Sector Deporte > A los deportistas les deben plata,Sector Deporte,Atleta Excelencia,False
Glorias del Deporte,MISC,spacy,P0769-S02,P0769,95,IV. Balance sectorial > Sector Deporte > A los deportistas les deben plata,Sector Deporte,Glorias del Deporte,False
$29.400 millones,MONEY,regex,P0770-S02,P0770,95,IV. Balance sectorial > Sector Deporte > A los deportistas les deben plata,Sector Deporte,$29.400 millones,False
$21.000 millones,MONEY,regex,P0770-S02,P0770,95,IV. Balance sectorial > Sector Deporte > A los deportistas les deben plata,Sector Deporte,$21.000 millones,False
2027,DATE,regex,P0771-S01,P0771,95,IV. Balance sectorial > Sector Deporte > A los deportistas les deben plata,Sector Deporte,2027,False
2028,DATE,regex,P0771-S01,P0771,95,IV. Balance sectorial > Sector Deporte > A los deportistas les deben plata,Sector Deporte,2028,False
Lima,GPE_LOC,spacy,P0771-S01,P0771,95,IV. Balance sectorial > Sector Deporte > A los deportistas les deben plata,Sector Deporte,Lima,False
Ángeles,GPE_LOC,spacy,P0771-S01,P0771,95,IV. Balance sectorial > Sector Deporte > A los deportistas les deben plata,Sector Deporte,Ángeles,False
entre 2022 y 2026,DATE,regex,P0772-S02,P0772,95,IV. Balance sectorial > Sector Deporte > A los deportistas les deben plata,Sector Deporte,entre 2022 y 2026,False
2027,DATE,regex,P0772-S04,P0772,95,IV. Balance sectorial > Sector Deporte > A los deportistas les deben plata,Sector Deporte,2027,False
$845.453 millones,MONEY,regex,P0772-S04,P0772,95,IV. Balance sectorial > Sector Deporte > A los deportistas les deben plata,Sector Deporte,$845.453 millones,False
$208.417 millones,MONEY,regex,P0772-S04,P0772,95,IV. Balance sectorial > Sector Deporte > A los deportistas les deben plata,Sector Deporte,$208.417 millones,False
$637.035 millones,MONEY,regex,P0772-S05,P0772,95,IV. Balance sectorial > Sector Deporte > A los deportistas les deben plata,Sector Deporte,$637.035 millones,False
2020,DATE,regex,P0773-S02,P0773,95,IV. Balance sectorial > Sector Deporte > A los deportistas les deben plata,Sector Deporte,2020,False
$24.175 millones,MONEY,regex,P0773-S02,P0773,95,IV. Balance sectorial > Sector Deporte > A los deportistas les deben plata,Sector Deporte,$24.175 millones,False
estadio Marino Klinger de Buenaventura,GPE_LOC,spacy,P0773-S02,P0773,95,IV. Balance sectorial > Sector Deporte > A los deportistas les deben plata,Sector Deporte,estadio Marino Klinger de Buenaventura,False
estadio de Neiva,GPE_LOC,spacy,P0773-S02,P0773,95,IV. Balance sectorial > Sector Deporte > A los deportistas les deben plata,Sector Deporte,estadio de Neiva,False
Centro,GPE_LOC,spacy,P0773-S02,P0773,95,IV. Balance sectorial > Sector Deporte > A los deportistas les deben plata,Sector Deporte,Centro,False
Alto Rendimiento de Urabá,GPE_LOC,spacy,P0773-S02,P0773,95,IV. Balance sectorial > Sector Deporte > A los deportistas les deben plata,Sector Deporte,Alto Rendimiento de Urabá,False
$56.531 millones,MONEY,regex,P0773-S03,P0773,95,IV. Balance sectorial > Sector Deporte > A los deportistas les deben plata,Sector Deporte,$56.531 millones,False
Estado,GENERIC,spacy,P0773-S04,P0773,95,IV. Balance sectorial > Sector Deporte > A los deportistas les deben plata,Sector Deporte,Estado,False
entre 2023 y 2025,DATE,regex,P0774-S01,P0774,95,IV. Balance sectorial > Sector Deporte > A los deportistas les deben plata,Sector Deporte,entre 2023 y 2025,False
"83,7 %",PERCENT,regex,P0774-S01,P0774,95,IV. Balance sectorial > Sector Deporte > A los deportistas les deben plata,Sector Deporte,"83,7 %",False
Juliana Gutiérrez Zuluaga,PERSON,spacy,P0776-S01,P0776,95,IV. Balance sectorial > Sector Deporte > A los deportistas les deben plata,Sector Deporte,Juliana Gutiérrez Zuluaga,False
Ministerio,GENERIC,spacy,P0778-S02,P0778,96,IV. Balance sectorial > Sector Deporte > A los deportistas les deben plata,Sector Deporte,Ministerio,False
Centro,GPE_LOC,spacy,P0778-S04,P0778,96,IV. Balance sectorial > Sector Deporte > A los deportistas les deben plata,Sector Deporte,Centro,False
Alto Rendimiento de,GPE_LOC,spacy,P0778-S04,P0778,96,IV. Balance sectorial > Sector Deporte > A los deportistas les deben plata,Sector Deporte,Alto Rendimiento de,False
Bogotá,GPE_LOC,spacy,P0778-S04,P0778,96,IV. Balance sectorial > Sector Deporte > A los deportistas les deben plata,Sector Deporte,Bogotá,False
Juegos Intercolegiados,MISC,spacy,P0779-S04,P0779,96,IV. Balance sectorial > Sector Deporte > A los deportistas les deben plata,Sector Deporte,Juegos Intercolegiados,False
Ministerio,GENERIC,spacy,P0779-S04,P0779,96,IV. Balance sectorial > Sector Deporte > A los deportistas les deben plata,Sector Deporte,Ministerio,False
2027,DATE,regex,P0779-S05,P0779,96,IV. Balance sectorial > Sector Deporte > A los deportistas les deben plata,Sector Deporte,2027,False
$100.267 millones,MONEY,regex,P0779-S05,P0779,96,IV. Balance sectorial > Sector Deporte > A los deportistas les deben plata,Sector Deporte,$100.267 millones,False
Juegos Nacionales 2027,MISC,spacy,P0779-S05,P0779,96,IV. Balance sectorial > Sector Deporte > A los deportistas les deben plata,Sector Deporte,Juegos Nacionales 2027,False
2026,DATE,regex,P0780-S01,P0780,96,IV. Balance sectorial > Sector Deporte > A los deportistas les deben plata,Sector Deporte,2026,False
Panamá,GPE_LOC,spacy,P0780-S01,P0780,96,IV. Balance sectorial > Sector Deporte > A los deportistas les deben plata,Sector Deporte,Panamá,False
Colombia,GPE_LOC,spacy,P0780-S01,P0780,96,IV. Balance sectorial > Sector Deporte > A los deportistas les deben plata,Sector Deporte,Colombia,False
Gobierno,GENERIC,spacy,P0781-S01,P0781,96,IV. Balance sectorial > Sector Deporte > A los deportistas les deben plata,Sector Deporte,Gobierno,False
2036,DATE,regex,P0783-S01,P0783,97,IV. Balance sectorial > Sector Educación Nacional > Se recortó el presente y se comprometió el futuro,Sector Educación Nacional,2036,False
2036,DATE,regex,P0785-S01,P0785,97,IV. Balance sectorial > Sector Educación Nacional > Se recortó el presente y se comprometió el futuro,Sector Educación Nacional,2036,False
$7 billones,MONEY,regex,P0786-S01,P0786,97,IV. Balance sectorial > Sector Educación Nacional > Se recortó el presente y se comprometió el futuro,Sector Educación Nacional,$7 billones,False
Contraloría,ORG,spacy,P0786-S01,P0786,97,IV. Balance sectorial > Sector Educación Nacional > Se recortó el presente y se comprometió el futuro,Sector Educación Nacional,Contraloría,True
Ministerio de Educación,GPE_LOC,spacy,P0786-S01,P0786,97,IV. Balance sectorial > Sector Educación Nacional > Se recortó el presente y se comprometió el futuro,Sector Educación Nacional,Ministerio de Educación,True
Fondo de Financiamiento de la Infraestructura Educativa,ORG,spacy,P0786-S01,P0786,97,IV. Balance sectorial > Sector Educación Nacional > Se recortó el presente y se comprometió el futuro,Sector Educación Nacional,Fondo de Financiamiento de la Infraestructura Educativa,True
FFIE,GPE_LOC,spacy,P0786-S01,P0786,97,IV. Balance sectorial > Sector Educación Nacional > Se recortó el presente y se comprometió el futuro,Sector Educación Nacional,Fondo de Financiamiento de la Infraestructura Educativa,True
2036,DATE,regex,P0787-S01,P0787,97,IV. Balance sectorial > Sector Educación Nacional > Se recortó el presente y se comprometió el futuro,Sector Educación Nacional,2036,False
"$1,69 billones",MONEY,regex,P0787-S01,P0787,97,IV. Balance sectorial > Sector Educación Nacional > Se recortó el presente y se comprometió el futuro,Sector Educación Nacional,"$1,69 billones",False
Programa de Tutorías para el Aprendizaje,MISC,spacy,P0787-S01,P0787,97,IV. Balance sectorial > Sector Educación Nacional > Se recortó el presente y se comprometió el futuro,Sector Educación Nacional,Programa de Tutorías para el Aprendizaje,False
Formación Integral,ORG,spacy,P0787-S01,P0787,97,IV. Balance sectorial > Sector Educación Nacional > Se recortó el presente y se comprometió el futuro,Sector Educación Nacional,Formación Integral,False
PTAFI,MISC,spacy,P0787-S01,P0787,97,IV. Balance sectorial > Sector Educación Nacional > Se recortó el presente y se comprometió el futuro,Sector Educación Nacional,PTAFI,False
2036,DATE,regex,P0787-S04,P0787,97,IV. Balance sectorial > Sector Educación Nacional > Se recortó el presente y se comprometió el futuro,Sector Educación Nacional,2036,False
31 de julio de 2026,DATE,regex,P0788-S01,P0788,97,IV. Balance sectorial > Sector Educación Nacional > Se recortó el presente y se comprometió el futuro,Sector Educación Nacional,31 de julio de 2026,False
Decretos 0932,MISC,spacy,P0788-S01,P0788,97,IV. Balance sectorial > Sector Educación Nacional > Se recortó el presente y se comprometió el futuro,Sector Educación Nacional,Decretos 0932,False
Gobierno,GENERIC,spacy,P0788-S01,P0788,97,IV. Balance sectorial > Sector Educación Nacional > Se recortó el presente y se comprometió el futuro,Sector Educación Nacional,Gobierno,False
Sistema Educativo Indígena Propio,GPE_LOC,spacy,P0788-S01,P0788,97,IV. Balance sectorial > Sector Educación Nacional > Se recortó el presente y se comprometió el futuro,Sector Educación Nacional,Sistema Educativo Indígena Propio,False
SEIP,ORG,spacy,P0788-S01,P0788,97,IV. Balance sectorial > Sector Educación Nacional > Se recortó el presente y se comprometió el futuro,Sector Educación Nacional,Sistema Educativo Indígena Propio,False
Decreto 0932,LAW,regex,P0788-S02,P0788,97,IV. Balance sectorial > Sector Educación Nacional > Se recortó el presente y se comprometió el futuro,Sector Educación Nacional,Decreto 0932,False
Viviane Aleyda Morales Hoyos,PERSON,spacy,P0790-S01,P0790,97,IV. Balance sectorial > Sector Educación Nacional > Se recortó el presente y se comprometió el futuro,Sector Educación Nacional,Viviane Aleyda Morales Hoyos,False
SEIP,ORG,spacy,P0791-S01,P0791,97,IV. Balance sectorial > Sector Educación Nacional > Se recortó el presente y se comprometió el futuro,Sector Educación Nacional,Sistema Educativo Indígena Propio,False
Presupuesto General de la Nación,ORG,spacy,P0791-S01,P0791,97,IV. Balance sectorial > Sector Educación Nacional > Se recortó el presente y se comprometió el futuro,Sector Educación Nacional,Presupuesto General de la Nación,False
SEIP,ORG,spacy,P0791-S02,P0791,98,IV. Balance sectorial > Sector Educación Nacional > Se recortó el presente y se comprometió el futuro,Sector Educación Nacional,Sistema Educativo Indígena Propio,False
Gobierno,GENERIC,spacy,P0791-S02,P0791,98,IV. Balance sectorial > Sector Educación Nacional > Se recortó el presente y se comprometió el futuro,Sector Educación Nacional,Gobierno,False
SEIP,ORG,spacy,P0793-S01,P0793,98,IV. Balance sectorial > Sector Educación Nacional > Se recortó el presente y se comprometió el futuro,Sector Educación Nacional,Sistema Educativo Indígena Propio,False
Gobierno,GENERIC,spacy,P0793-S01,P0793,98,IV. Balance sectorial > Sector Educación Nacional > Se recortó el presente y se comprometió el futuro,Sector Educación Nacional,Gobierno,False
2026,DATE,regex,P0794-S02,P0794,98,IV. Balance sectorial > Sector Educación Nacional > Se recortó el presente y se comprometió el futuro,Sector Educación Nacional,2026,False
Programa de Alimentación Escolar,MISC,spacy,P0794-S02,P0794,98,IV. Balance sectorial > Sector Educación Nacional > Se recortó el presente y se comprometió el futuro,Sector Educación Nacional,Programa de Alimentación Escolar,False
2025,DATE,regex,P0794-S03,P0794,98,IV. Balance sectorial > Sector Educación Nacional > Se recortó el presente y se comprometió el futuro,Sector Educación Nacional,2025,False
"$1,95 billones",MONEY,regex,P0794-S05,P0794,98,IV. Balance sectorial > Sector Educación Nacional > Se recortó el presente y se comprometió el futuro,Sector Educación Nacional,"$1,95 billones",False
Fondo Nacional de Prestaciones Sociales del Magisterio,ORG,spacy,P0795-S01,P0795,98,IV. Balance sectorial > Sector Educación Nacional > Se recortó el presente y se comprometió el futuro,Sector Educación Nacional,Fondo Nacional de Prestaciones Sociales del Magisterio,True
FOMAG,GPE_LOC,spacy,P0795-S01,P0795,98,IV. Balance sectorial > Sector Educación Nacional > Se recortó el presente y se comprometió el futuro,Sector Educación Nacional,FOMAG,False
2023,DATE,regex,P0795-S03,P0795,98,IV. Balance sectorial > Sector Educación Nacional > Se recortó el presente y se comprometió el futuro,Sector Educación Nacional,2023,False
2025,DATE,regex,P0795-S03,P0795,98,IV. Balance sectorial > Sector Educación Nacional > Se recortó el presente y se comprometió el futuro,Sector Educación Nacional,2025,False
$548.120 millones,MONEY,regex,P0795-S03,P0795,98,IV. Balance sectorial > Sector Educación Nacional > Se recortó el presente y se comprometió el futuro,Sector Educación Nacional,$548.120 millones,False
Contraloría,ORG,spacy,P0795-S03,P0795,98,IV. Balance sectorial > Sector Educación Nacional > Se recortó el presente y se comprometió el futuro,Sector Educación Nacional,Contraloría,True
2026,DATE,regex,P0796-S02,P0796,98,IV. Balance sectorial > Sector Educación Nacional > Se recortó el presente y se comprometió el futuro,Sector Educación Nacional,2026,False
Gobierno,GENERIC,spacy,P0796-S03,P0796,98,IV. Balance sectorial > Sector Educación Nacional > Se recortó el presente y se comprometió el futuro,Sector Educación Nacional,Gobierno,False
2025,DATE,regex,P0797-S01,P0797,98,IV. Balance sectorial > Sector Educación Nacional > Se recortó el presente y se comprometió el futuro,Sector Educación Nacional,2025,False
75 %,PERCENT,regex,P0797-S02,P0797,98,IV. Balance sectorial > Sector Educación Nacional > Se recortó el presente y se comprometió el futuro,Sector Educación Nacional,75 %,False
Fondo,GENERIC,spacy,P0798-S01,P0798,98,IV. Balance sectorial > Sector Educación Nacional > Se recortó el presente y se comprometió el futuro,Sector Educación Nacional,Fondo,False
2023,DATE,regex,P0798-S02,P0798,98,IV. Balance sectorial > Sector Educación Nacional > Se recortó el presente y se comprometió el futuro,Sector Educación Nacional,2023,False
2024,DATE,regex,P0798-S02,P0798,98,IV. Balance sectorial > Sector Educación Nacional > Se recortó el presente y se comprometió el futuro,Sector Educación Nacional,2024,False
"$1,2 billones",MONEY,regex,P0798-S02,P0798,98,IV. Balance sectorial > Sector Educación Nacional > Se recortó el presente y se comprometió el futuro,Sector Educación Nacional,"$1,2 billones",False
$133.255 millones,MONEY,regex,P0798-S02,P0798,98,IV. Balance sectorial > Sector Educación Nacional > Se recortó el presente y se comprometió el futuro,Sector Educación Nacional,$133.255 millones,False
Contraloría,ORG,spacy,P0798-S02,P0798,98,IV. Balance sectorial > Sector Educación Nacional > Se recortó el presente y se comprometió el futuro,Sector Educación Nacional,Contraloría,True
Consejo Directivo,ORG,spacy,P0798-S02,P0798,98,IV. Balance sectorial > Sector Educación Nacional > Se recortó el presente y se comprometió el futuro,Sector Educación Nacional,Consejo Directivo,True
$5.479 millones,MONEY,regex,P0798-S03,P0798,99,IV. Balance sectorial > Sector Educación Nacional > Se recortó el presente y se comprometió el futuro,Sector Educación Nacional,$5.479 millones,False
Estado,GENERIC,spacy,P0798-S04,P0798,99,IV. Balance sectorial > Sector Educación Nacional > Se recortó el presente y se comprometió el futuro,Sector Educación Nacional,Estado,False
ICETEX,ORG,spacy,P0799-S02,P0799,99,IV. Balance sectorial > Sector Educación Nacional > Se recortó el presente y se comprometió el futuro,Sector Educación Nacional,ICETEX,False
Sistema General de Participaciones,GPE_LOC,spacy,P0799-S02,P0799,99,IV. Balance sectorial > Sector Educación Nacional > Se recortó el presente y se comprometió el futuro,Sector Educación Nacional,Sistema General de Participaciones,False
Ministerio de Hacienda,GPE_LOC,spacy,P0800-S01,P0800,100,"IV. Balance sectorial > Sector Hacienda y Crédito Público > La caja en mínimos, la deuda en máximos",Sector Hacienda y Crédito Público,Ministerio de Hacienda,True
agosto de 2026,DATE,regex,P0800-S02,P0800,100,"IV. Balance sectorial > Sector Hacienda y Crédito Público > La caja en mínimos, la deuda en máximos",Sector Hacienda y Crédito Público,agosto de 2026,False
31 de mayo de 2026,DATE,regex,P0801-S01,P0801,100,"IV. Balance sectorial > Sector Hacienda y Crédito Público > La caja en mínimos, la deuda en máximos",Sector Hacienda y Crédito Público,31 de mayo de 2026,False
Ministerio,GENERIC,spacy,P0801-S01,P0801,100,"IV. Balance sectorial > Sector Hacienda y Crédito Público > La caja en mínimos, la deuda en máximos",Sector Hacienda y Crédito Público,Ministerio,False
2025,DATE,regex,P0801-S02,P0801,100,"IV. Balance sectorial > Sector Hacienda y Crédito Público > La caja en mínimos, la deuda en máximos",Sector Hacienda y Crédito Público,2025,False
2025-2027,DATE,regex,P0801-S02,P0801,100,"IV. Balance sectorial > Sector Hacienda y Crédito Público > La caja en mínimos, la deuda en máximos",Sector Hacienda y Crédito Público,2025-2027,False
"6,4 %",PERCENT,regex,P0801-S02,P0801,100,"IV. Balance sectorial > Sector Hacienda y Crédito Público > La caja en mínimos, la deuda en máximos",Sector Hacienda y Crédito Público,"6,4 %",False
Gobierno Nacional Central,GPE_LOC,spacy,P0801-S02,P0801,100,"IV. Balance sectorial > Sector Hacienda y Crédito Público > La caja en mínimos, la deuda en máximos",Sector Hacienda y Crédito Público,Gobierno Nacional Central,True
2026,DATE,regex,P0802-S02,P0802,100,"IV. Balance sectorial > Sector Hacienda y Crédito Público > La caja en mínimos, la deuda en máximos",Sector Hacienda y Crédito Público,2026,False
2029,DATE,regex,P0802-S02,P0802,100,"IV. Balance sectorial > Sector Hacienda y Crédito Público > La caja en mínimos, la deuda en máximos",Sector Hacienda y Crédito Público,2029,False
2030,DATE,regex,P0802-S02,P0802,100,"IV. Balance sectorial > Sector Hacienda y Crédito Público > La caja en mínimos, la deuda en máximos",Sector Hacienda y Crédito Público,2030,False
50 %,PERCENT,regex,P0802-S02,P0802,100,"IV. Balance sectorial > Sector Hacienda y Crédito Público > La caja en mínimos, la deuda en máximos",Sector Hacienda y Crédito Público,50 %,False
100 %,PERCENT,regex,P0802-S02,P0802,100,"IV. Balance sectorial > Sector Hacienda y Crédito Público > La caja en mínimos, la deuda en máximos",Sector Hacienda y Crédito Público,100 %,False
13 %,PERCENT,regex,P0802-S02,P0802,100,"IV. Balance sectorial > Sector Hacienda y Crédito Público > La caja en mínimos, la deuda en máximos",Sector Hacienda y Crédito Público,13 %,False
15 %,PERCENT,regex,P0802-S02,P0802,100,"IV. Balance sectorial > Sector Hacienda y Crédito Público > La caja en mínimos, la deuda en máximos",Sector Hacienda y Crédito Público,15 %,False
Contraloría General,ORG,spacy,P0802-S02,P0802,100,"IV. Balance sectorial > Sector Hacienda y Crédito Público > La caja en mínimos, la deuda en máximos",Sector Hacienda y Crédito Público,Contraloría General,True
Gobierno,GENERIC,spacy,P0802-S02,P0802,100,"IV. Balance sectorial > Sector Hacienda y Crédito Público > La caja en mínimos, la deuda en máximos",Sector Hacienda y Crédito Público,Gobierno,False
Contraloría,ORG,spacy,P0803-S02,P0803,100,"IV. Balance sectorial > Sector Hacienda y Crédito Público > La caja en mínimos, la deuda en máximos",Sector Hacienda y Crédito Público,Contraloría,True
Procuraduría,ORG,spacy,P0803-S02,P0803,100,"IV. Balance sectorial > Sector Hacienda y Crédito Público > La caja en mínimos, la deuda en máximos",Sector Hacienda y Crédito Público,Procuraduría,True
$113 billones,MONEY,regex,P0803-S03,P0803,100,"IV. Balance sectorial > Sector Hacienda y Crédito Público > La caja en mínimos, la deuda en máximos",Sector Hacienda y Crédito Público,$113 billones,False
Estado,GENERIC,spacy,P0804-S01,P0804,100,"IV. Balance sectorial > Sector Hacienda y Crédito Público > La caja en mínimos, la deuda en máximos",Sector Hacienda y Crédito Público,Estado,False
2025,DATE,regex,P0804-S02,P0804,100,"IV. Balance sectorial > Sector Hacienda y Crédito Público > La caja en mínimos, la deuda en máximos",Sector Hacienda y Crédito Público,2025,False
2026,DATE,regex,P0804-S02,P0804,100,"IV. Balance sectorial > Sector Hacienda y Crédito Público > La caja en mínimos, la deuda en máximos",Sector Hacienda y Crédito Público,2026,False
"$294,5 billones",MONEY,regex,P0804-S02,P0804,100,"IV. Balance sectorial > Sector Hacienda y Crédito Público > La caja en mínimos, la deuda en máximos",Sector Hacienda y Crédito Público,"$294,5 billones",False
"$292,9 billones",MONEY,regex,P0804-S02,P0804,100,"IV. Balance sectorial > Sector Hacienda y Crédito Público > La caja en mínimos, la deuda en máximos",Sector Hacienda y Crédito Público,"$292,9 billones",False
1 %,PERCENT,regex,P0804-S02,P0804,100,"IV. Balance sectorial > Sector Hacienda y Crédito Público > La caja en mínimos, la deuda en máximos",Sector Hacienda y Crédito Público,1 %,False
"3,5 %",PERCENT,regex,P0804-S02,P0804,100,"IV. Balance sectorial > Sector Hacienda y Crédito Público > La caja en mínimos, la deuda en máximos",Sector Hacienda y Crédito Público,"3,5 %",False
DIAN,ORG,spacy,P0804-S02,P0804,100,"IV. Balance sectorial > Sector Hacienda y Crédito Público > La caja en mínimos, la deuda en máximos",Sector Hacienda y Crédito Público,DIAN,True
2028,DATE,regex,P0804-S03,P0804,100,"IV. Balance sectorial > Sector Hacienda y Crédito Público > La caja en mínimos, la deuda en máximos",Sector Hacienda y Crédito Público,2028,False
entre 2019 y 2024,DATE,regex,P0804-S03,P0804,100,"IV. Balance sectorial > Sector Hacienda y Crédito Público > La caja en mínimos, la deuda en máximos",Sector Hacienda y Crédito Público,entre 2019 y 2024,False
$310.000 millones,MONEY,regex,P0804-S03,P0804,100,"IV. Balance sectorial > Sector Hacienda y Crédito Público > La caja en mínimos, la deuda en máximos",Sector Hacienda y Crédito Público,$310.000 millones,False
$333.853 millones,MONEY,regex,P0804-S03,P0804,100,"IV. Balance sectorial > Sector Hacienda y Crédito Público > La caja en mínimos, la deuda en máximos",Sector Hacienda y Crédito Público,$333.853 millones,False
95 %,PERCENT,regex,P0804-S03,P0804,100,"IV. Balance sectorial > Sector Hacienda y Crédito Público > La caja en mínimos, la deuda en máximos",Sector Hacienda y Crédito Público,95 %,False
Fondo DIAN,ORG,spacy,P0804-S03,P0804,100,"IV. Balance sectorial > Sector Hacienda y Crédito Público > La caja en mínimos, la deuda en máximos",Sector Hacienda y Crédito Público,Fondo DIAN,True
Plan de Modernización,MISC,spacy,P0804-S03,P0804,100,"IV. Balance sectorial > Sector Hacienda y Crédito Público > La caja en mínimos, la deuda en máximos",Sector Hacienda y Crédito Público,Plan de Modernización,False
$19.996 millones,MONEY,regex,P0804-S04,P0804,100,"IV. Balance sectorial > Sector Hacienda y Crédito Público > La caja en mínimos, la deuda en máximos",Sector Hacienda y Crédito Público,$19.996 millones,False
$17.287 millones,MONEY,regex,P0804-S04,P0804,100,"IV. Balance sectorial > Sector Hacienda y Crédito Público > La caja en mínimos, la deuda en máximos",Sector Hacienda y Crédito Público,$17.287 millones,False
86 %,PERCENT,regex,P0804-S04,P0804,100,"IV. Balance sectorial > Sector Hacienda y Crédito Público > La caja en mínimos, la deuda en máximos",Sector Hacienda y Crédito Público,86 %,False
entre 2024 y 2025,DATE,regex,P0805-S02,P0805,100,"IV. Balance sectorial > Sector Hacienda y Crédito Público > La caja en mínimos, la deuda en máximos",Sector Hacienda y Crédito Público,entre 2024 y 2025,False
2020,DATE,regex,P0805-S02,P0805,100,"IV. Balance sectorial > Sector Hacienda y Crédito Público > La caja en mínimos, la deuda en máximos",Sector Hacienda y Crédito Público,2020,False
"$3,7 billones",MONEY,regex,P0805-S02,P0805,100,"IV. Balance sectorial > Sector Hacienda y Crédito Público > La caja en mínimos, la deuda en máximos",Sector Hacienda y Crédito Público,"$3,7 billones",False
$613.853 millones,MONEY,regex,P0805-S02,P0805,100,"IV. Balance sectorial > Sector Hacienda y Crédito Público > La caja en mínimos, la deuda en máximos",Sector Hacienda y Crédito Público,$613.853 millones,False
"260,9 %",PERCENT,regex,P0805-S02,P0805,100,"IV. Balance sectorial > Sector Hacienda y Crédito Público > La caja en mínimos, la deuda en máximos",Sector Hacienda y Crédito Público,"260,9 %",False
434 %,PERCENT,regex,P0805-S02,P0805,100,"IV. Balance sectorial > Sector Hacienda y Crédito Público > La caja en mínimos, la deuda en máximos",Sector Hacienda y Crédito Público,434 %,False
Fondo Nacional del Ahorro,ORG,spacy,P0805-S02,P0805,100,"IV. Balance sectorial > Sector Hacienda y Crédito Público > La caja en mínimos, la deuda en máximos",Sector Hacienda y Crédito Público,Fondo Nacional del Ahorro,True
Miguel Gómez Martínez,PERSON,spacy,P0808-S01,P0808,100,"IV. Balance sectorial > Sector Hacienda y Crédito Público > La caja en mínimos, la deuda en máximos",Sector Hacienda y Crédito Público,Miguel Gómez Martínez,False
2025,DATE,regex,P0809-S01,P0809,100,"IV. Balance sectorial > Sector Hacienda y Crédito Público > La caja en mínimos, la deuda en máximos",Sector Hacienda y Crédito Público,2025,False
Ministro de Hacienda,GPE_LOC,spacy,P0809-S01,P0809,100,"IV. Balance sectorial > Sector Hacienda y Crédito Público > La caja en mínimos, la deuda en máximos",Sector Hacienda y Crédito Público,Ministro de Hacienda,True
2024,DATE,regex,P0809-S02,P0809,101,"IV. Balance sectorial > Sector Hacienda y Crédito Público > La caja en mínimos, la deuda en máximos",Sector Hacienda y Crédito Público,2024,False
2025,DATE,regex,P0809-S02,P0809,101,"IV. Balance sectorial > Sector Hacienda y Crédito Público > La caja en mínimos, la deuda en máximos",Sector Hacienda y Crédito Público,2025,False
$328.000 millones,MONEY,regex,P0809-S02,P0809,101,"IV. Balance sectorial > Sector Hacienda y Crédito Público > La caja en mínimos, la deuda en máximos",Sector Hacienda y Crédito Público,$328.000 millones,False
$2.119 millones,MONEY,regex,P0809-S02,P0809,101,"IV. Balance sectorial > Sector Hacienda y Crédito Público > La caja en mínimos, la deuda en máximos",Sector Hacienda y Crédito Público,$2.119 millones,False
$367.256 millones,MONEY,regex,P0809-S02,P0809,101,"IV. Balance sectorial > Sector Hacienda y Crédito Público > La caja en mínimos, la deuda en máximos",Sector Hacienda y Crédito Público,$367.256 millones,False
FINDETER,MISC,spacy,P0809-S02,P0809,101,"IV. Balance sectorial > Sector Hacienda y Crédito Público > La caja en mínimos, la deuda en máximos",Sector Hacienda y Crédito Público,FINDETER,False
2024,DATE,regex,P0809-S03,P0809,101,"IV. Balance sectorial > Sector Hacienda y Crédito Público > La caja en mínimos, la deuda en máximos",Sector Hacienda y Crédito Público,2024,False
2025,DATE,regex,P0809-S03,P0809,101,"IV. Balance sectorial > Sector Hacienda y Crédito Público > La caja en mínimos, la deuda en máximos",Sector Hacienda y Crédito Público,2025,False
$81.593 millones,MONEY,regex,P0809-S03,P0809,101,"IV. Balance sectorial > Sector Hacienda y Crédito Público > La caja en mínimos, la deuda en máximos",Sector Hacienda y Crédito Público,$81.593 millones,False
$176.795 millones,MONEY,regex,P0809-S03,P0809,101,"IV. Balance sectorial > Sector Hacienda y Crédito Público > La caja en mínimos, la deuda en máximos",Sector Hacienda y Crédito Público,$176.795 millones,False
FOMAG,ORG,spacy,P0809-S03,P0809,101,"IV. Balance sectorial > Sector Hacienda y Crédito Público > La caja en mínimos, la deuda en máximos",Sector Hacienda y Crédito Público,FOMAG,False
Contraloría,ORG,spacy,P0809-S03,P0809,101,"IV. Balance sectorial > Sector Hacienda y Crédito Público > La caja en mínimos, la deuda en máximos",Sector Hacienda y Crédito Público,Contraloría,True
$34.023 millones,MONEY,regex,P0810-S02,P0810,101,"IV. Balance sectorial > Sector Hacienda y Crédito Público > La caja en mínimos, la deuda en máximos",Sector Hacienda y Crédito Público,$34.023 millones,False
"1,5 billones de pesos",MONEY,regex,P0810-S02,P0810,101,"IV. Balance sectorial > Sector Hacienda y Crédito Público > La caja en mínimos, la deuda en máximos",Sector Hacienda y Crédito Público,"1,5 billones de pesos",False
Coljuegos,PERSON,spacy,P0810-S02,P0810,101,"IV. Balance sectorial > Sector Hacienda y Crédito Público > La caja en mínimos, la deuda en máximos",Sector Hacienda y Crédito Público,Coljuegos,False
DIAN,ORG,spacy,P0810-S03,P0810,101,"IV. Balance sectorial > Sector Hacienda y Crédito Público > La caja en mínimos, la deuda en máximos",Sector Hacienda y Crédito Público,DIAN,True
Gobierno,GENERIC,spacy,P0811-S01,P0811,101,"IV. Balance sectorial > Sector Hacienda y Crédito Público > La caja en mínimos, la deuda en máximos",Sector Hacienda y Crédito Público,Gobierno,False
PAC,ORG,spacy,P0811-S02,P0811,101,"IV. Balance sectorial > Sector Hacienda y Crédito Público > La caja en mínimos, la deuda en máximos",Sector Hacienda y Crédito Público,PAC,False
2028,DATE,regex,P0812-S01,P0812,101,"IV. Balance sectorial > Sector Hacienda y Crédito Público > La caja en mínimos, la deuda en máximos",Sector Hacienda y Crédito Público,2028,False
DIAN,ORG,spacy,P0812-S01,P0812,101,"IV. Balance sectorial > Sector Hacienda y Crédito Público > La caja en mínimos, la deuda en máximos",Sector Hacienda y Crédito Público,DIAN,True
Estado,GENERIC,spacy,P0813-S01,P0813,101,"IV. Balance sectorial > Sector Hacienda y Crédito Público > La caja en mínimos, la deuda en máximos",Sector Hacienda y Crédito Público,Estado,False
Sector de la Inclusión Social y Reconciliación,GPE_LOC,spacy,P0814-S01,P0814,102,IV. Balance sectorial > Sector Inclusión Social y Reconciliación > ¡El presupuesto se acabó en julio; el año no!,Sector Inclusión Social y Reconciliación,Sector de la Inclusión Social y Reconciliación,False
Prosperidad,MISC,spacy,P0814-S02,P0814,102,IV. Balance sectorial > Sector Inclusión Social y Reconciliación > ¡El presupuesto se acabó en julio; el año no!,Sector Inclusión Social y Reconciliación,Prosperidad,False
2026,DATE,regex,P0814-S03,P0814,102,IV. Balance sectorial > Sector Inclusión Social y Reconciliación > ¡El presupuesto se acabó en julio; el año no!,Sector Inclusión Social y Reconciliación,2026,False
Colombia Mayor,GPE_LOC,spacy,P0814-S03,P0814,102,IV. Balance sectorial > Sector Inclusión Social y Reconciliación > ¡El presupuesto se acabó en julio; el año no!,Sector Inclusión Social y Reconciliación,Colombia Mayor,False
7 de agosto,DATE,regex,P0814-S04,P0814,102,IV. Balance sectorial > Sector Inclusión Social y Reconciliación > ¡El presupuesto se acabó en julio; el año no!,Sector Inclusión Social y Reconciliación,7 de agosto,False
Colombia Mayor,PERSON,spacy,P0816-S01,P0816,102,IV. Balance sectorial > Sector Inclusión Social y Reconciliación > ¡El presupuesto se acabó en julio; el año no!,Sector Inclusión Social y Reconciliación,Colombia Mayor,False
julio de 2026,DATE,regex,P0816-S02,P0816,102,IV. Balance sectorial > Sector Inclusión Social y Reconciliación > ¡El presupuesto se acabó en julio; el año no!,Sector Inclusión Social y Reconciliación,julio de 2026,False
$630 mil millones,MONEY,regex,P0816-S03,P0816,102,IV. Balance sectorial > Sector Inclusión Social y Reconciliación > ¡El presupuesto se acabó en julio; el año no!,Sector Inclusión Social y Reconciliación,$630 mil millones,False
"$3,2 billones",MONEY,regex,P0816-S04,P0816,102,IV. Balance sectorial > Sector Inclusión Social y Reconciliación > ¡El presupuesto se acabó en julio; el año no!,Sector Inclusión Social y Reconciliación,"$3,2 billones",False
Prosperidad,MISC,spacy,P0817-S03,P0817,102,IV. Balance sectorial > Sector Inclusión Social y Reconciliación > ¡El presupuesto se acabó en julio; el año no!,Sector Inclusión Social y Reconciliación,Prosperidad,False
Programa Anual,MISC,spacy,P0817-S03,P0817,102,IV. Balance sectorial > Sector Inclusión Social y Reconciliación > ¡El presupuesto se acabó en julio; el año no!,Sector Inclusión Social y Reconciliación,Programa Anual,False
2026,DATE,regex,P0818-S02,P0818,102,IV. Balance sectorial > Sector Inclusión Social y Reconciliación > ¡El presupuesto se acabó en julio; el año no!,Sector Inclusión Social y Reconciliación,2026,False
"$4,41 billones",MONEY,regex,P0818-S02,P0818,102,IV. Balance sectorial > Sector Inclusión Social y Reconciliación > ¡El presupuesto se acabó en julio; el año no!,Sector Inclusión Social y Reconciliación,"$4,41 billones",False
"11,55 %",PERCENT,regex,P0818-S02,P0818,102,IV. Balance sectorial > Sector Inclusión Social y Reconciliación > ¡El presupuesto se acabó en julio; el año no!,Sector Inclusión Social y Reconciliación,"11,55 %",False
Unidad para las Víctimas,ORG,spacy,P0818-S02,P0818,102,IV. Balance sectorial > Sector Inclusión Social y Reconciliación > ¡El presupuesto se acabó en julio; el año no!,Sector Inclusión Social y Reconciliación,Unidad para las Víctimas,True
60 %,PERCENT,regex,P0818-S03,P0818,102,IV. Balance sectorial > Sector Inclusión Social y Reconciliación > ¡El presupuesto se acabó en julio; el año no!,Sector Inclusión Social y Reconciliación,60 %,False
"3,28 %",PERCENT,regex,P0818-S03,P0818,102,IV. Balance sectorial > Sector Inclusión Social y Reconciliación > ¡El presupuesto se acabó en julio; el año no!,Sector Inclusión Social y Reconciliación,"3,28 %",False
diciembre de 2025,DATE,regex,P0818-S04,P0818,102,IV. Balance sectorial > Sector Inclusión Social y Reconciliación > ¡El presupuesto se acabó en julio; el año no!,Sector Inclusión Social y Reconciliación,diciembre de 2025,False
"$5,79 billones",MONEY,regex,P0818-S04,P0818,102,IV. Balance sectorial > Sector Inclusión Social y Reconciliación > ¡El presupuesto se acabó en julio; el año no!,Sector Inclusión Social y Reconciliación,"$5,79 billones",False
"$3,65 billones",MONEY,regex,P0818-S04,P0818,102,IV. Balance sectorial > Sector Inclusión Social y Reconciliación > ¡El presupuesto se acabó en julio; el año no!,Sector Inclusión Social y Reconciliación,"$3,65 billones",False
"$8,35 billones",MONEY,regex,P0818-S04,P0818,102,IV. Balance sectorial > Sector Inclusión Social y Reconciliación > ¡El presupuesto se acabó en julio; el año no!,Sector Inclusión Social y Reconciliación,"$8,35 billones",False
"45,5 %",PERCENT,regex,P0818-S04,P0818,102,IV. Balance sectorial > Sector Inclusión Social y Reconciliación > ¡El presupuesto se acabó en julio; el año no!,Sector Inclusión Social y Reconciliación,"45,5 %",False
2025,DATE,regex,P0818-S05,P0818,102,IV. Balance sectorial > Sector Inclusión Social y Reconciliación > ¡El presupuesto se acabó en julio; el año no!,Sector Inclusión Social y Reconciliación,2025,False
Registro Único de Víctimas,ORG,spacy,P0818-S05,P0818,102,IV. Balance sectorial > Sector Inclusión Social y Reconciliación > ¡El presupuesto se acabó en julio; el año no!,Sector Inclusión Social y Reconciliación,Registro Único de Víctimas,False
2026,DATE,regex,P0819-S01,P0819,102,IV. Balance sectorial > Sector Inclusión Social y Reconciliación > ¡El presupuesto se acabó en julio; el año no!,Sector Inclusión Social y Reconciliación,2026,False
$408.560 millones,MONEY,regex,P0819-S01,P0819,102,IV. Balance sectorial > Sector Inclusión Social y Reconciliación > ¡El presupuesto se acabó en julio; el año no!,Sector Inclusión Social y Reconciliación,$408.560 millones,False
Prosperidad Social,ORG,spacy,P0819-S01,P0819,102,IV. Balance sectorial > Sector Inclusión Social y Reconciliación > ¡El presupuesto se acabó en julio; el año no!,Sector Inclusión Social y Reconciliación,Prosperidad Social,True
Decretos 0241,MISC,spacy,P0819-S01,P0819,102,IV. Balance sectorial > Sector Inclusión Social y Reconciliación > ¡El presupuesto se acabó en julio; el año no!,Sector Inclusión Social y Reconciliación,Decretos 0241,False
Sandra Suárez Pérez,PERSON,spacy,P0822-S01,P0822,102,IV. Balance sectorial > Sector Inclusión Social y Reconciliación > ¡El presupuesto se acabó en julio; el año no!,Sector Inclusión Social y Reconciliación,Sandra Suárez Pérez,False
30 de junio,DATE,regex,P0823-S01,P0823,102,IV. Balance sectorial > Sector Inclusión Social y Reconciliación > ¡El presupuesto se acabó en julio; el año no!,Sector Inclusión Social y Reconciliación,30 de junio,False
0 %,PERCENT,regex,P0823-S01,P0823,102,IV. Balance sectorial > Sector Inclusión Social y Reconciliación > ¡El presupuesto se acabó en julio; el año no!,Sector Inclusión Social y Reconciliación,0 %,False
Directora General,ORG,spacy,P0823-S01,P0823,102,IV. Balance sectorial > Sector Inclusión Social y Reconciliación > ¡El presupuesto se acabó en julio; el año no!,Sector Inclusión Social y Reconciliación,Directora General,False
Departamento Administrativo para la Prosperidad Social,ORG,spacy,P0823-S01,P0823,102,IV. Balance sectorial > Sector Inclusión Social y Reconciliación > ¡El presupuesto se acabó en julio; el año no!,Sector Inclusión Social y Reconciliación,Departamento Administrativo para la Prosperidad Social,True
"98,1 %",PERCENT,regex,P0824-S02,P0824,103,IV. Balance sectorial > Sector Inclusión Social y Reconciliación > ¡El presupuesto se acabó en julio; el año no!,Sector Inclusión Social y Reconciliación,"98,1 %",False
2025,DATE,regex,P0825-S01,P0825,103,IV. Balance sectorial > Sector Inclusión Social y Reconciliación > ¡El presupuesto se acabó en julio; el año no!,Sector Inclusión Social y Reconciliación,2025,False
Convenio Interadministrativo,MISC,spacy,P0825-S01,P0825,103,IV. Balance sectorial > Sector Inclusión Social y Reconciliación > ¡El presupuesto se acabó en julio; el año no!,Sector Inclusión Social y Reconciliación,Convenio Interadministrativo,False
$33 mil millones,MONEY,regex,P0826-S01,P0826,103,IV. Balance sectorial > Sector Inclusión Social y Reconciliación > ¡El presupuesto se acabó en julio; el año no!,Sector Inclusión Social y Reconciliación,$33 mil millones,False
$336 millones,MONEY,regex,P0826-S01,P0826,103,IV. Balance sectorial > Sector Inclusión Social y Reconciliación > ¡El presupuesto se acabó en julio; el año no!,Sector Inclusión Social y Reconciliación,$336 millones,False
"0,991 %",PERCENT,regex,P0826-S01,P0826,103,IV. Balance sectorial > Sector Inclusión Social y Reconciliación > ¡El presupuesto se acabó en julio; el año no!,Sector Inclusión Social y Reconciliación,"0,991 %",False
Prosperidad Social,PERSON,spacy,P0826-S01,P0826,103,IV. Balance sectorial > Sector Inclusión Social y Reconciliación > ¡El presupuesto se acabó en julio; el año no!,Sector Inclusión Social y Reconciliación,Prosperidad Social,True
noviembre de 2025,DATE,regex,P0826-S03,P0826,103,IV. Balance sectorial > Sector Inclusión Social y Reconciliación > ¡El presupuesto se acabó en julio; el año no!,Sector Inclusión Social y Reconciliación,noviembre de 2025,False
Vichada,GPE_LOC,spacy,P0826-S03,P0826,103,IV. Balance sectorial > Sector Inclusión Social y Reconciliación > ¡El presupuesto se acabó en julio; el año no!,Sector Inclusión Social y Reconciliación,Vichada,False
Guaviare,GPE_LOC,spacy,P0826-S03,P0826,103,IV. Balance sectorial > Sector Inclusión Social y Reconciliación > ¡El presupuesto se acabó en julio; el año no!,Sector Inclusión Social y Reconciliación,Guaviare,False
Amazonas,GPE_LOC,spacy,P0826-S03,P0826,103,IV. Balance sectorial > Sector Inclusión Social y Reconciliación > ¡El presupuesto se acabó en julio; el año no!,Sector Inclusión Social y Reconciliación,Amazonas,False
Putumayo,GPE_LOC,spacy,P0826-S03,P0826,103,IV. Balance sectorial > Sector Inclusión Social y Reconciliación > ¡El presupuesto se acabó en julio; el año no!,Sector Inclusión Social y Reconciliación,Putumayo,False
Chocó,GPE_LOC,spacy,P0826-S03,P0826,103,IV. Balance sectorial > Sector Inclusión Social y Reconciliación > ¡El presupuesto se acabó en julio; el año no!,Sector Inclusión Social y Reconciliación,Chocó,False
Nariño,GPE_LOC,spacy,P0826-S03,P0826,103,IV. Balance sectorial > Sector Inclusión Social y Reconciliación > ¡El presupuesto se acabó en julio; el año no!,Sector Inclusión Social y Reconciliación,Nariño,False
"$2,33 billones",MONEY,regex,P0827-S01,P0827,103,IV. Balance sectorial > Sector Inclusión Social y Reconciliación > ¡El presupuesto se acabó en julio; el año no!,Sector Inclusión Social y Reconciliación,"$2,33 billones",False
$37.583 millones,MONEY,regex,P0827-S01,P0827,103,IV. Balance sectorial > Sector Inclusión Social y Reconciliación > ¡El presupuesto se acabó en julio; el año no!,Sector Inclusión Social y Reconciliación,$37.583 millones,False
$106.000 millones,MONEY,regex,P0827-S01,P0827,103,IV. Balance sectorial > Sector Inclusión Social y Reconciliación > ¡El presupuesto se acabó en julio; el año no!,Sector Inclusión Social y Reconciliación,$106.000 millones,False
Contraloría,ORG,spacy,P0827-S01,P0827,103,IV. Balance sectorial > Sector Inclusión Social y Reconciliación > ¡El presupuesto se acabó en julio; el año no!,Sector Inclusión Social y Reconciliación,Contraloría,True
2026,DATE,regex,P0829-S01,P0829,103,IV. Balance sectorial > Sector Inclusión Social y Reconciliación > ¡El presupuesto se acabó en julio; el año no!,Sector Inclusión Social y Reconciliación,2026,False
"39,96 %",PERCENT,regex,P0829-S01,P0829,103,IV. Balance sectorial > Sector Inclusión Social y Reconciliación > ¡El presupuesto se acabó en julio; el año no!,Sector Inclusión Social y Reconciliación,"39,96 %",False
Centro Nacional de Memoria Histórica,GPE_LOC,spacy,P0829-S01,P0829,103,IV. Balance sectorial > Sector Inclusión Social y Reconciliación > ¡El presupuesto se acabó en julio; el año no!,Sector Inclusión Social y Reconciliación,Centro Nacional de Memoria Histórica,False
Museo de Memoria,GPE_LOC,spacy,P0829-S01,P0829,103,IV. Balance sectorial > Sector Inclusión Social y Reconciliación > ¡El presupuesto se acabó en julio; el año no!,Sector Inclusión Social y Reconciliación,Museo de Memoria,False
Gobierno,GENERIC,spacy,P0830-S01,P0830,103,IV. Balance sectorial > Sector Inclusión Social y Reconciliación > ¡El presupuesto se acabó en julio; el año no!,Sector Inclusión Social y Reconciliación,Gobierno,False
Colombia Mayor,GPE_LOC,spacy,P0830-S02,P0830,103,IV. Balance sectorial > Sector Inclusión Social y Reconciliación > ¡El presupuesto se acabó en julio; el año no!,Sector Inclusión Social y Reconciliación,Colombia Mayor,False
Museo de Memoria,GPE_LOC,spacy,P0830-S02,P0830,103,IV. Balance sectorial > Sector Inclusión Social y Reconciliación > ¡El presupuesto se acabó en julio; el año no!,Sector Inclusión Social y Reconciliación,Museo de Memoria,False
Contraloría,ORG,spacy,P0831-S02,P0831,103,IV. Balance sectorial > Sector Inclusión Social y Reconciliación > ¡El presupuesto se acabó en julio; el año no!,Sector Inclusión Social y Reconciliación,Contraloría,True
Contraloría,ORG,spacy,P0831-S03,P0831,103,IV. Balance sectorial > Sector Inclusión Social y Reconciliación > ¡El presupuesto se acabó en julio; el año no!,Sector Inclusión Social y Reconciliación,Contraloría,True
Procuraduría,ORG,spacy,P0831-S03,P0831,103,IV. Balance sectorial > Sector Inclusión Social y Reconciliación > ¡El presupuesto se acabó en julio; el año no!,Sector Inclusión Social y Reconciliación,Procuraduría,True
Interior y,GPE_LOC,spacy,P0832-S01,P0832,104,IV. Balance sectorial > Sector Interior > Interior: cuatro relojes corriendo y ningún margen para improvisar,Sector Interior,Interior y,False
Gobierno,GENERIC,spacy,P0832-S01,P0832,104,IV. Balance sectorial > Sector Interior > Interior: cuatro relojes corriendo y ningún margen para improvisar,Sector Interior,Gobierno,False
30 de agosto,DATE,regex,P0832-S02,P0832,104,IV. Balance sectorial > Sector Interior > Interior: cuatro relojes corriendo y ningún margen para improvisar,Sector Interior,30 de agosto,False
30 de septiembre de 2026,DATE,regex,P0832-S02,P0832,104,IV. Balance sectorial > Sector Interior > Interior: cuatro relojes corriendo y ningún margen para improvisar,Sector Interior,30 de septiembre de 2026,False
80%,PERCENT,regex,P0832-S02,P0832,104,IV. Balance sectorial > Sector Interior > Interior: cuatro relojes corriendo y ningún margen para improvisar,Sector Interior,80%,False
Unidad Nacional de Protección,ORG,spacy,P0832-S02,P0832,104,IV. Balance sectorial > Sector Interior > Interior: cuatro relojes corriendo y ningún margen para improvisar,Sector Interior,Unidad Nacional de Protección,True
Colombia,GPE_LOC,spacy,P0832-S03,P0832,104,IV. Balance sectorial > Sector Interior > Interior: cuatro relojes corriendo y ningún margen para improvisar,Sector Interior,Colombia,False
Imprenta Nacional,MISC,spacy,P0833-S02,P0833,104,IV. Balance sectorial > Sector Interior > Interior: cuatro relojes corriendo y ningún margen para improvisar,Sector Interior,Imprenta Nacional,False
Casa de la Moneda de Portugal,GPE_LOC,spacy,P0833-S02,P0833,104,IV. Balance sectorial > Sector Interior > Interior: cuatro relojes corriendo y ningún margen para improvisar,Sector Interior,Casa de la Moneda de Portugal,False
decreto 1099,LAW,regex,P0833-S03,P0833,104,IV. Balance sectorial > Sector Interior > Interior: cuatro relojes corriendo y ningún margen para improvisar,Sector Interior,decreto 1099,False
Consejo de Estado,ORG,spacy,P0833-S03,P0833,104,IV. Balance sectorial > Sector Interior > Interior: cuatro relojes corriendo y ningún margen para improvisar,Sector Interior,Consejo de Estado,True
Procuraduría,ORG,spacy,P0833-S03,P0833,104,IV. Balance sectorial > Sector Interior > Interior: cuatro relojes corriendo y ningún margen para improvisar,Sector Interior,Procuraduría,True
2018,DATE,regex,P0834-S02,P0834,104,IV. Balance sectorial > Sector Interior > Interior: cuatro relojes corriendo y ningún margen para improvisar,Sector Interior,2018,False
septiembre de 2026,DATE,regex,P0834-S02,P0834,104,IV. Balance sectorial > Sector Interior > Interior: cuatro relojes corriendo y ningún margen para improvisar,Sector Interior,septiembre de 2026,False
$111.507 millones,MONEY,regex,P0834-S02,P0834,104,IV. Balance sectorial > Sector Interior > Interior: cuatro relojes corriendo y ningún margen para improvisar,Sector Interior,$111.507 millones,False
$45.060 millones,MONEY,regex,P0834-S02,P0834,104,IV. Balance sectorial > Sector Interior > Interior: cuatro relojes corriendo y ningún margen para improvisar,Sector Interior,$45.060 millones,False
Corporación Nasa Kiwe,ORG,spacy,P0834-S02,P0834,104,IV. Balance sectorial > Sector Interior > Interior: cuatro relojes corriendo y ningún margen para improvisar,Sector Interior,Corporación Nasa Kiwe,False
2026,DATE,regex,P0834-S03,P0834,104,IV. Balance sectorial > Sector Interior > Interior: cuatro relojes corriendo y ningún margen para improvisar,Sector Interior,2026,False
Decreto 0626 de 2026,LAW,regex,P0834-S03,P0834,104,IV. Balance sectorial > Sector Interior > Interior: cuatro relojes corriendo y ningún margen para improvisar,Sector Interior,Decreto 0626 de 2026,False
Ministerio,GENERIC,spacy,P0834-S03,P0834,104,IV. Balance sectorial > Sector Interior > Interior: cuatro relojes corriendo y ningún margen para improvisar,Sector Interior,Ministerio,False
Ministerio de la Igualdad,GPE_LOC,spacy,P0834-S03,P0834,104,IV. Balance sectorial > Sector Interior > Interior: cuatro relojes corriendo y ningún margen para improvisar,Sector Interior,Ministerio de la Igualdad,True
julio de 2026,DATE,regex,P0834-S04,P0834,104,IV. Balance sectorial > Sector Interior > Interior: cuatro relojes corriendo y ningún margen para improvisar,Sector Interior,julio de 2026,False
$50.000 millones,MONEY,regex,P0834-S04,P0834,104,IV. Balance sectorial > Sector Interior > Interior: cuatro relojes corriendo y ningún margen para improvisar,Sector Interior,$50.000 millones,False
Unidad Nacional de Protección,ORG,spacy,P0834-S04,P0834,104,IV. Balance sectorial > Sector Interior > Interior: cuatro relojes corriendo y ningún margen para improvisar,Sector Interior,Unidad Nacional de Protección,True
UNP,ORG,spacy,P0835-S03,P0835,104,IV. Balance sectorial > Sector Interior > Interior: cuatro relojes corriendo y ningún margen para improvisar,Sector Interior,Unidad Nacional de Protección,True
Rodrigo Lara Restrepo,PERSON,spacy,P0838-S01,P0838,104,IV. Balance sectorial > Sector Interior > Interior: cuatro relojes corriendo y ningún margen para improvisar,Sector Interior,Rodrigo Lara Restrepo,False
Ministro del Interior,GPE_LOC,spacy,P0839-S01,P0839,104,IV. Balance sectorial > Sector Interior > Interior: cuatro relojes corriendo y ningún margen para improvisar,Sector Interior,Ministro del Interior,True
2027,DATE,regex,P0839-S02,P0839,105,IV. Balance sectorial > Sector Interior > Interior: cuatro relojes corriendo y ningún margen para improvisar,Sector Interior,2027,False
2026,DATE,regex,P0839-S02,P0839,105,IV. Balance sectorial > Sector Interior > Interior: cuatro relojes corriendo y ningún margen para improvisar,Sector Interior,2026,False
"10,3%",PERCENT,regex,P0839-S02,P0839,105,IV. Balance sectorial > Sector Interior > Interior: cuatro relojes corriendo y ningún margen para improvisar,Sector Interior,"10,3%",False
"18,2%",PERCENT,regex,P0839-S02,P0839,105,IV. Balance sectorial > Sector Interior > Interior: cuatro relojes corriendo y ningún margen para improvisar,Sector Interior,"18,2%",False
"42,4%",PERCENT,regex,P0839-S02,P0839,105,IV. Balance sectorial > Sector Interior > Interior: cuatro relojes corriendo y ningún margen para improvisar,Sector Interior,"42,4%",False
UNP,ORG,spacy,P0839-S02,P0839,105,IV. Balance sectorial > Sector Interior > Interior: cuatro relojes corriendo y ningún margen para improvisar,Sector Interior,Unidad Nacional de Protección,True
Dirección Nacional de Bomberos,ORG,spacy,P0839-S02,P0839,105,IV. Balance sectorial > Sector Interior > Interior: cuatro relojes corriendo y ningún margen para improvisar,Sector Interior,Dirección Nacional de Bomberos,False
Niño,MISC,spacy+override,P0839-S02,P0839,105,IV. Balance sectorial > Sector Interior > Interior: cuatro relojes corriendo y ningún margen para improvisar,Sector Interior,Niño,False
Estado,GENERIC,spacy,P0839-S02,P0839,105,IV. Balance sectorial > Sector Interior > Interior: cuatro relojes corriendo y ningún margen para improvisar,Sector Interior,Estado,False
UNP,ORG,spacy,P0840-S01,P0840,105,IV. Balance sectorial > Sector Interior > Interior: cuatro relojes corriendo y ningún margen para improvisar,Sector Interior,Unidad Nacional de Protección,True
Portugal,GPE_LOC,spacy,P0840-S01,P0840,105,IV. Balance sectorial > Sector Interior > Interior: cuatro relojes corriendo y ningún margen para improvisar,Sector Interior,Portugal,False
Estado,GENERIC,spacy,P0840-S02,P0840,105,IV. Balance sectorial > Sector Interior > Interior: cuatro relojes corriendo y ningún margen para improvisar,Sector Interior,Estado,False
"41,4 %",PERCENT,regex,P0841-S01,P0841,106,"IV. Balance sectorial > Sector Justicia y del Derecho > Cárceles que no caben, notarías sin dueño",Sector Justicia y del Derecho,"41,4 %",False
"28,01%",PERCENT,regex,P0843-S01,P0843,106,"IV. Balance sectorial > Sector Justicia y del Derecho > Cárceles que no caben, notarías sin dueño",Sector Justicia y del Derecho,"28,01%",False
"95,5%",PERCENT,regex,P0843-S01,P0843,106,"IV. Balance sectorial > Sector Justicia y del Derecho > Cárceles que no caben, notarías sin dueño",Sector Justicia y del Derecho,"95,5%",False
"41,4%",PERCENT,regex,P0843-S02,P0843,106,"IV. Balance sectorial > Sector Justicia y del Derecho > Cárceles que no caben, notarías sin dueño",Sector Justicia y del Derecho,"41,4%",False
"25,4%",PERCENT,regex,P0843-S02,P0843,106,"IV. Balance sectorial > Sector Justicia y del Derecho > Cárceles que no caben, notarías sin dueño",Sector Justicia y del Derecho,"25,4%",False
USPEC,ORG,spacy,P0845-S02,P0845,106,"IV. Balance sectorial > Sector Justicia y del Derecho > Cárceles que no caben, notarías sin dueño",Sector Justicia y del Derecho,USPEC,False
INPEC,ORG,spacy,P0845-S02,P0845,106,"IV. Balance sectorial > Sector Justicia y del Derecho > Cárceles que no caben, notarías sin dueño",Sector Justicia y del Derecho,INPEC,False
$39.385 millones,MONEY,regex,P0845-S03,P0845,106,"IV. Balance sectorial > Sector Justicia y del Derecho > Cárceles que no caben, notarías sin dueño",Sector Justicia y del Derecho,$39.385 millones,False
$8.923 millones,MONEY,regex,P0845-S03,P0845,106,"IV. Balance sectorial > Sector Justicia y del Derecho > Cárceles que no caben, notarías sin dueño",Sector Justicia y del Derecho,$8.923 millones,False
$6.988 millones,MONEY,regex,P0845-S03,P0845,106,"IV. Balance sectorial > Sector Justicia y del Derecho > Cárceles que no caben, notarías sin dueño",Sector Justicia y del Derecho,$6.988 millones,False
$6.233 millones,MONEY,regex,P0845-S03,P0845,106,"IV. Balance sectorial > Sector Justicia y del Derecho > Cárceles que no caben, notarías sin dueño",Sector Justicia y del Derecho,$6.233 millones,False
Itagüí,GPE_LOC,spacy,P0845-S03,P0845,106,"IV. Balance sectorial > Sector Justicia y del Derecho > Cárceles que no caben, notarías sin dueño",Sector Justicia y del Derecho,Itagüí,False
Barranquilla,GPE_LOC,spacy,P0845-S03,P0845,106,"IV. Balance sectorial > Sector Justicia y del Derecho > Cárceles que no caben, notarías sin dueño",Sector Justicia y del Derecho,Barranquilla,False
Ipiales,GPE_LOC,spacy,P0845-S03,P0845,106,"IV. Balance sectorial > Sector Justicia y del Derecho > Cárceles que no caben, notarías sin dueño",Sector Justicia y del Derecho,Ipiales,False
Buga,GPE_LOC,spacy,P0845-S03,P0845,106,"IV. Balance sectorial > Sector Justicia y del Derecho > Cárceles que no caben, notarías sin dueño",Sector Justicia y del Derecho,Buga,False
$1.164 millones,MONEY,regex,P0845-S04,P0845,106,"IV. Balance sectorial > Sector Justicia y del Derecho > Cárceles que no caben, notarías sin dueño",Sector Justicia y del Derecho,$1.164 millones,False
Barne,MISC,spacy,P0845-S04,P0845,106,"IV. Balance sectorial > Sector Justicia y del Derecho > Cárceles que no caben, notarías sin dueño",Sector Justicia y del Derecho,Barne,False
$82.700 millones,MONEY,regex,P0845-S05,P0845,106,"IV. Balance sectorial > Sector Justicia y del Derecho > Cárceles que no caben, notarías sin dueño",Sector Justicia y del Derecho,$82.700 millones,False
90 %,PERCENT,regex,P0845-S05,P0845,106,"IV. Balance sectorial > Sector Justicia y del Derecho > Cárceles que no caben, notarías sin dueño",Sector Justicia y del Derecho,90 %,False
Contraloría,ORG,spacy,P0846-S01,P0846,106,"IV. Balance sectorial > Sector Justicia y del Derecho > Cárceles que no caben, notarías sin dueño",Sector Justicia y del Derecho,Contraloría,True
Estado de Cosas Inconstitucional,GPE_LOC,spacy,P0846-S02,P0846,106,"IV. Balance sectorial > Sector Justicia y del Derecho > Cárceles que no caben, notarías sin dueño",Sector Justicia y del Derecho,Estado de Cosas Inconstitucional,False
Corte Constitucional,ORG,spacy,P0846-S02,P0846,106,"IV. Balance sectorial > Sector Justicia y del Derecho > Cárceles que no caben, notarías sin dueño",Sector Justicia y del Derecho,Corte Constitucional,True
22 de mayo de 2026,DATE,regex,P0847-S02,P0847,106,"IV. Balance sectorial > Sector Justicia y del Derecho > Cárceles que no caben, notarías sin dueño",Sector Justicia y del Derecho,22 de mayo de 2026,False
Consejo de Estado,ORG,spacy,P0847-S02,P0847,106,"IV. Balance sectorial > Sector Justicia y del Derecho > Cárceles que no caben, notarías sin dueño",Sector Justicia y del Derecho,Consejo de Estado,True
$1.000 millones,MONEY,regex,P0847-S03,P0847,106,"IV. Balance sectorial > Sector Justicia y del Derecho > Cárceles que no caben, notarías sin dueño",Sector Justicia y del Derecho,$1.000 millones,False
$8.127 millones,MONEY,regex,P0847-S03,P0847,106,"IV. Balance sectorial > Sector Justicia y del Derecho > Cárceles que no caben, notarías sin dueño",Sector Justicia y del Derecho,$8.127 millones,False
Contraloría,ORG,spacy,P0847-S03,P0847,106,"IV. Balance sectorial > Sector Justicia y del Derecho > Cárceles que no caben, notarías sin dueño",Sector Justicia y del Derecho,Contraloría,True
Estado,GENERIC,spacy,P0848-S01,P0848,106,"IV. Balance sectorial > Sector Justicia y del Derecho > Cárceles que no caben, notarías sin dueño",Sector Justicia y del Derecho,Estado,False
"$807,55 billones",MONEY,regex,P0848-S02,P0848,106,"IV. Balance sectorial > Sector Justicia y del Derecho > Cárceles que no caben, notarías sin dueño",Sector Justicia y del Derecho,"$807,55 billones",False
"$17,27 billones",MONEY,regex,P0848-S02,P0848,106,"IV. Balance sectorial > Sector Justicia y del Derecho > Cárceles que no caben, notarías sin dueño",Sector Justicia y del Derecho,"$17,27 billones",False
Iván Alfonso Cancino González,PERSON,spacy,P0851-S01,P0851,106,"IV. Balance sectorial > Sector Justicia y del Derecho > Cárceles que no caben, notarías sin dueño",Sector Justicia y del Derecho,Iván Alfonso Cancino González,False
31 de diciembre de 2025,DATE,regex,P0852-S01,P0852,106,"IV. Balance sectorial > Sector Justicia y del Derecho > Cárceles que no caben, notarías sin dueño",Sector Justicia y del Derecho,31 de diciembre de 2025,False
CONPES 4089,LAW,regex,P0852-S01,P0852,106,"IV. Balance sectorial > Sector Justicia y del Derecho > Cárceles que no caben, notarías sin dueño",Sector Justicia y del Derecho,CONPES 4089,False
Ministro de Justicia y del Derecho,GPE_LOC,spacy,P0852-S01,P0852,106,"IV. Balance sectorial > Sector Justicia y del Derecho > Cárceles que no caben, notarías sin dueño",Sector Justicia y del Derecho,Ministro de Justicia y del Derecho,True
junio de 2026,DATE,regex,P0853-S01,P0853,107,"IV. Balance sectorial > Sector Justicia y del Derecho > Cárceles que no caben, notarías sin dueño",Sector Justicia y del Derecho,junio de 2026,False
"54,4 %",PERCENT,regex,P0853-S01,P0853,107,"IV. Balance sectorial > Sector Justicia y del Derecho > Cárceles que no caben, notarías sin dueño",Sector Justicia y del Derecho,"54,4 %",False
"34,5 %",PERCENT,regex,P0853-S01,P0853,107,"IV. Balance sectorial > Sector Justicia y del Derecho > Cárceles que no caben, notarías sin dueño",Sector Justicia y del Derecho,"34,5 %",False
Gobierno,GENERIC,spacy,P0854-S01,P0854,107,"IV. Balance sectorial > Sector Justicia y del Derecho > Cárceles que no caben, notarías sin dueño",Sector Justicia y del Derecho,Gobierno,False
Estado,GENERIC,spacy,P0855-S01,P0855,107,"IV. Balance sectorial > Sector Justicia y del Derecho > Cárceles que no caben, notarías sin dueño",Sector Justicia y del Derecho,Estado,False
María Nohemí Arboleda Arango,PERSON,spacy,P0858-S01,P0858,108,"IV. Balance sectorial > Sector Minas y Energía > Minas y Energía: la verdad sobre lo que recibimos, y lo que vamos a hacer",Sector Minas y Energía,María Nohemí Arboleda Arango,False
Ministra de Minas,GPE_LOC,spacy,P0859-S01,P0859,108,"IV. Balance sectorial > Sector Minas y Energía > Minas y Energía: la verdad sobre lo que recibimos, y lo que vamos a hacer",Sector Minas y Energía,Ministra de Minas,True
Energía Recibimos,ORG,spacy,P0859-S01,P0859,108,"IV. Balance sectorial > Sector Minas y Energía > Minas y Energía: la verdad sobre lo que recibimos, y lo que vamos a hacer",Sector Minas y Energía,Energía Recibimos,False
Minas,GENERIC,spacy,P0859-S01,P0859,108,"IV. Balance sectorial > Sector Minas y Energía > Minas y Energía: la verdad sobre lo que recibimos, y lo que vamos a hacer",Sector Minas y Energía,Minas,False
Energía,GENERIC,spacy,P0859-S01,P0859,108,"IV. Balance sectorial > Sector Minas y Energía > Minas y Energía: la verdad sobre lo que recibimos, y lo que vamos a hacer",Sector Minas y Energía,Energía,False
Caribe,GPE_LOC,spacy,P0860-S02,P0860,108,"IV. Balance sectorial > Sector Minas y Energía > Minas y Energía: la verdad sobre lo que recibimos, y lo que vamos a hacer",Sector Minas y Energía,Caribe,False
Colombia,GPE_LOC,spacy,P0861-S01,P0861,108,"IV. Balance sectorial > Sector Minas y Energía > Minas y Energía: la verdad sobre lo que recibimos, y lo que vamos a hacer",Sector Minas y Energía,Colombia,False
Costa Caribe,GPE_LOC,spacy,P0861-S01,P0861,108,"IV. Balance sectorial > Sector Minas y Energía > Minas y Energía: la verdad sobre lo que recibimos, y lo que vamos a hacer",Sector Minas y Energía,Costa Caribe,False
Niño,MISC,spacy+override,P0861-S02,P0861,108,"IV. Balance sectorial > Sector Minas y Energía > Minas y Energía: la verdad sobre lo que recibimos, y lo que vamos a hacer",Sector Minas y Energía,Niño,False
Estado,GENERIC,spacy,P0862-S02,P0862,108,"IV. Balance sectorial > Sector Minas y Energía > Minas y Energía: la verdad sobre lo que recibimos, y lo que vamos a hacer",Sector Minas y Energía,Estado,False
2022,DATE,regex,P0864-S01,P0864,108,"IV. Balance sectorial > Sector Minas y Energía > Minas y Energía: la verdad sobre lo que recibimos, y lo que vamos a hacer",Sector Minas y Energía,2022,False
2026,DATE,regex,P0864-S01,P0864,108,"IV. Balance sectorial > Sector Minas y Energía > Minas y Energía: la verdad sobre lo que recibimos, y lo que vamos a hacer",Sector Minas y Energía,2026,False
2 %,PERCENT,regex,P0864-S01,P0864,108,"IV. Balance sectorial > Sector Minas y Energía > Minas y Energía: la verdad sobre lo que recibimos, y lo que vamos a hacer",Sector Minas y Energía,2 %,False
"4,4 %",PERCENT,regex,P0864-S01,P0864,108,"IV. Balance sectorial > Sector Minas y Energía > Minas y Energía: la verdad sobre lo que recibimos, y lo que vamos a hacer",Sector Minas y Energía,"4,4 %",False
Colombia,GPE_LOC,spacy,P0864-S01,P0864,108,"IV. Balance sectorial > Sector Minas y Energía > Minas y Energía: la verdad sobre lo que recibimos, y lo que vamos a hacer",Sector Minas y Energía,Colombia,False
2026,DATE,regex,P0865-S01,P0865,108,"IV. Balance sectorial > Sector Minas y Energía > Minas y Energía: la verdad sobre lo que recibimos, y lo que vamos a hacer",Sector Minas y Energía,2026,False
"15,5 %",PERCENT,regex,P0865-S01,P0865,108,"IV. Balance sectorial > Sector Minas y Energía > Minas y Energía: la verdad sobre lo que recibimos, y lo que vamos a hacer",Sector Minas y Energía,"15,5 %",False
60 %,PERCENT,regex,P0865-S01,P0865,108,"IV. Balance sectorial > Sector Minas y Energía > Minas y Energía: la verdad sobre lo que recibimos, y lo que vamos a hacer",Sector Minas y Energía,60 %,False
febrero de 2027,DATE,regex,P0866-S01,P0866,108,"IV. Balance sectorial > Sector Minas y Energía > Minas y Energía: la verdad sobre lo que recibimos, y lo que vamos a hacer",Sector Minas y Energía,febrero de 2027,False
2023,DATE,regex,P0867-S01,P0867,108,"IV. Balance sectorial > Sector Minas y Energía > Minas y Energía: la verdad sobre lo que recibimos, y lo que vamos a hacer",Sector Minas y Energía,2023,False
"$2,22 billones",MONEY,regex,P0867-S01,P0867,108,"IV. Balance sectorial > Sector Minas y Energía > Minas y Energía: la verdad sobre lo que recibimos, y lo que vamos a hacer",Sector Minas y Energía,"$2,22 billones",False
Caribe,GPE_LOC,spacy,P0867-S01,P0867,108,"IV. Balance sectorial > Sector Minas y Energía > Minas y Energía: la verdad sobre lo que recibimos, y lo que vamos a hacer",Sector Minas y Energía,Caribe,False
Air-e,ORG,spacy+override,P0867-S01,P0867,108,"IV. Balance sectorial > Sector Minas y Energía > Minas y Energía: la verdad sobre lo que recibimos, y lo que vamos a hacer",Sector Minas y Energía,Air-e,False
3.000 millones de dólares,MONEY,regex,P0868-S01,P0868,109,"IV. Balance sectorial > Sector Minas y Energía > Minas y Energía: la verdad sobre lo que recibimos, y lo que vamos a hacer",Sector Minas y Energía,3.000 millones de dólares,False
2022,DATE,regex,P0869-S03,P0869,109,"IV. Balance sectorial > Sector Minas y Energía > Minas y Energía: la verdad sobre lo que recibimos, y lo que vamos a hacer",Sector Minas y Energía,2022,False
2026,DATE,regex,P0869-S03,P0869,109,"IV. Balance sectorial > Sector Minas y Energía > Minas y Energía: la verdad sobre lo que recibimos, y lo que vamos a hacer",Sector Minas y Energía,2026,False
2026-2027,DATE,regex,P0869-S03,P0869,109,"IV. Balance sectorial > Sector Minas y Energía > Minas y Energía: la verdad sobre lo que recibimos, y lo que vamos a hacer",Sector Minas y Energía,2026-2027,False
2 %,PERCENT,regex,P0869-S03,P0869,109,"IV. Balance sectorial > Sector Minas y Energía > Minas y Energía: la verdad sobre lo que recibimos, y lo que vamos a hacer",Sector Minas y Energía,2 %,False
"4,4 %",PERCENT,regex,P0869-S03,P0869,109,"IV. Balance sectorial > Sector Minas y Energía > Minas y Energía: la verdad sobre lo que recibimos, y lo que vamos a hacer",Sector Minas y Energía,"4,4 %",False
Sistema,MISC,spacy,P0869-S03,P0869,109,"IV. Balance sectorial > Sector Minas y Energía > Minas y Energía: la verdad sobre lo que recibimos, y lo que vamos a hacer",Sector Minas y Energía,Sistema,False
Niño,MISC,spacy+override,P0869-S03,P0869,109,"IV. Balance sectorial > Sector Minas y Energía > Minas y Energía: la verdad sobre lo que recibimos, y lo que vamos a hacer",Sector Minas y Energía,Niño,False
2026,DATE,regex,P0869-S04,P0869,109,"IV. Balance sectorial > Sector Minas y Energía > Minas y Energía: la verdad sobre lo que recibimos, y lo que vamos a hacer",Sector Minas y Energía,2026,False
julio de 2026,DATE,regex,P0869-S04,P0869,109,"IV. Balance sectorial > Sector Minas y Energía > Minas y Energía: la verdad sobre lo que recibimos, y lo que vamos a hacer",Sector Minas y Energía,julio de 2026,False
"15,5 %",PERCENT,regex,P0869-S04,P0869,109,"IV. Balance sectorial > Sector Minas y Energía > Minas y Energía: la verdad sobre lo que recibimos, y lo que vamos a hacer",Sector Minas y Energía,"15,5 %",False
60 %,PERCENT,regex,P0869-S04,P0869,109,"IV. Balance sectorial > Sector Minas y Energía > Minas y Energía: la verdad sobre lo que recibimos, y lo que vamos a hacer",Sector Minas y Energía,60 %,False
Sistema,MISC,spacy,P0869-S05,P0869,109,"IV. Balance sectorial > Sector Minas y Energía > Minas y Energía: la verdad sobre lo que recibimos, y lo que vamos a hacer",Sector Minas y Energía,Sistema,False
UPME,GPE_LOC,spacy,P0870-S02,P0870,109,"IV. Balance sectorial > Sector Minas y Energía > Minas y Energía: la verdad sobre lo que recibimos, y lo que vamos a hacer",Sector Minas y Energía,Unidad de Planeación Minero Energética,True
2026,DATE,regex,P0871-S02,P0871,109,"IV. Balance sectorial > Sector Minas y Energía > Minas y Energía: la verdad sobre lo que recibimos, y lo que vamos a hacer",Sector Minas y Energía,2026,False
23 %,PERCENT,regex,P0871-S02,P0871,109,"IV. Balance sectorial > Sector Minas y Energía > Minas y Energía: la verdad sobre lo que recibimos, y lo que vamos a hacer",Sector Minas y Energía,23 %,False
30 %,PERCENT,regex,P0871-S02,P0871,109,"IV. Balance sectorial > Sector Minas y Energía > Minas y Energía: la verdad sobre lo que recibimos, y lo que vamos a hacer",Sector Minas y Energía,30 %,False
2026 Colombia,GPE_LOC,spacy,P0871-S02,P0871,109,"IV. Balance sectorial > Sector Minas y Energía > Minas y Energía: la verdad sobre lo que recibimos, y lo que vamos a hacer",Sector Minas y Energía,2026 Colombia,False
febrero de 2027,DATE,regex,P0871-S04,P0871,109,"IV. Balance sectorial > Sector Minas y Energía > Minas y Energía: la verdad sobre lo que recibimos, y lo que vamos a hacer",Sector Minas y Energía,febrero de 2027,False
GBTUD,GPE_LOC,spacy,P0871-S04,P0871,109,"IV. Balance sectorial > Sector Minas y Energía > Minas y Energía: la verdad sobre lo que recibimos, y lo que vamos a hacer",Sector Minas y Energía,GBTUD,False
Niño,MISC,spacy+override,P0871-S04,P0871,109,"IV. Balance sectorial > Sector Minas y Energía > Minas y Energía: la verdad sobre lo que recibimos, y lo que vamos a hacer",Sector Minas y Energía,Niño,False
10 %,PERCENT,regex,P0871-S05,P0871,109,"IV. Balance sectorial > Sector Minas y Energía > Minas y Energía: la verdad sobre lo que recibimos, y lo que vamos a hacer",Sector Minas y Energía,10 %,False
Canacol,ORG,spacy,P0871-S05,P0871,109,"IV. Balance sectorial > Sector Minas y Energía > Minas y Energía: la verdad sobre lo que recibimos, y lo que vamos a hacer",Sector Minas y Energía,Canacol,False
Costa Caribe,GPE_LOC,spacy,P0871-S05,P0871,109,"IV. Balance sectorial > Sector Minas y Energía > Minas y Energía: la verdad sobre lo que recibimos, y lo que vamos a hacer",Sector Minas y Energía,Costa Caribe,False
Niño,MISC,spacy+override,P0872-S01,P0872,109,"IV. Balance sectorial > Sector Minas y Energía > Minas y Energía: la verdad sobre lo que recibimos, y lo que vamos a hacer",Sector Minas y Energía,Niño,False
GBTUD,GPE_LOC,spacy,P0872-S02,P0872,109,"IV. Balance sectorial > Sector Minas y Energía > Minas y Energía: la verdad sobre lo que recibimos, y lo que vamos a hacer",Sector Minas y Energía,GBTUD,False
SPEC,ORG,spacy,P0872-S02,P0872,109,"IV. Balance sectorial > Sector Minas y Energía > Minas y Energía: la verdad sobre lo que recibimos, y lo que vamos a hacer",Sector Minas y Energía,SPEC,False
Colombia,GPE_LOC,spacy,P0873-S01,P0873,109,"IV. Balance sectorial > Sector Minas y Energía > Minas y Energía: la verdad sobre lo que recibimos, y lo que vamos a hacer",Sector Minas y Energía,Colombia,False
SPEC,ORG,spacy,P0873-S02,P0873,109,"IV. Balance sectorial > Sector Minas y Energía > Minas y Energía: la verdad sobre lo que recibimos, y lo que vamos a hacer",Sector Minas y Energía,SPEC,False
Air-e,ORG,spacy+override,P0875-S01,P0875,110,"IV. Balance sectorial > Sector Minas y Energía > Minas y Energía: la verdad sobre lo que recibimos, y lo que vamos a hacer",Sector Minas y Energía,Air-e,False
2023,DATE,regex,P0875-S02,P0875,110,"IV. Balance sectorial > Sector Minas y Energía > Minas y Energía: la verdad sobre lo que recibimos, y lo que vamos a hacer",Sector Minas y Energía,2023,False
2025,DATE,regex,P0875-S02,P0875,110,"IV. Balance sectorial > Sector Minas y Energía > Minas y Energía: la verdad sobre lo que recibimos, y lo que vamos a hacer",Sector Minas y Energía,2025,False
"$2,22 billones",MONEY,regex,P0875-S02,P0875,110,"IV. Balance sectorial > Sector Minas y Energía > Minas y Energía: la verdad sobre lo que recibimos, y lo que vamos a hacer",Sector Minas y Energía,"$2,22 billones",False
"$1,15 billones",MONEY,regex,P0875-S02,P0875,110,"IV. Balance sectorial > Sector Minas y Energía > Minas y Energía: la verdad sobre lo que recibimos, y lo que vamos a hacer",Sector Minas y Energía,"$1,15 billones",False
Atlántico,GPE_LOC,spacy,P0875-S02,P0875,110,"IV. Balance sectorial > Sector Minas y Energía > Minas y Energía: la verdad sobre lo que recibimos, y lo que vamos a hacer",Sector Minas y Energía,Atlántico,False
Magdalena,GPE_LOC,spacy,P0875-S02,P0875,110,"IV. Balance sectorial > Sector Minas y Energía > Minas y Energía: la verdad sobre lo que recibimos, y lo que vamos a hacer",Sector Minas y Energía,Magdalena,False
Guajira,GPE_LOC,spacy,P0875-S02,P0875,110,"IV. Balance sectorial > Sector Minas y Energía > Minas y Energía: la verdad sobre lo que recibimos, y lo que vamos a hacer",Sector Minas y Energía,Guajira,False
Air-e,ORG,spacy+override,P0876-S01,P0876,110,"IV. Balance sectorial > Sector Minas y Energía > Minas y Energía: la verdad sobre lo que recibimos, y lo que vamos a hacer",Sector Minas y Energía,Air-e,False
Estado,GENERIC,spacy,P0876-S03,P0876,110,"IV. Balance sectorial > Sector Minas y Energía > Minas y Energía: la verdad sobre lo que recibimos, y lo que vamos a hacer",Sector Minas y Energía,Estado,False
Caribe,GPE_LOC,spacy,P0877-S01,P0877,110,"IV. Balance sectorial > Sector Minas y Energía > Minas y Energía: la verdad sobre lo que recibimos, y lo que vamos a hacer",Sector Minas y Energía,Caribe,False
Air-e,ORG,spacy+override,P0877-S01,P0877,110,"IV. Balance sectorial > Sector Minas y Energía > Minas y Energía: la verdad sobre lo que recibimos, y lo que vamos a hacer",Sector Minas y Energía,Air-e,False
Colombia,GPE_LOC,spacy,P0877-S02,P0877,110,"IV. Balance sectorial > Sector Minas y Energía > Minas y Energía: la verdad sobre lo que recibimos, y lo que vamos a hacer",Sector Minas y Energía,Colombia,False
Caribe,GPE_LOC,spacy,P0877-S02,P0877,110,"IV. Balance sectorial > Sector Minas y Energía > Minas y Energía: la verdad sobre lo que recibimos, y lo que vamos a hacer",Sector Minas y Energía,Caribe,False
Nación,GENERIC,spacy,P0877-S02,P0877,110,"IV. Balance sectorial > Sector Minas y Energía > Minas y Energía: la verdad sobre lo que recibimos, y lo que vamos a hacer",Sector Minas y Energía,Nación,False
Aire,GPE_LOC,spacy,P0880-S01,P0880,110,"IV. Balance sectorial > Sector Minas y Energía > Minas y Energía: la verdad sobre lo que recibimos, y lo que vamos a hacer",Sector Minas y Energía,Aire,False
Afinia,GPE_LOC,spacy,P0880-S01,P0880,110,"IV. Balance sectorial > Sector Minas y Energía > Minas y Energía: la verdad sobre lo que recibimos, y lo que vamos a hacer",Sector Minas y Energía,Afinia,False
Sistema,MISC,spacy,P0881-S01,P0881,110,"IV. Balance sectorial > Sector Minas y Energía > Minas y Energía: la verdad sobre lo que recibimos, y lo que vamos a hacer",Sector Minas y Energía,Sistema,False
Niño,MISC,spacy+override,P0882-S01,P0882,110,"IV. Balance sectorial > Sector Minas y Energía > Minas y Energía: la verdad sobre lo que recibimos, y lo que vamos a hacer",Sector Minas y Energía,Niño,False
Entre 2022 y 2026,DATE,regex,P0886-S01,P0886,111,"IV. Balance sectorial > Sector Minas y Energía > Minas y Energía: la verdad sobre lo que recibimos, y lo que vamos a hacer",Sector Minas y Energía,Entre 2022 y 2026,False
Áreas de Protección para la Producción de Alimentos,MISC,spacy,P0886-S01,P0886,111,"IV. Balance sectorial > Sector Minas y Energía > Minas y Energía: la verdad sobre lo que recibimos, y lo que vamos a hacer",Sector Minas y Energía,Áreas de Protección para la Producción de Alimentos,False
APPA,ORG,spacy,P0886-S01,P0886,111,"IV. Balance sectorial > Sector Minas y Energía > Minas y Energía: la verdad sobre lo que recibimos, y lo que vamos a hacer",Sector Minas y Energía,APPA,False
Territorios Campesinos Agroalimentarios,GPE_LOC,spacy,P0886-S01,P0886,111,"IV. Balance sectorial > Sector Minas y Energía > Minas y Energía: la verdad sobre lo que recibimos, y lo que vamos a hacer",Sector Minas y Energía,Territorios Campesinos Agroalimentarios,False
3.000 millones de dólares,MONEY,regex,P0887-S01,P0887,111,"IV. Balance sectorial > Sector Minas y Energía > Minas y Energía: la verdad sobre lo que recibimos, y lo que vamos a hacer",Sector Minas y Energía,3.000 millones de dólares,False
Colombia,GPE_LOC,spacy,P0887-S01,P0887,111,"IV. Balance sectorial > Sector Minas y Energía > Minas y Energía: la verdad sobre lo que recibimos, y lo que vamos a hacer",Sector Minas y Energía,Colombia,False
"6,1 billones de pesos",MONEY,regex,P0887-S02,P0887,111,"IV. Balance sectorial > Sector Minas y Energía > Minas y Energía: la verdad sobre lo que recibimos, y lo que vamos a hacer",Sector Minas y Energía,"6,1 billones de pesos",False
70 millones de pesos,MONEY,regex,P0888-S01,P0888,111,"IV. Balance sectorial > Sector Minas y Energía > Minas y Energía: la verdad sobre lo que recibimos, y lo que vamos a hacer",Sector Minas y Energía,70 millones de pesos,False
Estado,GENERIC,spacy,P0888-S01,P0888,111,"IV. Balance sectorial > Sector Minas y Energía > Minas y Energía: la verdad sobre lo que recibimos, y lo que vamos a hacer",Sector Minas y Energía,Estado,False
2025,DATE,regex,P0889-S01,P0889,111,"IV. Balance sectorial > Sector Minas y Energía > Minas y Energía: la verdad sobre lo que recibimos, y lo que vamos a hacer",Sector Minas y Energía,2025,False
6.02 billones de pesos,MONEY,regex,P0889-S01,P0889,111,"IV. Balance sectorial > Sector Minas y Energía > Minas y Energía: la verdad sobre lo que recibimos, y lo que vamos a hacer",Sector Minas y Energía,6.02 billones de pesos,False
Colombia,GPE_LOC,spacy,P0889-S01,P0889,111,"IV. Balance sectorial > Sector Minas y Energía > Minas y Energía: la verdad sobre lo que recibimos, y lo que vamos a hacer",Sector Minas y Energía,Colombia,False
"Defensa, Interior",MISC,spacy,P0892-S01,P0892,111,"IV. Balance sectorial > Sector Minas y Energía > Minas y Energía: la verdad sobre lo que recibimos, y lo que vamos a hacer",Sector Minas y Energía,"Defensa, Interior",False
Fiscalía,ORG,spacy,P0892-S01,P0892,111,"IV. Balance sectorial > Sector Minas y Energía > Minas y Energía: la verdad sobre lo que recibimos, y lo que vamos a hacer",Sector Minas y Energía,Fiscalía,True
Agencia Nacional de Minería,ORG,spacy,P0892-S01,P0892,111,"IV. Balance sectorial > Sector Minas y Energía > Minas y Energía: la verdad sobre lo que recibimos, y lo que vamos a hacer",Sector Minas y Energía,Agencia Nacional de Minería,True
Trazabilidad del mineral,MISC,spacy,P0893-S01,P0893,111,"IV. Balance sectorial > Sector Minas y Energía > Minas y Energía: la verdad sobre lo que recibimos, y lo que vamos a hacer",Sector Minas y Energía,Trazabilidad del mineral,False
Áreas de Protección para la Producción de Alimentos,MISC,spacy,P0895-S01,P0895,111,"IV. Balance sectorial > Sector Minas y Energía > Minas y Energía: la verdad sobre lo que recibimos, y lo que vamos a hacer",Sector Minas y Energía,Áreas de Protección para la Producción de Alimentos,False
APPA,ORG,spacy,P0895-S01,P0895,111,"IV. Balance sectorial > Sector Minas y Energía > Minas y Energía: la verdad sobre lo que recibimos, y lo que vamos a hacer",Sector Minas y Energía,APPA,False
Territorios Campesinos Agroalimentarios,GPE_LOC,spacy,P0895-S01,P0895,111,"IV. Balance sectorial > Sector Minas y Energía > Minas y Energía: la verdad sobre lo que recibimos, y lo que vamos a hacer",Sector Minas y Energía,Territorios Campesinos Agroalimentarios,False
exigencia de cuentas claras,MISC,spacy,P0896-S01,P0896,112,"IV. Balance sectorial > Sector Minas y Energía > Minas y Energía: la verdad sobre lo que recibimos, y lo que vamos a hacer",Sector Minas y Energía,exigencia de cuentas claras,False
2022,DATE,regex,P0896-S02,P0896,112,"IV. Balance sectorial > Sector Minas y Energía > Minas y Energía: la verdad sobre lo que recibimos, y lo que vamos a hacer",Sector Minas y Energía,2022,False
2026,DATE,regex,P0896-S02,P0896,112,"IV. Balance sectorial > Sector Minas y Energía > Minas y Energía: la verdad sobre lo que recibimos, y lo que vamos a hacer",Sector Minas y Energía,2026,False
"237,6 %",PERCENT,regex,P0896-S02,P0896,112,"IV. Balance sectorial > Sector Minas y Energía > Minas y Energía: la verdad sobre lo que recibimos, y lo que vamos a hacer",Sector Minas y Energía,"237,6 %",False
Ministerio,GENERIC,spacy,P0896-S02,P0896,112,"IV. Balance sectorial > Sector Minas y Energía > Minas y Energía: la verdad sobre lo que recibimos, y lo que vamos a hacer",Sector Minas y Energía,Ministerio,False
Ministerio,GENERIC,spacy,P0897-S02,P0897,112,"IV. Balance sectorial > Sector Minas y Energía > Minas y Energía: la verdad sobre lo que recibimos, y lo que vamos a hacer",Sector Minas y Energía,Ministerio,False
Niño,MISC,spacy+override,P0898-S03,P0898,112,"IV. Balance sectorial > Sector Minas y Energía > Minas y Energía: la verdad sobre lo que recibimos, y lo que vamos a hacer",Sector Minas y Energía,Niño,False
Estado,GENERIC,spacy,P0899-S01,P0899,112,"IV. Balance sectorial > Sector Minas y Energía > Minas y Energía: la verdad sobre lo que recibimos, y lo que vamos a hacer",Sector Minas y Energía,Estado,False
Carlos Andrés Ríos Puerta,PERSON,spacy,P0903-S01,P0903,113,"IV. Balance sectorial > Sector Presidencia de la República > $18,5 billones en el centro del poder, 15 % ejecutado",Sector Presidencia de la República,Carlos Andrés Ríos Puerta,False
Departamento Administrativo de la Presidencia de la República,ORG,spacy,P0904-S01,P0904,113,"IV. Balance sectorial > Sector Presidencia de la República > $18,5 billones en el centro del poder, 15 % ejecutado",Sector Presidencia de la República,Departamento Administrativo de la Presidencia de la República,True
Estado colombiano,GPE_LOC,spacy,P0904-S01,P0904,113,"IV. Balance sectorial > Sector Presidencia de la República > $18,5 billones en el centro del poder, 15 % ejecutado",Sector Presidencia de la República,Estado colombiano,False
Entre 2022 y 2026,DATE,regex,P0905-S01,P0905,113,"IV. Balance sectorial > Sector Presidencia de la República > $18,5 billones en el centro del poder, 15 % ejecutado",Sector Presidencia de la República,Entre 2022 y 2026,False
"$18,49 billones",MONEY,regex,P0905-S01,P0905,113,"IV. Balance sectorial > Sector Presidencia de la República > $18,5 billones en el centro del poder, 15 % ejecutado",Sector Presidencia de la República,"$18,49 billones",False
"$2,79 billones",MONEY,regex,P0905-S01,P0905,113,"IV. Balance sectorial > Sector Presidencia de la República > $18,5 billones en el centro del poder, 15 % ejecutado",Sector Presidencia de la República,"$2,79 billones",False
"15,1 %",PERCENT,regex,P0905-S01,P0905,113,"IV. Balance sectorial > Sector Presidencia de la República > $18,5 billones en el centro del poder, 15 % ejecutado",Sector Presidencia de la República,"15,1 %",False
2026,DATE,regex,P0905-S02,P0905,113,"IV. Balance sectorial > Sector Presidencia de la República > $18,5 billones en el centro del poder, 15 % ejecutado",Sector Presidencia de la República,2026,False
"3,0 %",PERCENT,regex,P0905-S02,P0905,113,"IV. Balance sectorial > Sector Presidencia de la República > $18,5 billones en el centro del poder, 15 % ejecutado",Sector Presidencia de la República,"3,0 %",False
"$15,3 billones",MONEY,regex,P0905-S03,P0905,113,"IV. Balance sectorial > Sector Presidencia de la República > $18,5 billones en el centro del poder, 15 % ejecutado",Sector Presidencia de la República,"$15,3 billones",False
"82,8 %",PERCENT,regex,P0905-S03,P0905,113,"IV. Balance sectorial > Sector Presidencia de la República > $18,5 billones en el centro del poder, 15 % ejecutado",Sector Presidencia de la República,"82,8 %",False
UNGRD,ORG,spacy,P0905-S03,P0905,113,"IV. Balance sectorial > Sector Presidencia de la República > $18,5 billones en el centro del poder, 15 % ejecutado",Sector Presidencia de la República,UNGRD,True
Presidencia,GENERIC,spacy,P0905-S03,P0905,113,"IV. Balance sectorial > Sector Presidencia de la República > $18,5 billones en el centro del poder, 15 % ejecutado",Sector Presidencia de la República,Presidencia,False
31 de julio de 2026,DATE,regex,P0905-S04,P0905,113,"IV. Balance sectorial > Sector Presidencia de la República > $18,5 billones en el centro del poder, 15 % ejecutado",Sector Presidencia de la República,31 de julio de 2026,False
"$7,04 billones",MONEY,regex,P0905-S04,P0905,113,"IV. Balance sectorial > Sector Presidencia de la República > $18,5 billones en el centro del poder, 15 % ejecutado",Sector Presidencia de la República,"$7,04 billones",False
"4,3 %",PERCENT,regex,P0905-S04,P0905,113,"IV. Balance sectorial > Sector Presidencia de la República > $18,5 billones en el centro del poder, 15 % ejecutado",Sector Presidencia de la República,"4,3 %",False
"19,6 %",PERCENT,regex,P0905-S04,P0905,113,"IV. Balance sectorial > Sector Presidencia de la República > $18,5 billones en el centro del poder, 15 % ejecutado",Sector Presidencia de la República,"19,6 %",False
$856.289 millones,MONEY,regex,P0906-S01,P0906,113,"IV. Balance sectorial > Sector Presidencia de la República > $18,5 billones en el centro del poder, 15 % ejecutado",Sector Presidencia de la República,$856.289 millones,False
$240.766 millones,MONEY,regex,P0906-S01,P0906,113,"IV. Balance sectorial > Sector Presidencia de la República > $18,5 billones en el centro del poder, 15 % ejecutado",Sector Presidencia de la República,$240.766 millones,False
$282.990 millones,MONEY,regex,P0906-S01,P0906,113,"IV. Balance sectorial > Sector Presidencia de la República > $18,5 billones en el centro del poder, 15 % ejecutado",Sector Presidencia de la República,$282.990 millones,False
Contraloría General de la República,ORG,spacy,P0906-S01,P0906,113,"IV. Balance sectorial > Sector Presidencia de la República > $18,5 billones en el centro del poder, 15 % ejecutado",Sector Presidencia de la República,Contraloría General de la República,True
2027,DATE,regex,P0907-S01,P0907,113,"IV. Balance sectorial > Sector Presidencia de la República > $18,5 billones en el centro del poder, 15 % ejecutado",Sector Presidencia de la República,2027,False
100 %,PERCENT,regex,P0907-S01,P0907,113,"IV. Balance sectorial > Sector Presidencia de la República > $18,5 billones en el centro del poder, 15 % ejecutado",Sector Presidencia de la República,100 %,False
Niño,MISC,spacy+override,P0908-S01,P0908,113,"IV. Balance sectorial > Sector Presidencia de la República > $18,5 billones en el centro del poder, 15 % ejecutado",Sector Presidencia de la República,Niño,False
2026,DATE,regex,P0908-S02,P0908,113,"IV. Balance sectorial > Sector Presidencia de la República > $18,5 billones en el centro del poder, 15 % ejecutado",Sector Presidencia de la República,2026,False
$4 billones,MONEY,regex,P0908-S02,P0908,113,"IV. Balance sectorial > Sector Presidencia de la República > $18,5 billones en el centro del poder, 15 % ejecutado",Sector Presidencia de la República,$4 billones,False
Decreto 802 de 2026,LAW,regex,P0908-S02,P0908,113,"IV. Balance sectorial > Sector Presidencia de la República > $18,5 billones en el centro del poder, 15 % ejecutado",Sector Presidencia de la República,Decreto 802 de 2026,False
Ministerio de Hacienda,GPE_LOC,spacy,P0908-S02,P0908,113,"IV. Balance sectorial > Sector Presidencia de la República > $18,5 billones en el centro del poder, 15 % ejecutado",Sector Presidencia de la República,Ministerio de Hacienda,True
29 de julio de 2026,DATE,regex,P0908-S03,P0908,113,"IV. Balance sectorial > Sector Presidencia de la República > $18,5 billones en el centro del poder, 15 % ejecutado",Sector Presidencia de la República,29 de julio de 2026,False
Consejo de Estado,ORG,spacy,P0908-S03,P0908,113,"IV. Balance sectorial > Sector Presidencia de la República > $18,5 billones en el centro del poder, 15 % ejecutado",Sector Presidencia de la República,Consejo de Estado,True
"$1,714 billones",MONEY,regex,P0910-S01,P0910,113,"IV. Balance sectorial > Sector Presidencia de la República > $18,5 billones en el centro del poder, 15 % ejecutado",Sector Presidencia de la República,"$1,714 billones",False
Agencia de Renovación del Territorio,ORG,spacy,P0910-S01,P0910,113,"IV. Balance sectorial > Sector Presidencia de la República > $18,5 billones en el centro del poder, 15 % ejecutado",Sector Presidencia de la República,Agencia de Renovación del Territorio,True
2026,DATE,regex,P0910-S02,P0910,113,"IV. Balance sectorial > Sector Presidencia de la República > $18,5 billones en el centro del poder, 15 % ejecutado",Sector Presidencia de la República,2026,False
53 %,PERCENT,regex,P0910-S02,P0910,113,"IV. Balance sectorial > Sector Presidencia de la República > $18,5 billones en el centro del poder, 15 % ejecutado",Sector Presidencia de la República,53 %,False
5 %,PERCENT,regex,P0910-S02,P0910,113,"IV. Balance sectorial > Sector Presidencia de la República > $18,5 billones en el centro del poder, 15 % ejecutado",Sector Presidencia de la República,5 %,False
1 %,PERCENT,regex,P0910-S02,P0910,113,"IV. Balance sectorial > Sector Presidencia de la República > $18,5 billones en el centro del poder, 15 % ejecutado",Sector Presidencia de la República,1 %,False
Programa de Desarrollo con Enfoque Territorial,MISC,spacy,P0910-S02,P0910,113,"IV. Balance sectorial > Sector Presidencia de la República > $18,5 billones en el centro del poder, 15 % ejecutado",Sector Presidencia de la República,Programa de Desarrollo con Enfoque Territorial,False
PDET,GPE_LOC,spacy,P0910-S02,P0910,113,"IV. Balance sectorial > Sector Presidencia de la República > $18,5 billones en el centro del poder, 15 % ejecutado",Sector Presidencia de la República,PDET,False
Programa Nacional Integral de Sustitución de Cultivos Ilícitos,MISC,spacy,P0910-S02,P0910,113,"IV. Balance sectorial > Sector Presidencia de la República > $18,5 billones en el centro del poder, 15 % ejecutado",Sector Presidencia de la República,Programa Nacional Integral de Sustitución de Cultivos Ilícitos,False
RenHacemos,GPE_LOC,spacy,P0910-S02,P0910,113,"IV. Balance sectorial > Sector Presidencia de la República > $18,5 billones en el centro del poder, 15 % ejecutado",Sector Presidencia de la República,RenHacemos,False
2024,DATE,regex,P0910-S03,P0910,114,"IV. Balance sectorial > Sector Presidencia de la República > $18,5 billones en el centro del poder, 15 % ejecutado",Sector Presidencia de la República,2024,False
$1.902 millones,MONEY,regex,P0910-S03,P0910,114,"IV. Balance sectorial > Sector Presidencia de la República > $18,5 billones en el centro del poder, 15 % ejecutado",Sector Presidencia de la República,$1.902 millones,False
Contraloría,ORG,spacy,P0910-S03,P0910,114,"IV. Balance sectorial > Sector Presidencia de la República > $18,5 billones en el centro del poder, 15 % ejecutado",Sector Presidencia de la República,Contraloría,True
ART,MISC,spacy,P0910-S03,P0910,114,"IV. Balance sectorial > Sector Presidencia de la República > $18,5 billones en el centro del poder, 15 % ejecutado",Sector Presidencia de la República,ART,False
$172 millones,MONEY,regex,P0911-S01,P0911,114,"IV. Balance sectorial > Sector Presidencia de la República > $18,5 billones en el centro del poder, 15 % ejecutado",Sector Presidencia de la República,$172 millones,False
$55.142 millones,MONEY,regex,P0911-S01,P0911,114,"IV. Balance sectorial > Sector Presidencia de la República > $18,5 billones en el centro del poder, 15 % ejecutado",Sector Presidencia de la República,$55.142 millones,False
"0,3 %",PERCENT,regex,P0911-S01,P0911,114,"IV. Balance sectorial > Sector Presidencia de la República > $18,5 billones en el centro del poder, 15 % ejecutado",Sector Presidencia de la República,"0,3 %",False
Fondo Mujer Libre y Productiva,ORG,spacy,P0911-S01,P0911,114,"IV. Balance sectorial > Sector Presidencia de la República > $18,5 billones en el centro del poder, 15 % ejecutado",Sector Presidencia de la República,Fondo Mujer Libre y Productiva,True
1 de julio de 2026,DATE,regex,P0911-S02,P0911,114,"IV. Balance sectorial > Sector Presidencia de la República > $18,5 billones en el centro del poder, 15 % ejecutado",Sector Presidencia de la República,1 de julio de 2026,False
Dirección Ejecutiva,ORG,spacy,P0911-S02,P0911,114,"IV. Balance sectorial > Sector Presidencia de la República > $18,5 billones en el centro del poder, 15 % ejecutado",Sector Presidencia de la República,Dirección Ejecutiva,False
24 de abril,DATE,regex,P0911-S03,P0911,114,"IV. Balance sectorial > Sector Presidencia de la República > $18,5 billones en el centro del poder, 15 % ejecutado",Sector Presidencia de la República,24 de abril,False
Contraloría,ORG,spacy,P0912-S01,P0912,114,"IV. Balance sectorial > Sector Presidencia de la República > $18,5 billones en el centro del poder, 15 % ejecutado",Sector Presidencia de la República,Contraloría,True
2025,DATE,regex,P0912-S02,P0912,114,"IV. Balance sectorial > Sector Presidencia de la República > $18,5 billones en el centro del poder, 15 % ejecutado",Sector Presidencia de la República,2025,False
$45.770 millones,MONEY,regex,P0912-S02,P0912,114,"IV. Balance sectorial > Sector Presidencia de la República > $18,5 billones en el centro del poder, 15 % ejecutado",Sector Presidencia de la República,$45.770 millones,False
mayo de 2026,DATE,regex,P0913-S01,P0913,114,"IV. Balance sectorial > Sector Presidencia de la República > $18,5 billones en el centro del poder, 15 % ejecutado",Sector Presidencia de la República,mayo de 2026,False
$166.578 millones,MONEY,regex,P0913-S01,P0913,114,"IV. Balance sectorial > Sector Presidencia de la República > $18,5 billones en el centro del poder, 15 % ejecutado",Sector Presidencia de la República,$166.578 millones,False
$148.013 millones,MONEY,regex,P0913-S01,P0913,114,"IV. Balance sectorial > Sector Presidencia de la República > $18,5 billones en el centro del poder, 15 % ejecutado",Sector Presidencia de la República,$148.013 millones,False
Departamento Administrativo de la Presidencia,ORG,spacy,P0913-S01,P0913,114,"IV. Balance sectorial > Sector Presidencia de la República > $18,5 billones en el centro del poder, 15 % ejecutado",Sector Presidencia de la República,Departamento Administrativo de la Presidencia,True
$612.350 millones,MONEY,regex,P0913-S02,P0913,114,"IV. Balance sectorial > Sector Presidencia de la República > $18,5 billones en el centro del poder, 15 % ejecutado",Sector Presidencia de la República,$612.350 millones,False
PAC,ORG,spacy,P0913-S02,P0913,114,"IV. Balance sectorial > Sector Presidencia de la República > $18,5 billones en el centro del poder, 15 % ejecutado",Sector Presidencia de la República,PAC,False
Estado,GENERIC,spacy,P0914-S01,P0914,114,"IV. Balance sectorial > Sector Presidencia de la República > $18,5 billones en el centro del poder, 15 % ejecutado",Sector Presidencia de la República,Estado,False
"$73,8 billones",MONEY,regex,P0914-S02,P0914,114,"IV. Balance sectorial > Sector Presidencia de la República > $18,5 billones en el centro del poder, 15 % ejecutado",Sector Presidencia de la República,"$73,8 billones",False
Colombia,GPE_LOC,spacy,P0914-S02,P0914,114,"IV. Balance sectorial > Sector Presidencia de la República > $18,5 billones en el centro del poder, 15 % ejecutado",Sector Presidencia de la República,Colombia,False
Estado de,GPE_LOC,spacy,P0915-S01,P0915,114,"IV. Balance sectorial > Sector Presidencia de la República > $18,5 billones en el centro del poder, 15 % ejecutado",Sector Presidencia de la República,Estado de,False
Estado,GENERIC,spacy,P0916-S01,P0916,114,"IV. Balance sectorial > Sector Presidencia de la República > $18,5 billones en el centro del poder, 15 % ejecutado",Sector Presidencia de la República,Estado,False
Estado,GENERIC,spacy,P0916-S03,P0916,114,"IV. Balance sectorial > Sector Presidencia de la República > $18,5 billones en el centro del poder, 15 % ejecutado",Sector Presidencia de la República,Estado,False
2026,DATE,regex,P0919-S02,P0919,115,"IV. Balance sectorial > Sector Relaciones Exteriores > Más sedes afuera, menos servicio para los colombianos",Sector Relaciones Exteriores,2026,False
$168.425 millones,MONEY,regex,P0919-S02,P0919,115,"IV. Balance sectorial > Sector Relaciones Exteriores > Más sedes afuera, menos servicio para los colombianos",Sector Relaciones Exteriores,$168.425 millones,False
$45.034 millones,MONEY,regex,P0919-S02,P0919,115,"IV. Balance sectorial > Sector Relaciones Exteriores > Más sedes afuera, menos servicio para los colombianos",Sector Relaciones Exteriores,$45.034 millones,False
$213.460 millones,MONEY,regex,P0919-S02,P0919,115,"IV. Balance sectorial > Sector Relaciones Exteriores > Más sedes afuera, menos servicio para los colombianos",Sector Relaciones Exteriores,$213.460 millones,False
Fondo Rotatorio del Ministerio,ORG,spacy,P0919-S02,P0919,115,"IV. Balance sectorial > Sector Relaciones Exteriores > Más sedes afuera, menos servicio para los colombianos",Sector Relaciones Exteriores,Fondo Rotatorio del Ministerio,True
agosto de 2026,DATE,regex,P0919-S03,P0919,115,"IV. Balance sectorial > Sector Relaciones Exteriores > Más sedes afuera, menos servicio para los colombianos",Sector Relaciones Exteriores,agosto de 2026,False
$56.164 millones,MONEY,regex,P0919-S03,P0919,115,"IV. Balance sectorial > Sector Relaciones Exteriores > Más sedes afuera, menos servicio para los colombianos",Sector Relaciones Exteriores,$56.164 millones,False
Hacienda,GENERIC,spacy,P0919-S03,P0919,115,"IV. Balance sectorial > Sector Relaciones Exteriores > Más sedes afuera, menos servicio para los colombianos",Sector Relaciones Exteriores,Hacienda,False
$8.500 millones,MONEY,regex,P0920-S02,P0920,115,"IV. Balance sectorial > Sector Relaciones Exteriores > Más sedes afuera, menos servicio para los colombianos",Sector Relaciones Exteriores,$8.500 millones,False
Casas Colombia,GPE_LOC,spacy,P0920-S02,P0920,115,"IV. Balance sectorial > Sector Relaciones Exteriores > Más sedes afuera, menos servicio para los colombianos",Sector Relaciones Exteriores,Casas Colombia,False
USD 400.000,MONEY,regex,P0920-S03,P0920,115,"IV. Balance sectorial > Sector Relaciones Exteriores > Más sedes afuera, menos servicio para los colombianos",Sector Relaciones Exteriores,USD 400.000,False
USD 341.436,MONEY,regex,P0920-S03,P0920,115,"IV. Balance sectorial > Sector Relaciones Exteriores > Más sedes afuera, menos servicio para los colombianos",Sector Relaciones Exteriores,USD 341.436,False
USD 380.869,MONEY,regex,P0920-S03,P0920,115,"IV. Balance sectorial > Sector Relaciones Exteriores > Más sedes afuera, menos servicio para los colombianos",Sector Relaciones Exteriores,USD 380.869,False
USD 300.000,MONEY,regex,P0920-S03,P0920,115,"IV. Balance sectorial > Sector Relaciones Exteriores > Más sedes afuera, menos servicio para los colombianos",Sector Relaciones Exteriores,USD 300.000,False
USD 279.287,MONEY,regex,P0920-S03,P0920,115,"IV. Balance sectorial > Sector Relaciones Exteriores > Más sedes afuera, menos servicio para los colombianos",Sector Relaciones Exteriores,USD 279.287,False
Santiago de Chile,GPE_LOC,spacy,P0920-S03,P0920,115,"IV. Balance sectorial > Sector Relaciones Exteriores > Más sedes afuera, menos servicio para los colombianos",Sector Relaciones Exteriores,Santiago de Chile,False
Nueva York,GPE_LOC,spacy,P0920-S03,P0920,115,"IV. Balance sectorial > Sector Relaciones Exteriores > Más sedes afuera, menos servicio para los colombianos",Sector Relaciones Exteriores,Nueva York,False
Aruba,GPE_LOC,spacy,P0920-S03,P0920,115,"IV. Balance sectorial > Sector Relaciones Exteriores > Más sedes afuera, menos servicio para los colombianos",Sector Relaciones Exteriores,Aruba,False
Montreal,GPE_LOC,spacy,P0920-S03,P0920,115,"IV. Balance sectorial > Sector Relaciones Exteriores > Más sedes afuera, menos servicio para los colombianos",Sector Relaciones Exteriores,Montreal,False
Miami,GPE_LOC,spacy,P0920-S03,P0920,115,"IV. Balance sectorial > Sector Relaciones Exteriores > Más sedes afuera, menos servicio para los colombianos",Sector Relaciones Exteriores,Miami,False
Toronto,GPE_LOC,spacy,P0920-S03,P0920,115,"IV. Balance sectorial > Sector Relaciones Exteriores > Más sedes afuera, menos servicio para los colombianos",Sector Relaciones Exteriores,Toronto,False
Berlín,GPE_LOC,spacy,P0920-S03,P0920,115,"IV. Balance sectorial > Sector Relaciones Exteriores > Más sedes afuera, menos servicio para los colombianos",Sector Relaciones Exteriores,Berlín,False
Santiago de Chile,GPE_LOC,spacy,P0920-S05,P0920,115,"IV. Balance sectorial > Sector Relaciones Exteriores > Más sedes afuera, menos servicio para los colombianos",Sector Relaciones Exteriores,Santiago de Chile,False
Nueva York,GPE_LOC,spacy,P0920-S05,P0920,115,"IV. Balance sectorial > Sector Relaciones Exteriores > Más sedes afuera, menos servicio para los colombianos",Sector Relaciones Exteriores,Nueva York,False
2036,DATE,regex,P0921-S02,P0921,115,"IV. Balance sectorial > Sector Relaciones Exteriores > Más sedes afuera, menos servicio para los colombianos",Sector Relaciones Exteriores,2036,False
"$1,3 billones",MONEY,regex,P0921-S02,P0921,115,"IV. Balance sectorial > Sector Relaciones Exteriores > Más sedes afuera, menos servicio para los colombianos",Sector Relaciones Exteriores,"$1,3 billones",False
Omar Nicolás Bula Escobar,PERSON,spacy,P0924-S01,P0924,115,"IV. Balance sectorial > Sector Relaciones Exteriores > Más sedes afuera, menos servicio para los colombianos",Sector Relaciones Exteriores,Omar Nicolás Bula Escobar,False
Ministro de Relaciones Exteriores nuevo Gobierno,GPE_LOC,spacy,P0925-S01,P0925,115,"IV. Balance sectorial > Sector Relaciones Exteriores > Más sedes afuera, menos servicio para los colombianos",Sector Relaciones Exteriores,Ministro de Relaciones Exteriores nuevo Gobierno,True
Imprenta Nacional,MISC,spacy,P0925-S01,P0925,115,"IV. Balance sectorial > Sector Relaciones Exteriores > Más sedes afuera, menos servicio para los colombianos",Sector Relaciones Exteriores,Imprenta Nacional,False
Cancillería,MISC,spacy,P0926-S02,P0926,116,"IV. Balance sectorial > Sector Relaciones Exteriores > Más sedes afuera, menos servicio para los colombianos",Sector Relaciones Exteriores,Cancillería,True
Ministerio,GENERIC,spacy,P0926-S02,P0926,116,"IV. Balance sectorial > Sector Relaciones Exteriores > Más sedes afuera, menos servicio para los colombianos",Sector Relaciones Exteriores,Ministerio,False
2023,DATE,regex,P0926-S03,P0926,116,"IV. Balance sectorial > Sector Relaciones Exteriores > Más sedes afuera, menos servicio para los colombianos",Sector Relaciones Exteriores,2023,False
USD 100.385,MONEY,regex,P0926-S03,P0926,116,"IV. Balance sectorial > Sector Relaciones Exteriores > Más sedes afuera, menos servicio para los colombianos",Sector Relaciones Exteriores,USD 100.385,False
Contraloría,ORG,spacy,P0926-S03,P0926,116,"IV. Balance sectorial > Sector Relaciones Exteriores > Más sedes afuera, menos servicio para los colombianos",Sector Relaciones Exteriores,Contraloría,True
Fondo Rotatorio,ORG,spacy,P0926-S03,P0926,116,"IV. Balance sectorial > Sector Relaciones Exteriores > Más sedes afuera, menos servicio para los colombianos",Sector Relaciones Exteriores,Fondo Rotatorio,True
Embajada,GPE_LOC,spacy,P0926-S03,P0926,116,"IV. Balance sectorial > Sector Relaciones Exteriores > Más sedes afuera, menos servicio para los colombianos",Sector Relaciones Exteriores,Embajada,False
Ghana,GPE_LOC,spacy,P0926-S03,P0926,116,"IV. Balance sectorial > Sector Relaciones Exteriores > Más sedes afuera, menos servicio para los colombianos",Sector Relaciones Exteriores,Ghana,False
Consulado,GPE_LOC,spacy,P0926-S03,P0926,116,"IV. Balance sectorial > Sector Relaciones Exteriores > Más sedes afuera, menos servicio para los colombianos",Sector Relaciones Exteriores,Consulado,False
Haití,GPE_LOC,spacy,P0926-S03,P0926,116,"IV. Balance sectorial > Sector Relaciones Exteriores > Más sedes afuera, menos servicio para los colombianos",Sector Relaciones Exteriores,Haití,False
2025,DATE,regex,P0926-S04,P0926,116,"IV. Balance sectorial > Sector Relaciones Exteriores > Más sedes afuera, menos servicio para los colombianos",Sector Relaciones Exteriores,2025,False
Resolución 10142 de 2025,LAW,regex,P0926-S04,P0926,116,"IV. Balance sectorial > Sector Relaciones Exteriores > Más sedes afuera, menos servicio para los colombianos",Sector Relaciones Exteriores,Resolución 10142 de 2025,False
Colombia,GPE_LOC,spacy,P0926-S04,P0926,116,"IV. Balance sectorial > Sector Relaciones Exteriores > Más sedes afuera, menos servicio para los colombianos",Sector Relaciones Exteriores,Colombia,False
junio de 2026,DATE,regex,P0927-S02,P0927,116,"IV. Balance sectorial > Sector Relaciones Exteriores > Más sedes afuera, menos servicio para los colombianos",Sector Relaciones Exteriores,junio de 2026,False
"51,34 %",PERCENT,regex,P0927-S02,P0927,116,"IV. Balance sectorial > Sector Relaciones Exteriores > Más sedes afuera, menos servicio para los colombianos",Sector Relaciones Exteriores,"51,34 %",False
Colombia,GPE_LOC,spacy,P0927-S02,P0927,116,"IV. Balance sectorial > Sector Relaciones Exteriores > Más sedes afuera, menos servicio para los colombianos",Sector Relaciones Exteriores,Colombia,False
Ministerio,GENERIC,spacy,P0929-S01,P0929,116,"IV. Balance sectorial > Sector Relaciones Exteriores > Más sedes afuera, menos servicio para los colombianos",Sector Relaciones Exteriores,Ministerio,False
Fondo Rotatorio,ORG,spacy,P0929-S02,P0929,116,"IV. Balance sectorial > Sector Relaciones Exteriores > Más sedes afuera, menos servicio para los colombianos",Sector Relaciones Exteriores,Fondo Rotatorio,True
Contraloría,ORG,spacy,P0930-S02,P0930,117,"IV. Balance sectorial > Sector Salud y Protección Social > Años de intervención y 27,8 millones de personas esperando",Sector Salud y Protección Social,Contraloría,True
50%,PERCENT,regex,P0931-S01,P0931,117,"IV. Balance sectorial > Sector Salud y Protección Social > Años de intervención y 27,8 millones de personas esperando",Sector Salud y Protección Social,50%,False
Entidades Promotoras de Salud,GPE_LOC,spacy,P0931-S01,P0931,117,"IV. Balance sectorial > Sector Salud y Protección Social > Años de intervención y 27,8 millones de personas esperando",Sector Salud y Protección Social,Entidades Promotoras de Salud,False
Superintendencia Nacional de Salud,ORG,spacy,P0931-S01,P0931,117,"IV. Balance sectorial > Sector Salud y Protección Social > Años de intervención y 27,8 millones de personas esperando",Sector Salud y Protección Social,Superintendencia Nacional de Salud,True
julio de 2026,DATE,regex,P0931-S02,P0931,117,"IV. Balance sectorial > Sector Salud y Protección Social > Años de intervención y 27,8 millones de personas esperando",Sector Salud y Protección Social,julio de 2026,False
Nueva EPS,MISC,spacy,P0931-S02,P0931,117,"IV. Balance sectorial > Sector Salud y Protección Social > Años de intervención y 27,8 millones de personas esperando",Sector Salud y Protección Social,Nueva EPS,False
8 de mayo de 2026,DATE,regex,P0931-S03,P0931,117,"IV. Balance sectorial > Sector Salud y Protección Social > Años de intervención y 27,8 millones de personas esperando",Sector Salud y Protección Social,8 de mayo de 2026,False
Contraloría General,ORG,spacy,P0931-S03,P0931,117,"IV. Balance sectorial > Sector Salud y Protección Social > Años de intervención y 27,8 millones de personas esperando",Sector Salud y Protección Social,Contraloría General,True
2022,DATE,regex,P0932-S02,P0932,117,"IV. Balance sectorial > Sector Salud y Protección Social > Años de intervención y 27,8 millones de personas esperando",Sector Salud y Protección Social,2022,False
2026,DATE,regex,P0932-S02,P0932,117,"IV. Balance sectorial > Sector Salud y Protección Social > Años de intervención y 27,8 millones de personas esperando",Sector Salud y Protección Social,2026,False
Superintendencia,GENERIC,spacy,P0932-S02,P0932,117,"IV. Balance sectorial > Sector Salud y Protección Social > Años de intervención y 27,8 millones de personas esperando",Sector Salud y Protección Social,Superintendencia,False
Contraloría,ORG,spacy,P0932-S03,P0932,117,"IV. Balance sectorial > Sector Salud y Protección Social > Años de intervención y 27,8 millones de personas esperando",Sector Salud y Protección Social,Contraloría,True
Superintendencia,GENERIC,spacy,P0933-S01,P0933,117,"IV. Balance sectorial > Sector Salud y Protección Social > Años de intervención y 27,8 millones de personas esperando",Sector Salud y Protección Social,Superintendencia,False
junio de 2026,DATE,regex,P0934-S02,P0934,117,"IV. Balance sectorial > Sector Salud y Protección Social > Años de intervención y 27,8 millones de personas esperando",Sector Salud y Protección Social,junio de 2026,False
entre diciembre de 2022 y junio de 2026,DATE,regex,P0934-S02,P0934,117,"IV. Balance sectorial > Sector Salud y Protección Social > Años de intervención y 27,8 millones de personas esperando",Sector Salud y Protección Social,entre diciembre de 2022 y junio de 2026,False
Instituciones Prestadoras de Servicios de Salud,MISC,spacy,P0934-S02,P0934,117,"IV. Balance sectorial > Sector Salud y Protección Social > Años de intervención y 27,8 millones de personas esperando",Sector Salud y Protección Social,Instituciones Prestadoras de Servicios de Salud,False
"$15,24 billones",MONEY,regex,P0934-S03,P0934,117,"IV. Balance sectorial > Sector Salud y Protección Social > Años de intervención y 27,8 millones de personas esperando",Sector Salud y Protección Social,"$15,24 billones",False
"$40,20 billones",MONEY,regex,P0934-S03,P0934,117,"IV. Balance sectorial > Sector Salud y Protección Social > Años de intervención y 27,8 millones de personas esperando",Sector Salud y Protección Social,"$40,20 billones",False
164%,PERCENT,regex,P0934-S03,P0934,117,"IV. Balance sectorial > Sector Salud y Protección Social > Años de intervención y 27,8 millones de personas esperando",Sector Salud y Protección Social,164%,False
diciembre de 2022,DATE,regex,P0935-S02,P0935,117,"IV. Balance sectorial > Sector Salud y Protección Social > Años de intervención y 27,8 millones de personas esperando",Sector Salud y Protección Social,diciembre de 2022,False
junio de 2026,DATE,regex,P0935-S02,P0935,117,"IV. Balance sectorial > Sector Salud y Protección Social > Años de intervención y 27,8 millones de personas esperando",Sector Salud y Protección Social,junio de 2026,False
"$7,22 billones",MONEY,regex,P0935-S02,P0935,117,"IV. Balance sectorial > Sector Salud y Protección Social > Años de intervención y 27,8 millones de personas esperando",Sector Salud y Protección Social,"$7,22 billones",False
"$18,11 billones",MONEY,regex,P0935-S02,P0935,117,"IV. Balance sectorial > Sector Salud y Protección Social > Años de intervención y 27,8 millones de personas esperando",Sector Salud y Protección Social,"$18,11 billones",False
151%,PERCENT,regex,P0935-S02,P0935,117,"IV. Balance sectorial > Sector Salud y Protección Social > Años de intervención y 27,8 millones de personas esperando",Sector Salud y Protección Social,151%,False
diciembre de 2022,DATE,regex,P0935-S03,P0935,117,"IV. Balance sectorial > Sector Salud y Protección Social > Años de intervención y 27,8 millones de personas esperando",Sector Salud y Protección Social,diciembre de 2022,False
junio de 2026,DATE,regex,P0935-S03,P0935,117,"IV. Balance sectorial > Sector Salud y Protección Social > Años de intervención y 27,8 millones de personas esperando",Sector Salud y Protección Social,junio de 2026,False
"$4,81 billones",MONEY,regex,P0935-S03,P0935,117,"IV. Balance sectorial > Sector Salud y Protección Social > Años de intervención y 27,8 millones de personas esperando",Sector Salud y Protección Social,"$4,81 billones",False
"$10,54 billones",MONEY,regex,P0935-S03,P0935,117,"IV. Balance sectorial > Sector Salud y Protección Social > Años de intervención y 27,8 millones de personas esperando",Sector Salud y Protección Social,"$10,54 billones",False
119%,PERCENT,regex,P0935-S03,P0935,117,"IV. Balance sectorial > Sector Salud y Protección Social > Años de intervención y 27,8 millones de personas esperando",Sector Salud y Protección Social,119%,False
Ana María Vesga Gaviria,PERSON,spacy,P0938-S01,P0938,117,"IV. Balance sectorial > Sector Salud y Protección Social > Años de intervención y 27,8 millones de personas esperando",Sector Salud y Protección Social,Ana María Vesga Gaviria,False
Ministra de Salud y,GPE_LOC,spacy,P0939-S01,P0939,117,"IV. Balance sectorial > Sector Salud y Protección Social > Años de intervención y 27,8 millones de personas esperando",Sector Salud y Protección Social,Ministra de Salud y,True
Protección Social,ORG,spacy,P0939-S01,P0939,117,"IV. Balance sectorial > Sector Salud y Protección Social > Años de intervención y 27,8 millones de personas esperando",Sector Salud y Protección Social,Protección Social,False
diciembre de 2022,DATE,regex,P0939-S02,P0939,118,"IV. Balance sectorial > Sector Salud y Protección Social > Años de intervención y 27,8 millones de personas esperando",Sector Salud y Protección Social,diciembre de 2022,False
junio de 2026,DATE,regex,P0939-S02,P0939,118,"IV. Balance sectorial > Sector Salud y Protección Social > Años de intervención y 27,8 millones de personas esperando",Sector Salud y Protección Social,junio de 2026,False
"$2,02 billones",MONEY,regex,P0939-S02,P0939,118,"IV. Balance sectorial > Sector Salud y Protección Social > Años de intervención y 27,8 millones de personas esperando",Sector Salud y Protección Social,"$2,02 billones",False
"$8,31 billones",MONEY,regex,P0939-S02,P0939,118,"IV. Balance sectorial > Sector Salud y Protección Social > Años de intervención y 27,8 millones de personas esperando",Sector Salud y Protección Social,"$8,31 billones",False
312%,PERCENT,regex,P0939-S02,P0939,118,"IV. Balance sectorial > Sector Salud y Protección Social > Años de intervención y 27,8 millones de personas esperando",Sector Salud y Protección Social,312%,False
diciembre de 2022,DATE,regex,P0939-S03,P0939,118,"IV. Balance sectorial > Sector Salud y Protección Social > Años de intervención y 27,8 millones de personas esperando",Sector Salud y Protección Social,diciembre de 2022,False
junio de 2026,DATE,regex,P0939-S03,P0939,118,"IV. Balance sectorial > Sector Salud y Protección Social > Años de intervención y 27,8 millones de personas esperando",Sector Salud y Protección Social,junio de 2026,False
"$1,19 billones",MONEY,regex,P0939-S03,P0939,118,"IV. Balance sectorial > Sector Salud y Protección Social > Años de intervención y 27,8 millones de personas esperando",Sector Salud y Protección Social,"$1,19 billones",False
"$3,23 billones",MONEY,regex,P0939-S03,P0939,118,"IV. Balance sectorial > Sector Salud y Protección Social > Años de intervención y 27,8 millones de personas esperando",Sector Salud y Protección Social,"$3,23 billones",False
172%,PERCENT,regex,P0939-S03,P0939,118,"IV. Balance sectorial > Sector Salud y Protección Social > Años de intervención y 27,8 millones de personas esperando",Sector Salud y Protección Social,172%,False
2022,DATE,regex,P0941-S01,P0941,118,"IV. Balance sectorial > Sector Salud y Protección Social > Años de intervención y 27,8 millones de personas esperando",Sector Salud y Protección Social,2022,False
junio de 2026,DATE,regex,P0941-S01,P0941,118,"IV. Balance sectorial > Sector Salud y Protección Social > Años de intervención y 27,8 millones de personas esperando",Sector Salud y Protección Social,junio de 2026,False
"$16,1 billones",MONEY,regex,P0941-S01,P0941,118,"IV. Balance sectorial > Sector Salud y Protección Social > Años de intervención y 27,8 millones de personas esperando",Sector Salud y Protección Social,"$16,1 billones",False
$10 billones,MONEY,regex,P0941-S01,P0941,118,"IV. Balance sectorial > Sector Salud y Protección Social > Años de intervención y 27,8 millones de personas esperando",Sector Salud y Protección Social,$10 billones,False
Ministerio,GENERIC,spacy,P0941-S01,P0941,118,"IV. Balance sectorial > Sector Salud y Protección Social > Años de intervención y 27,8 millones de personas esperando",Sector Salud y Protección Social,Ministerio,False
Equipos Básicos,ORG,spacy,P0941-S01,P0941,118,"IV. Balance sectorial > Sector Salud y Protección Social > Años de intervención y 27,8 millones de personas esperando",Sector Salud y Protección Social,Equipos Básicos,False
"28,3%",PERCENT,regex,P0941-S02,P0941,118,"IV. Balance sectorial > Sector Salud y Protección Social > Años de intervención y 27,8 millones de personas esperando",Sector Salud y Protección Social,"28,3%",False
Ministerio,GENERIC,spacy,P0941-S02,P0941,118,"IV. Balance sectorial > Sector Salud y Protección Social > Años de intervención y 27,8 millones de personas esperando",Sector Salud y Protección Social,Ministerio,False
Superintendencia Nacional de Salud,ORG,spacy,P0941-S02,P0941,118,"IV. Balance sectorial > Sector Salud y Protección Social > Años de intervención y 27,8 millones de personas esperando",Sector Salud y Protección Social,Superintendencia Nacional de Salud,True
2025,DATE,regex,P0941-S03,P0941,118,"IV. Balance sectorial > Sector Salud y Protección Social > Años de intervención y 27,8 millones de personas esperando",Sector Salud y Protección Social,2025,False
2026,DATE,regex,P0941-S03,P0941,118,"IV. Balance sectorial > Sector Salud y Protección Social > Años de intervención y 27,8 millones de personas esperando",Sector Salud y Protección Social,2026,False
67%,PERCENT,regex,P0941-S03,P0941,118,"IV. Balance sectorial > Sector Salud y Protección Social > Años de intervención y 27,8 millones de personas esperando",Sector Salud y Protección Social,67%,False
29 de diciembre de 2025,DATE,regex,P0941-S04,P0941,118,"IV. Balance sectorial > Sector Salud y Protección Social > Años de intervención y 27,8 millones de personas esperando",Sector Salud y Protección Social,29 de diciembre de 2025,False
"$2,2 billones",MONEY,regex,P0941-S04,P0941,118,"IV. Balance sectorial > Sector Salud y Protección Social > Años de intervención y 27,8 millones de personas esperando",Sector Salud y Protección Social,"$2,2 billones",False
30 de junio de 2026,DATE,regex,P0941-S05,P0941,118,"IV. Balance sectorial > Sector Salud y Protección Social > Años de intervención y 27,8 millones de personas esperando",Sector Salud y Protección Social,30 de junio de 2026,False
$834 mil millones,MONEY,regex,P0941-S05,P0941,118,"IV. Balance sectorial > Sector Salud y Protección Social > Años de intervención y 27,8 millones de personas esperando",Sector Salud y Protección Social,$834 mil millones,False
Ministerio,GENERIC,spacy,P0941-S05,P0941,118,"IV. Balance sectorial > Sector Salud y Protección Social > Años de intervención y 27,8 millones de personas esperando",Sector Salud y Protección Social,Ministerio,False
"$1,3 billones",MONEY,regex,P0941-S06,P0941,118,"IV. Balance sectorial > Sector Salud y Protección Social > Años de intervención y 27,8 millones de personas esperando",Sector Salud y Protección Social,"$1,3 billones",False
2022,DATE,regex,P0942-S01,P0942,118,"IV. Balance sectorial > Sector Salud y Protección Social > Años de intervención y 27,8 millones de personas esperando",Sector Salud y Protección Social,2022,False
junio de 2026,DATE,regex,P0942-S01,P0942,118,"IV. Balance sectorial > Sector Salud y Protección Social > Años de intervención y 27,8 millones de personas esperando",Sector Salud y Protección Social,junio de 2026,False
"$6,8 billones",MONEY,regex,P0942-S01,P0942,118,"IV. Balance sectorial > Sector Salud y Protección Social > Años de intervención y 27,8 millones de personas esperando",Sector Salud y Protección Social,"$6,8 billones",False
29%,PERCENT,regex,P0942-S01,P0942,118,"IV. Balance sectorial > Sector Salud y Protección Social > Años de intervención y 27,8 millones de personas esperando",Sector Salud y Protección Social,29%,False
Equipos Básicos,ORG,spacy,P0942-S01,P0942,118,"IV. Balance sectorial > Sector Salud y Protección Social > Años de intervención y 27,8 millones de personas esperando",Sector Salud y Protección Social,Equipos Básicos,False
Salud,GENERIC,spacy,P0942-S01,P0942,118,"IV. Balance sectorial > Sector Salud y Protección Social > Años de intervención y 27,8 millones de personas esperando",Sector Salud y Protección Social,Salud,False
Superintendencia Nacional de Salud,ORG,spacy,P0942-S01,P0942,118,"IV. Balance sectorial > Sector Salud y Protección Social > Años de intervención y 27,8 millones de personas esperando",Sector Salud y Protección Social,Superintendencia Nacional de Salud,True
2025,DATE,regex,P0943-S02,P0943,118,"IV. Balance sectorial > Sector Salud y Protección Social > Años de intervención y 27,8 millones de personas esperando",Sector Salud y Protección Social,2025,False
Contraloría,ORG,spacy,P0943-S02,P0943,118,"IV. Balance sectorial > Sector Salud y Protección Social > Años de intervención y 27,8 millones de personas esperando",Sector Salud y Protección Social,Contraloría,True
Ministerio,GENERIC,spacy,P0943-S02,P0943,118,"IV. Balance sectorial > Sector Salud y Protección Social > Años de intervención y 27,8 millones de personas esperando",Sector Salud y Protección Social,Ministerio,False
2024,DATE,regex,P0943-S03,P0943,118,"IV. Balance sectorial > Sector Salud y Protección Social > Años de intervención y 27,8 millones de personas esperando",Sector Salud y Protección Social,2024,False
2021,DATE,regex,P0943-S03,P0943,118,"IV. Balance sectorial > Sector Salud y Protección Social > Años de intervención y 27,8 millones de personas esperando",Sector Salud y Protección Social,2021,False
2022,DATE,regex,P0943-S03,P0943,118,"IV. Balance sectorial > Sector Salud y Protección Social > Años de intervención y 27,8 millones de personas esperando",Sector Salud y Protección Social,2022,False
2023,DATE,regex,P0943-S03,P0943,118,"IV. Balance sectorial > Sector Salud y Protección Social > Años de intervención y 27,8 millones de personas esperando",Sector Salud y Protección Social,2023,False
Corte Constitucional,ORG,spacy,P0943-S03,P0943,118,"IV. Balance sectorial > Sector Salud y Protección Social > Años de intervención y 27,8 millones de personas esperando",Sector Salud y Protección Social,Corte Constitucional,True
UPC del 2024,ORG,spacy,P0943-S03,P0943,118,"IV. Balance sectorial > Sector Salud y Protección Social > Años de intervención y 27,8 millones de personas esperando",Sector Salud y Protección Social,UPC del 2024,False
UPC,ORG,spacy,P0943-S03,P0943,118,"IV. Balance sectorial > Sector Salud y Protección Social > Años de intervención y 27,8 millones de personas esperando",Sector Salud y Protección Social,UPC,False
INVIMA,ORG,spacy,P0943-S04,P0943,118,"IV. Balance sectorial > Sector Salud y Protección Social > Años de intervención y 27,8 millones de personas esperando",Sector Salud y Protección Social,INVIMA,False
abril de 2025,DATE,regex,P0943-S05,P0943,118,"IV. Balance sectorial > Sector Salud y Protección Social > Años de intervención y 27,8 millones de personas esperando",Sector Salud y Protección Social,abril de 2025,False
2026,DATE,regex,P0943-S05,P0943,118,"IV. Balance sectorial > Sector Salud y Protección Social > Años de intervención y 27,8 millones de personas esperando",Sector Salud y Protección Social,2026,False
"99,56 %",PERCENT,regex,P0944-S01,P0944,119,"IV. Balance sectorial > Sector Salud y Protección Social > Años de intervención y 27,8 millones de personas esperando",Sector Salud y Protección Social,"99,56 %",False
67%,PERCENT,regex,P0944-S01,P0944,119,"IV. Balance sectorial > Sector Salud y Protección Social > Años de intervención y 27,8 millones de personas esperando",Sector Salud y Protección Social,67%,False
Colombia,GPE_LOC,spacy,P0944-S01,P0944,119,"IV. Balance sectorial > Sector Salud y Protección Social > Años de intervención y 27,8 millones de personas esperando",Sector Salud y Protección Social,Colombia,False
Gobierno,GENERIC,spacy,P0944-S02,P0944,119,"IV. Balance sectorial > Sector Salud y Protección Social > Años de intervención y 27,8 millones de personas esperando",Sector Salud y Protección Social,Gobierno,False
UPC,ORG,spacy,P0944-S02,P0944,119,"IV. Balance sectorial > Sector Salud y Protección Social > Años de intervención y 27,8 millones de personas esperando",Sector Salud y Protección Social,UPC,False
Ministerio de Tecnologías de la Información,GPE_LOC,spacy,P0945-S01,P0945,120,IV. Balance sectorial > Sector Tecnologías de la Información y las Comunicaciones > Colombia no puede seguir perdiendo tiempo tecnológico,Sector Tecnologías de la Información y las Comunicaciones,Ministerio de Tecnologías de la Información,True
Comunicaciones,MISC,spacy,P0945-S01,P0945,120,IV. Balance sectorial > Sector Tecnologías de la Información y las Comunicaciones > Colombia no puede seguir perdiendo tiempo tecnológico,Sector Tecnologías de la Información y las Comunicaciones,Comunicaciones,False
Estado,GENERIC,spacy,P0945-S02,P0945,120,IV. Balance sectorial > Sector Tecnologías de la Información y las Comunicaciones > Colombia no puede seguir perdiendo tiempo tecnológico,Sector Tecnologías de la Información y las Comunicaciones,Estado,False
Colombia,GPE_LOC,spacy,P0946-S02,P0946,120,IV. Balance sectorial > Sector Tecnologías de la Información y las Comunicaciones > Colombia no puede seguir perdiendo tiempo tecnológico,Sector Tecnologías de la Información y las Comunicaciones,Colombia,False
Colombia,GPE_LOC,spacy,P0950-S01,P0950,120,IV. Balance sectorial > Sector Tecnologías de la Información y las Comunicaciones > Colombia no puede seguir perdiendo tiempo tecnológico,Sector Tecnologías de la Información y las Comunicaciones,Colombia,False
Colombia,GPE_LOC,spacy,P0951-S01,P0951,120,IV. Balance sectorial > Sector Tecnologías de la Información y las Comunicaciones > Colombia no puede seguir perdiendo tiempo tecnológico,Sector Tecnologías de la Información y las Comunicaciones,Colombia,False
Alexandra Falla Zerrate,PERSON,spacy,P0954-S01,P0954,120,IV. Balance sectorial > Sector Tecnologías de la Información y las Comunicaciones > Colombia no puede seguir perdiendo tiempo tecnológico,Sector Tecnologías de la Información y las Comunicaciones,Alexandra Falla Zerrate,False
Ministra de Tecnologías de la Información,GPE_LOC,spacy,P0955-S01,P0955,120,IV. Balance sectorial > Sector Tecnologías de la Información y las Comunicaciones > Colombia no puede seguir perdiendo tiempo tecnológico,Sector Tecnologías de la Información y las Comunicaciones,Ministra de Tecnologías de la Información,True
Comunicaciones transformación digital real sin industria,MISC,spacy,P0955-S01,P0955,120,IV. Balance sectorial > Sector Tecnologías de la Información y las Comunicaciones > Colombia no puede seguir perdiendo tiempo tecnológico,Sector Tecnologías de la Información y las Comunicaciones,Comunicaciones transformación digital real sin industria,False
Estado,GENERIC,spacy,P0955-S01,P0955,120,IV. Balance sectorial > Sector Tecnologías de la Información y las Comunicaciones > Colombia no puede seguir perdiendo tiempo tecnológico,Sector Tecnologías de la Información y las Comunicaciones,Estado,False
abril de 2026,DATE,regex,P0956-S01,P0956,121,IV. Balance sectorial > Sector Tecnologías de la Información y las Comunicaciones > Colombia no puede seguir perdiendo tiempo tecnológico,Sector Tecnologías de la Información y las Comunicaciones,abril de 2026,False
Amerita,ORG,spacy,P0956-S01,P0956,121,IV. Balance sectorial > Sector Tecnologías de la Información y las Comunicaciones > Colombia no puede seguir perdiendo tiempo tecnológico,Sector Tecnologías de la Información y las Comunicaciones,Amerita,False
Sector TIC,GPE_LOC,spacy,P0956-S01,P0956,121,IV. Balance sectorial > Sector Tecnologías de la Información y las Comunicaciones > Colombia no puede seguir perdiendo tiempo tecnológico,Sector Tecnologías de la Información y las Comunicaciones,Sector TIC,False
Centros PotencIA,GPE_LOC,spacy,P0956-S01,P0956,121,IV. Balance sectorial > Sector Tecnologías de la Información y las Comunicaciones > Colombia no puede seguir perdiendo tiempo tecnológico,Sector Tecnologías de la Información y las Comunicaciones,Centros PotencIA,False
PotencIA,MISC,spacy,P0956-S01,P0956,121,IV. Balance sectorial > Sector Tecnologías de la Información y las Comunicaciones > Colombia no puede seguir perdiendo tiempo tecnológico,Sector Tecnologías de la Información y las Comunicaciones,PotencIA,False
Servicios Postales Nacionales S.A,MISC,spacy,P0958-S01,P0958,121,IV. Balance sectorial > Sector Tecnologías de la Información y las Comunicaciones > Colombia no puede seguir perdiendo tiempo tecnológico,Sector Tecnologías de la Información y las Comunicaciones,Servicios Postales Nacionales S.A,False
Colombia,GPE_LOC,spacy,P0959-S01,P0959,121,IV. Balance sectorial > Sector Tecnologías de la Información y las Comunicaciones > Colombia no puede seguir perdiendo tiempo tecnológico,Sector Tecnologías de la Información y las Comunicaciones,Colombia,False
6 de agosto de 2026,DATE,regex,P0959-S02,P0959,121,IV. Balance sectorial > Sector Tecnologías de la Información y las Comunicaciones > Colombia no puede seguir perdiendo tiempo tecnológico,Sector Tecnologías de la Información y las Comunicaciones,6 de agosto de 2026,False
RTVC,MISC,spacy,P0959-S02,P0959,121,IV. Balance sectorial > Sector Tecnologías de la Información y las Comunicaciones > Colombia no puede seguir perdiendo tiempo tecnológico,Sector Tecnologías de la Información y las Comunicaciones,RTVC,True
INRAVISIÓN,MISC,spacy,P0959-S02,P0959,121,IV. Balance sectorial > Sector Tecnologías de la Información y las Comunicaciones > Colombia no puede seguir perdiendo tiempo tecnológico,Sector Tecnologías de la Información y las Comunicaciones,INRAVISIÓN,False
julio de 2026,DATE,regex,P0961-S03,P0961,121,IV. Balance sectorial > Sector Tecnologías de la Información y las Comunicaciones > Colombia no puede seguir perdiendo tiempo tecnológico,Sector Tecnologías de la Información y las Comunicaciones,julio de 2026,False
IA,ORG,spacy,P0961-S04,P0961,121,IV. Balance sectorial > Sector Tecnologías de la Información y las Comunicaciones > Colombia no puede seguir perdiendo tiempo tecnológico,Sector Tecnologías de la Información y las Comunicaciones,IA,False
Fibra Óptica para la Amazonía,ORG,spacy,P0962-S01,P0962,121,IV. Balance sectorial > Sector Tecnologías de la Información y las Comunicaciones > Colombia no puede seguir perdiendo tiempo tecnológico,Sector Tecnologías de la Información y las Comunicaciones,Fibra Óptica para la Amazonía,False
2026,DATE,regex,P0962-S02,P0962,121,IV. Balance sectorial > Sector Tecnologías de la Información y las Comunicaciones > Colombia no puede seguir perdiendo tiempo tecnológico,Sector Tecnologías de la Información y las Comunicaciones,2026,False
Putumayo,GPE_LOC,spacy,P0962-S02,P0962,121,IV. Balance sectorial > Sector Tecnologías de la Información y las Comunicaciones > Colombia no puede seguir perdiendo tiempo tecnológico,Sector Tecnologías de la Información y las Comunicaciones,Putumayo,False
2025,DATE,regex,P0963-S01,P0963,122,IV. Balance sectorial > Sector Tecnologías de la Información y las Comunicaciones > Colombia no puede seguir perdiendo tiempo tecnológico,Sector Tecnologías de la Información y las Comunicaciones,2025,False
$683.000 millones,MONEY,regex,P0963-S01,P0963,122,IV. Balance sectorial > Sector Tecnologías de la Información y las Comunicaciones > Colombia no puede seguir perdiendo tiempo tecnológico,Sector Tecnologías de la Información y las Comunicaciones,$683.000 millones,False
CONPES 4167,LAW,regex,P0963-S01,P0963,122,IV. Balance sectorial > Sector Tecnologías de la Información y las Comunicaciones > Colombia no puede seguir perdiendo tiempo tecnológico,Sector Tecnologías de la Información y las Comunicaciones,CONPES 4167,False
2026,DATE,regex,P0963-S02,P0963,122,IV. Balance sectorial > Sector Tecnologías de la Información y las Comunicaciones > Colombia no puede seguir perdiendo tiempo tecnológico,Sector Tecnologías de la Información y las Comunicaciones,2026,False
2026,DATE,regex,P0963-S02,P0963,122,IV. Balance sectorial > Sector Tecnologías de la Información y las Comunicaciones > Colombia no puede seguir perdiendo tiempo tecnológico,Sector Tecnologías de la Información y las Comunicaciones,2026,False
"67,1%",PERCENT,regex,P0963-S02,P0963,122,IV. Balance sectorial > Sector Tecnologías de la Información y las Comunicaciones > Colombia no puede seguir perdiendo tiempo tecnológico,Sector Tecnologías de la Información y las Comunicaciones,"67,1%",False
CONPES 4195,LAW,regex,P0963-S02,P0963,122,IV. Balance sectorial > Sector Tecnologías de la Información y las Comunicaciones > Colombia no puede seguir perdiendo tiempo tecnológico,Sector Tecnologías de la Información y las Comunicaciones,CONPES 4195,False
4 de agosto de 2026,DATE,regex,P0963-S03,P0963,122,IV. Balance sectorial > Sector Tecnologías de la Información y las Comunicaciones > Colombia no puede seguir perdiendo tiempo tecnológico,Sector Tecnologías de la Información y las Comunicaciones,4 de agosto de 2026,False
Ministerio,GENERIC,spacy,P0966-S01,P0966,122,IV. Balance sectorial > Sector Tecnologías de la Información y las Comunicaciones > Colombia no puede seguir perdiendo tiempo tecnológico,Sector Tecnologías de la Información y las Comunicaciones,Ministerio,False
Estado,GENERIC,spacy,P0966-S02,P0966,122,IV. Balance sectorial > Sector Tecnologías de la Información y las Comunicaciones > Colombia no puede seguir perdiendo tiempo tecnológico,Sector Tecnologías de la Información y las Comunicaciones,Estado,False
Natalia Eugenia López Fuentes,PERSON,spacy,P0969-S01,P0969,123,IV. Balance sectorial > Sector Trabajo > Se reglamentó por decreto lo que el Congreso no aprobó,Sector Trabajo,Natalia Eugenia López Fuentes,False
2025,DATE,regex,P0970-S01,P0970,123,IV. Balance sectorial > Sector Trabajo > Se reglamentó por decreto lo que el Congreso no aprobó,Sector Trabajo,2025,False
2026,DATE,regex,P0970-S01,P0970,123,IV. Balance sectorial > Sector Trabajo > Se reglamentó por decreto lo que el Congreso no aprobó,Sector Trabajo,2026,False
2026,DATE,regex,P0970-S01,P0970,123,IV. Balance sectorial > Sector Trabajo > Se reglamentó por decreto lo que el Congreso no aprobó,Sector Trabajo,2026,False
2026,DATE,regex,P0970-S01,P0970,123,IV. Balance sectorial > Sector Trabajo > Se reglamentó por decreto lo que el Congreso no aprobó,Sector Trabajo,2026,False
ley 2466 de 2025,LAW,regex,P0970-S01,P0970,123,IV. Balance sectorial > Sector Trabajo > Se reglamentó por decreto lo que el Congreso no aprobó,Sector Trabajo,ley 2466 de 2025,False
Ministra del Trabajo El Congreso,GPE_LOC,spacy,P0970-S01,P0970,123,IV. Balance sectorial > Sector Trabajo > Se reglamentó por decreto lo que el Congreso no aprobó,Sector Trabajo,Ministra del Trabajo El Congreso,True
Ministerio del Trabajo,GPE_LOC,spacy,P0970-S01,P0970,123,IV. Balance sectorial > Sector Trabajo > Se reglamentó por decreto lo que el Congreso no aprobó,Sector Trabajo,Ministerio del Trabajo,True
Ministerio del Trabajo,GPE_LOC,spacy,P0970-S01,P0970,123,IV. Balance sectorial > Sector Trabajo > Se reglamentó por decreto lo que el Congreso no aprobó,Sector Trabajo,Ministerio del Trabajo,True
2026,DATE,regex,P0971-S01,P0971,123,IV. Balance sectorial > Sector Trabajo > Se reglamentó por decreto lo que el Congreso no aprobó,Sector Trabajo,2026,False
2015,DATE,regex,P0971-S01,P0971,123,IV. Balance sectorial > Sector Trabajo > Se reglamentó por decreto lo que el Congreso no aprobó,Sector Trabajo,2015,False
2025,DATE,regex,P0971-S01,P0971,123,IV. Balance sectorial > Sector Trabajo > Se reglamentó por decreto lo que el Congreso no aprobó,Sector Trabajo,2025,False
Decreto 234 de 2026,LAW,regex,P0971-S01,P0971,123,IV. Balance sectorial > Sector Trabajo > Se reglamentó por decreto lo que el Congreso no aprobó,Sector Trabajo,Decreto 234 de 2026,False
Decreto 1072 de 2015,LAW,regex,P0971-S01,P0971,123,IV. Balance sectorial > Sector Trabajo > Se reglamentó por decreto lo que el Congreso no aprobó,Sector Trabajo,Decreto 1072 de 2015,False
Ley 2466 de 2025,LAW,regex,P0971-S01,P0971,123,IV. Balance sectorial > Sector Trabajo > Se reglamentó por decreto lo que el Congreso no aprobó,Sector Trabajo,Ley 2466 de 2025,False
Capítulo 7,MISC,spacy,P0971-S01,P0971,123,IV. Balance sectorial > Sector Trabajo > Se reglamentó por decreto lo que el Congreso no aprobó,Sector Trabajo,Capítulo 7,False
Título 2 de la,MISC,spacy,P0971-S01,P0971,123,IV. Balance sectorial > Sector Trabajo > Se reglamentó por decreto lo que el Congreso no aprobó,Sector Trabajo,Título 2 de la,False
Parte 2,MISC,spacy,P0971-S01,P0971,123,IV. Balance sectorial > Sector Trabajo > Se reglamentó por decreto lo que el Congreso no aprobó,Sector Trabajo,Parte 2,False
Libro 2 del,MISC,spacy,P0971-S01,P0971,123,IV. Balance sectorial > Sector Trabajo > Se reglamentó por decreto lo que el Congreso no aprobó,Sector Trabajo,Libro 2 del,False
Único Reglamentario del Sector Trabajo,ORG,spacy,P0971-S01,P0971,123,IV. Balance sectorial > Sector Trabajo > Se reglamentó por decreto lo que el Congreso no aprobó,Sector Trabajo,Único Reglamentario del Sector Trabajo,False
2024,DATE,regex,P0971-S02,P0971,123,IV. Balance sectorial > Sector Trabajo > Se reglamentó por decreto lo que el Congreso no aprobó,Sector Trabajo,2024,False
2015,DATE,regex,P0971-S02,P0971,123,IV. Balance sectorial > Sector Trabajo > Se reglamentó por decreto lo que el Congreso no aprobó,Sector Trabajo,2015,False
2026,DATE,regex,P0971-S02,P0971,123,IV. Balance sectorial > Sector Trabajo > Se reglamentó por decreto lo que el Congreso no aprobó,Sector Trabajo,2026,False
Decreto 1072 de 2015,LAW,regex,P0971-S02,P0971,123,IV. Balance sectorial > Sector Trabajo > Se reglamentó por decreto lo que el Congreso no aprobó,Sector Trabajo,Decreto 1072 de 2015,False
Decreto 234 de 2026,LAW,regex,P0971-S02,P0971,123,IV. Balance sectorial > Sector Trabajo > Se reglamentó por decreto lo que el Congreso no aprobó,Sector Trabajo,Decreto 234 de 2026,False
Decreto Presidencial 243 de 2024 “Por,MISC,spacy,P0971-S02,P0971,123,IV. Balance sectorial > Sector Trabajo > Se reglamentó por decreto lo que el Congreso no aprobó,Sector Trabajo,Decreto Presidencial 243 de 2024 “Por,False
Título 2 de la,MISC,spacy,P0971-S02,P0971,123,IV. Balance sectorial > Sector Trabajo > Se reglamentó por decreto lo que el Congreso no aprobó,Sector Trabajo,Título 2 de la,False
Parte 2,MISC,spacy,P0971-S02,P0971,123,IV. Balance sectorial > Sector Trabajo > Se reglamentó por decreto lo que el Congreso no aprobó,Sector Trabajo,Parte 2,False
Libro 2 del,MISC,spacy,P0971-S02,P0971,123,IV. Balance sectorial > Sector Trabajo > Se reglamentó por decreto lo que el Congreso no aprobó,Sector Trabajo,Libro 2 del,False
Único Reglamentario del Sector Trabajo,ORG,spacy,P0971-S02,P0971,123,IV. Balance sectorial > Sector Trabajo > Se reglamentó por decreto lo que el Congreso no aprobó,Sector Trabajo,Único Reglamentario del Sector Trabajo,False
2026,DATE,regex,P0972-S01,P0972,123,IV. Balance sectorial > Sector Trabajo > Se reglamentó por decreto lo que el Congreso no aprobó,Sector Trabajo,2026,False
2015,DATE,regex,P0972-S01,P0972,123,IV. Balance sectorial > Sector Trabajo > Se reglamentó por decreto lo que el Congreso no aprobó,Sector Trabajo,2015,False
2025,DATE,regex,P0972-S01,P0972,123,IV. Balance sectorial > Sector Trabajo > Se reglamentó por decreto lo que el Congreso no aprobó,Sector Trabajo,2025,False
Decreto 720 de 2026,LAW,regex,P0972-S01,P0972,123,IV. Balance sectorial > Sector Trabajo > Se reglamentó por decreto lo que el Congreso no aprobó,Sector Trabajo,Decreto 720 de 2026,False
Decreto número 1072 de 2015,LAW,regex,P0972-S01,P0972,123,IV. Balance sectorial > Sector Trabajo > Se reglamentó por decreto lo que el Congreso no aprobó,Sector Trabajo,Decreto número 1072 de 2015,False
Ley 2466 de 2025,LAW,regex,P0972-S01,P0972,123,IV. Balance sectorial > Sector Trabajo > Se reglamentó por decreto lo que el Congreso no aprobó,Sector Trabajo,Ley 2466 de 2025,False
Capítulo 4,MISC,spacy,P0972-S01,P0972,123,IV. Balance sectorial > Sector Trabajo > Se reglamentó por decreto lo que el Congreso no aprobó,Sector Trabajo,Capítulo 4,False
Título 3 de la Parte,MISC,spacy,P0972-S01,P0972,123,IV. Balance sectorial > Sector Trabajo > Se reglamentó por decreto lo que el Congreso no aprobó,Sector Trabajo,Título 3 de la Parte,False
Libro 2 del Decreto,MISC,spacy,P0972-S01,P0972,123,IV. Balance sectorial > Sector Trabajo > Se reglamentó por decreto lo que el Congreso no aprobó,Sector Trabajo,Libro 2 del Decreto,False
Único Reglamentario del Sector Trabajo,ORG,spacy,P0972-S01,P0972,123,IV. Balance sectorial > Sector Trabajo > Se reglamentó por decreto lo que el Congreso no aprobó,Sector Trabajo,Único Reglamentario del Sector Trabajo,False
2026,DATE,regex,P0973-S01,P0973,123,IV. Balance sectorial > Sector Trabajo > Se reglamentó por decreto lo que el Congreso no aprobó,Sector Trabajo,2026,False
2015,DATE,regex,P0973-S01,P0973,123,IV. Balance sectorial > Sector Trabajo > Se reglamentó por decreto lo que el Congreso no aprobó,Sector Trabajo,2015,False
Decreto 581 de 2026,LAW,regex,P0973-S01,P0973,123,IV. Balance sectorial > Sector Trabajo > Se reglamentó por decreto lo que el Congreso no aprobó,Sector Trabajo,Decreto 581 de 2026,False
Decreto 1072 de 2015,LAW,regex,P0973-S01,P0973,123,IV. Balance sectorial > Sector Trabajo > Se reglamentó por decreto lo que el Congreso no aprobó,Sector Trabajo,Decreto 1072 de 2015,False
Título 3 de la,MISC,spacy,P0973-S01,P0973,123,IV. Balance sectorial > Sector Trabajo > Se reglamentó por decreto lo que el Congreso no aprobó,Sector Trabajo,Título 3 de la,False
Parte 2,MISC,spacy,P0973-S01,P0973,123,IV. Balance sectorial > Sector Trabajo > Se reglamentó por decreto lo que el Congreso no aprobó,Sector Trabajo,Parte 2,False
Libro 2 del,MISC,spacy,P0973-S01,P0973,123,IV. Balance sectorial > Sector Trabajo > Se reglamentó por decreto lo que el Congreso no aprobó,Sector Trabajo,Libro 2 del,False
Único Reglamentario del Sector Trabajo,ORG,spacy,P0973-S01,P0973,123,IV. Balance sectorial > Sector Trabajo > Se reglamentó por decreto lo que el Congreso no aprobó,Sector Trabajo,Único Reglamentario del Sector Trabajo,False
2015,DATE,regex,P0973-S02,P0973,123,IV. Balance sectorial > Sector Trabajo > Se reglamentó por decreto lo que el Congreso no aprobó,Sector Trabajo,2015,False
Decreto 1072 de 2015,LAW,regex,P0973-S02,P0973,123,IV. Balance sectorial > Sector Trabajo > Se reglamentó por decreto lo que el Congreso no aprobó,Sector Trabajo,Decreto 1072 de 2015,False
Ministerio,GENERIC,spacy,P0973-S02,P0973,123,IV. Balance sectorial > Sector Trabajo > Se reglamentó por decreto lo que el Congreso no aprobó,Sector Trabajo,Ministerio,False
junio de 2026,DATE,regex,P0975-S01,P0975,124,IV. Balance sectorial > Sector Trabajo > Se reglamentó por decreto lo que el Congreso no aprobó,Sector Trabajo,junio de 2026,False
mayo de 2026,DATE,regex,P0975-S01,P0975,124,IV. Balance sectorial > Sector Trabajo > Se reglamentó por decreto lo que el Congreso no aprobó,Sector Trabajo,mayo de 2026,False
8%,PERCENT,regex,P0975-S01,P0975,124,IV. Balance sectorial > Sector Trabajo > Se reglamentó por decreto lo que el Congreso no aprobó,Sector Trabajo,8%,False
"55,7%",PERCENT,regex,P0975-S01,P0975,124,IV. Balance sectorial > Sector Trabajo > Se reglamentó por decreto lo que el Congreso no aprobó,Sector Trabajo,"55,7%",False
DANE,ORG,spacy,P0975-S01,P0975,124,IV. Balance sectorial > Sector Trabajo > Se reglamentó por decreto lo que el Congreso no aprobó,Sector Trabajo,DANE,True
Estado Social de Derecho,GPE_LOC,spacy,P0975-S01,P0975,124,IV. Balance sectorial > Sector Trabajo > Se reglamentó por decreto lo que el Congreso no aprobó,Sector Trabajo,Estado Social de Derecho,False
26 de junio de 2026,DATE,regex,P0976-S02,P0976,124,IV. Balance sectorial > Sector Trabajo > Se reglamentó por decreto lo que el Congreso no aprobó,Sector Trabajo,26 de junio de 2026,False
Decreto 0649,LAW,regex,P0976-S02,P0976,124,IV. Balance sectorial > Sector Trabajo > Se reglamentó por decreto lo que el Congreso no aprobó,Sector Trabajo,Decreto 0649,False
Gobierno,GENERIC,spacy,P0976-S02,P0976,124,IV. Balance sectorial > Sector Trabajo > Se reglamentó por decreto lo que el Congreso no aprobó,Sector Trabajo,Gobierno,False
Antonio Sanguino,PERSON,spacy,P0976-S02,P0976,124,IV. Balance sectorial > Sector Trabajo > Se reglamentó por decreto lo que el Congreso no aprobó,Sector Trabajo,Antonio Sanguino,False
Superintendente,MISC,spacy,P0976-S02,P0976,124,IV. Balance sectorial > Sector Trabajo > Se reglamentó por decreto lo que el Congreso no aprobó,Sector Trabajo,Superintendente,False
Subsidio Familiar,MISC,spacy,P0976-S02,P0976,124,IV. Balance sectorial > Sector Trabajo > Se reglamentó por decreto lo que el Congreso no aprobó,Sector Trabajo,Subsidio Familiar,False
7 de agosto,DATE,regex,P0976-S03,P0976,124,IV. Balance sectorial > Sector Trabajo > Se reglamentó por decreto lo que el Congreso no aprobó,Sector Trabajo,7 de agosto,False
Decreto 0689,LAW,regex,P0976-S04,P0976,124,IV. Balance sectorial > Sector Trabajo > Se reglamentó por decreto lo que el Congreso no aprobó,Sector Trabajo,Decreto 0689,False
Resolución 0527,LAW,regex,P0976-S04,P0976,124,IV. Balance sectorial > Sector Trabajo > Se reglamentó por decreto lo que el Congreso no aprobó,Sector Trabajo,Resolución 0527,False
Decreto 0905,LAW,regex,P0976-S04,P0976,124,IV. Balance sectorial > Sector Trabajo > Se reglamentó por decreto lo que el Congreso no aprobó,Sector Trabajo,Decreto 0905,False
Ministro,GENERIC,spacy,P0976-S04,P0976,124,IV. Balance sectorial > Sector Trabajo > Se reglamentó por decreto lo que el Congreso no aprobó,Sector Trabajo,Ministro,False
Comfamiliar Atlántico,GPE_LOC,spacy,P0976-S04,P0976,124,IV. Balance sectorial > Sector Trabajo > Se reglamentó por decreto lo que el Congreso no aprobó,Sector Trabajo,Comfamiliar Atlántico,False
Consejo Directivo,ORG,spacy,P0976-S04,P0976,124,IV. Balance sectorial > Sector Trabajo > Se reglamentó por decreto lo que el Congreso no aprobó,Sector Trabajo,Consejo Directivo,True
Comfaguajira,GPE_LOC,spacy,P0976-S04,P0976,124,IV. Balance sectorial > Sector Trabajo > Se reglamentó por decreto lo que el Congreso no aprobó,Sector Trabajo,Comfaguajira,False
Comfenalco Antioquia,GPE_LOC,spacy,P0976-S04,P0976,124,IV. Balance sectorial > Sector Trabajo > Se reglamentó por decreto lo que el Congreso no aprobó,Sector Trabajo,Comfenalco Antioquia,False
Ministro,GENERIC,spacy,P0976-S04,P0976,124,IV. Balance sectorial > Sector Trabajo > Se reglamentó por decreto lo que el Congreso no aprobó,Sector Trabajo,Ministro,False
Cajas,MISC,spacy,P0976-S06,P0976,124,IV. Balance sectorial > Sector Trabajo > Se reglamentó por decreto lo que el Congreso no aprobó,Sector Trabajo,Cajas,False
SENA,ORG,spacy,P0977-S01,P0977,124,IV. Balance sectorial > Sector Trabajo > Se reglamentó por decreto lo que el Congreso no aprobó,Sector Trabajo,SENA,True
2025,DATE,regex,P0977-S02,P0977,124,IV. Balance sectorial > Sector Trabajo > Se reglamentó por decreto lo que el Congreso no aprobó,Sector Trabajo,2025,False
$189.535 millones,MONEY,regex,P0977-S02,P0977,124,IV. Balance sectorial > Sector Trabajo > Se reglamentó por decreto lo que el Congreso no aprobó,Sector Trabajo,$189.535 millones,False
$324.829 millones,MONEY,regex,P0977-S02,P0977,124,IV. Balance sectorial > Sector Trabajo > Se reglamentó por decreto lo que el Congreso no aprobó,Sector Trabajo,$324.829 millones,False
$219.859 millones,MONEY,regex,P0977-S02,P0977,124,IV. Balance sectorial > Sector Trabajo > Se reglamentó por decreto lo que el Congreso no aprobó,Sector Trabajo,$219.859 millones,False
$160.397 millones,MONEY,regex,P0977-S02,P0977,124,IV. Balance sectorial > Sector Trabajo > Se reglamentó por decreto lo que el Congreso no aprobó,Sector Trabajo,$160.397 millones,False
Contraloría,ORG,spacy,P0977-S02,P0977,124,IV. Balance sectorial > Sector Trabajo > Se reglamentó por decreto lo que el Congreso no aprobó,Sector Trabajo,Contraloría,True
"$6,39 billones",MONEY,regex,P0978-S02,P0978,124,IV. Balance sectorial > Sector Trabajo > Se reglamentó por decreto lo que el Congreso no aprobó,Sector Trabajo,"$6,39 billones",False
Colpensiones,ORG,spacy,P0979-S01,P0979,124,IV. Balance sectorial > Sector Trabajo > Se reglamentó por decreto lo que el Congreso no aprobó,Sector Trabajo,Colpensiones,True
$7.665 millones,MONEY,regex,P0980-S01,P0980,124,IV. Balance sectorial > Sector Trabajo > Se reglamentó por decreto lo que el Congreso no aprobó,Sector Trabajo,$7.665 millones,False
"$173,5 millones",MONEY,regex,P0980-S02,P0980,124,IV. Balance sectorial > Sector Trabajo > Se reglamentó por decreto lo que el Congreso no aprobó,Sector Trabajo,"$173,5 millones",False
36 %,PERCENT,regex,P0980-S02,P0980,124,IV. Balance sectorial > Sector Trabajo > Se reglamentó por decreto lo que el Congreso no aprobó,Sector Trabajo,36 %,False
2017,DATE,regex,P0980-S03,P0980,124,IV. Balance sectorial > Sector Trabajo > Se reglamentó por decreto lo que el Congreso no aprobó,Sector Trabajo,2017,False
$146.449 millones,MONEY,regex,P0980-S03,P0980,124,IV. Balance sectorial > Sector Trabajo > Se reglamentó por decreto lo que el Congreso no aprobó,Sector Trabajo,$146.449 millones,False
Servicio Público de Empleo,ORG,spacy,P0981-S02,P0981,124,IV. Balance sectorial > Sector Trabajo > Se reglamentó por decreto lo que el Congreso no aprobó,Sector Trabajo,Servicio Público de Empleo,False
Gobierno,GENERIC,spacy,P0982-S02,P0982,124,IV. Balance sectorial > Sector Trabajo > Se reglamentó por decreto lo que el Congreso no aprobó,Sector Trabajo,Gobierno,False
"$58,7 billones",MONEY,regex,P0983-S01,P0983,125,IV. Balance sectorial > Sector Trabajo > Se reglamentó por decreto lo que el Congreso no aprobó,Sector Trabajo,"$58,7 billones",False
97 %,PERCENT,regex,P0983-S01,P0983,125,IV. Balance sectorial > Sector Trabajo > Se reglamentó por decreto lo que el Congreso no aprobó,Sector Trabajo,97 %,False
Gobierno,GENERIC,spacy,P0983-S01,P0983,125,IV. Balance sectorial > Sector Trabajo > Se reglamentó por decreto lo que el Congreso no aprobó,Sector Trabajo,Gobierno,False
Congreso,ORG,spacy,P0983-S02,P0983,125,IV. Balance sectorial > Sector Trabajo > Se reglamentó por decreto lo que el Congreso no aprobó,Sector Trabajo,Congreso,True
SENA,ORG,spacy,P0983-S02,P0983,125,IV. Balance sectorial > Sector Trabajo > Se reglamentó por decreto lo que el Congreso no aprobó,Sector Trabajo,SENA,True
Transporte,GENERIC,spacy,P0984-S01,P0984,126,IV. Balance sectorial > Sector Transporte > Transporte: el presupuesto que dejó de convertirse en infraestructura,Sector Transporte,Transporte,False
Recuperarla,GPE_LOC,spacy,P0984-S02,P0984,126,IV. Balance sectorial > Sector Transporte > Transporte: el presupuesto que dejó de convertirse en infraestructura,Sector Transporte,Recuperarla,False
Colombia,GPE_LOC,spacy,P0984-S02,P0984,126,IV. Balance sectorial > Sector Transporte > Transporte: el presupuesto que dejó de convertirse en infraestructura,Sector Transporte,Colombia,False
2023,DATE,regex,P0985-S02,P0985,126,IV. Balance sectorial > Sector Transporte > Transporte: el presupuesto que dejó de convertirse en infraestructura,Sector Transporte,2023,False
2025,DATE,regex,P0985-S02,P0985,126,IV. Balance sectorial > Sector Transporte > Transporte: el presupuesto que dejó de convertirse en infraestructura,Sector Transporte,2025,False
"76,5 %",PERCENT,regex,P0985-S02,P0985,126,IV. Balance sectorial > Sector Transporte > Transporte: el presupuesto que dejó de convertirse en infraestructura,Sector Transporte,"76,5 %",False
"37,3 %",PERCENT,regex,P0985-S02,P0985,126,IV. Balance sectorial > Sector Transporte > Transporte: el presupuesto que dejó de convertirse en infraestructura,Sector Transporte,"37,3 %",False
"$12,13 billones",MONEY,regex,P0985-S03,P0985,126,IV. Balance sectorial > Sector Transporte > Transporte: el presupuesto que dejó de convertirse en infraestructura,Sector Transporte,"$12,13 billones",False
"$4,52 billones",MONEY,regex,P0985-S03,P0985,126,IV. Balance sectorial > Sector Transporte > Transporte: el presupuesto que dejó de convertirse en infraestructura,Sector Transporte,"$4,52 billones",False
"$7,6 billones",MONEY,regex,P0985-S04,P0985,126,IV. Balance sectorial > Sector Transporte > Transporte: el presupuesto que dejó de convertirse en infraestructura,Sector Transporte,"$7,6 billones",False
Comunitarios para la Paz,GPE_LOC,spacy,P0986-S02,P0986,126,IV. Balance sectorial > Sector Transporte > Transporte: el presupuesto que dejó de convertirse en infraestructura,Sector Transporte,Comunitarios para la Paz,False
septiembre de 2025,DATE,regex,P0986-S03,P0986,126,IV. Balance sectorial > Sector Transporte > Transporte: el presupuesto que dejó de convertirse en infraestructura,Sector Transporte,septiembre de 2025,False
Servicios Aéreos Esenciales,MISC,spacy,P0986-S03,P0986,126,IV. Balance sectorial > Sector Transporte > Transporte: el presupuesto que dejó de convertirse en infraestructura,Sector Transporte,Servicios Aéreos Esenciales,False
Entre 2022 y 2026,DATE,regex,P0987-S02,P0987,126,IV. Balance sectorial > Sector Transporte > Transporte: el presupuesto que dejó de convertirse en infraestructura,Sector Transporte,Entre 2022 y 2026,False
$9 billones,MONEY,regex,P0987-S02,P0987,126,IV. Balance sectorial > Sector Transporte > Transporte: el presupuesto que dejó de convertirse en infraestructura,Sector Transporte,$9 billones,False
$20 billones,MONEY,regex,P0987-S02,P0987,126,IV. Balance sectorial > Sector Transporte > Transporte: el presupuesto que dejó de convertirse en infraestructura,Sector Transporte,$20 billones,False
ANI,ORG,spacy,P0987-S02,P0987,126,IV. Balance sectorial > Sector Transporte > Transporte: el presupuesto que dejó de convertirse en infraestructura,Sector Transporte,Agencia Nacional de Infraestructura,True
INVÍAS,ORG,spacy,P0987-S03,P0987,126,IV. Balance sectorial > Sector Transporte > Transporte: el presupuesto que dejó de convertirse en infraestructura,Sector Transporte,INVÍAS,True
Gobierno,GENERIC,spacy,P0988-S01,P0988,126,IV. Balance sectorial > Sector Transporte > Transporte: el presupuesto que dejó de convertirse en infraestructura,Sector Transporte,Gobierno,False
Guajira,GPE_LOC,spacy,P0988-S01,P0988,126,IV. Balance sectorial > Sector Transporte > Transporte: el presupuesto que dejó de convertirse en infraestructura,Sector Transporte,Guajira,False
Estado,GENERIC,spacy,P0989-S02,P0989,126,IV. Balance sectorial > Sector Transporte > Transporte: el presupuesto que dejó de convertirse en infraestructura,Sector Transporte,Estado,False
Elsa Margarita Noguera,PERSON,spacy,P0993-S01,P0993,126,IV. Balance sectorial > Sector Transporte > Transporte: el presupuesto que dejó de convertirse en infraestructura,Sector Transporte,Elsa Margarita Noguera,False
Colombia,GPE_LOC,spacy,P0994-S01,P0994,126,IV. Balance sectorial > Sector Transporte > Transporte: el presupuesto que dejó de convertirse en infraestructura,Sector Transporte,Colombia,False
Estado,GENERIC,spacy,P0997-S02,P0997,128,"IV. Balance sectorial > Sector Vivienda, Ciudad y Territorio > Viviendas con agua potable: la prioridad que no da espera","Sector Vivienda, Ciudad y Territorio",Estado,False
Hoy Colombia,GPE_LOC,spacy,P0999-S02,P0999,128,"IV. Balance sectorial > Sector Vivienda, Ciudad y Territorio > Viviendas con agua potable: la prioridad que no da espera","Sector Vivienda, Ciudad y Territorio",Hoy Colombia,False
Estado,GENERIC,spacy,P0999-S03,P0999,128,"IV. Balance sectorial > Sector Vivienda, Ciudad y Territorio > Viviendas con agua potable: la prioridad que no da espera","Sector Vivienda, Ciudad y Territorio",Estado,False
Casa Milagro,GPE_LOC,spacy,P0999-S04,P0999,128,"IV. Balance sectorial > Sector Vivienda, Ciudad y Territorio > Viviendas con agua potable: la prioridad que no da espera","Sector Vivienda, Ciudad y Territorio",Casa Milagro,False
"29,5 %",PERCENT,regex,P1000-S02,P1000,128,"IV. Balance sectorial > Sector Vivienda, Ciudad y Territorio > Viviendas con agua potable: la prioridad que no da espera","Sector Vivienda, Ciudad y Territorio","29,5 %",False
"52,6 %",PERCENT,regex,P1000-S02,P1000,128,"IV. Balance sectorial > Sector Vivienda, Ciudad y Territorio > Viviendas con agua potable: la prioridad que no da espera","Sector Vivienda, Ciudad y Territorio","52,6 %",False
"$1,438 billones de pesos",MONEY,regex,P1001-S01,P1001,128,"IV. Balance sectorial > Sector Vivienda, Ciudad y Territorio > Viviendas con agua potable: la prioridad que no da espera","Sector Vivienda, Ciudad y Territorio","$1,438 billones de pesos",False
"82,55 %",PERCENT,regex,P1001-S01,P1001,128,"IV. Balance sectorial > Sector Vivienda, Ciudad y Territorio > Viviendas con agua potable: la prioridad que no da espera","Sector Vivienda, Ciudad y Territorio","82,55 %",False
"15,11 %",PERCENT,regex,P1001-S01,P1001,128,"IV. Balance sectorial > Sector Vivienda, Ciudad y Territorio > Viviendas con agua potable: la prioridad que no da espera","Sector Vivienda, Ciudad y Territorio","15,11 %",False
Fonvivienda,GPE_LOC,spacy,P1001-S01,P1001,128,"IV. Balance sectorial > Sector Vivienda, Ciudad y Territorio > Viviendas con agua potable: la prioridad que no da espera","Sector Vivienda, Ciudad y Territorio",Fonvivienda,False
2026,DATE,regex,P1003-S01,P1003,128,"IV. Balance sectorial > Sector Vivienda, Ciudad y Territorio > Viviendas con agua potable: la prioridad que no da espera","Sector Vivienda, Ciudad y Territorio",2026,False
Resolución,GENERIC,spacy,P1003-S01,P1003,128,"IV. Balance sectorial > Sector Vivienda, Ciudad y Territorio > Viviendas con agua potable: la prioridad que no da espera","Sector Vivienda, Ciudad y Territorio",Resolución,False
Jaime Andrés Beltrán Martínez,PERSON,spacy,P1006-S01,P1006,128,"IV. Balance sectorial > Sector Vivienda, Ciudad y Territorio > Viviendas con agua potable: la prioridad que no da espera","Sector Vivienda, Ciudad y Territorio",Jaime Andrés Beltrán Martínez,False
2026,DATE,regex,P1007-S01,P1007,128,"IV. Balance sectorial > Sector Vivienda, Ciudad y Territorio > Viviendas con agua potable: la prioridad que no da espera","Sector Vivienda, Ciudad y Territorio",2026,False
Ministro de Vivienda,GPE_LOC,spacy,P1007-S01,P1007,128,"IV. Balance sectorial > Sector Vivienda, Ciudad y Territorio > Viviendas con agua potable: la prioridad que no da espera","Sector Vivienda, Ciudad y Territorio",Ministro de Vivienda,True
Ciudad,GENERIC,spacy,P1007-S01,P1007,128,"IV. Balance sectorial > Sector Vivienda, Ciudad y Territorio > Viviendas con agua potable: la prioridad que no da espera","Sector Vivienda, Ciudad y Territorio",Ciudad,False
Territorio,GENERIC,spacy,P1007-S01,P1007,128,"IV. Balance sectorial > Sector Vivienda, Ciudad y Territorio > Viviendas con agua potable: la prioridad que no da espera","Sector Vivienda, Ciudad y Territorio",Territorio,False
Resolución,GENERIC,spacy,P1007-S01,P1007,128,"IV. Balance sectorial > Sector Vivienda, Ciudad y Territorio > Viviendas con agua potable: la prioridad que no da espera","Sector Vivienda, Ciudad y Territorio",Resolución,False
Ministerio de Vivienda,GPE_LOC,spacy,P1008-S01,P1008,129,"IV. Balance sectorial > Sector Vivienda, Ciudad y Territorio > Viviendas con agua potable: la prioridad que no da espera","Sector Vivienda, Ciudad y Territorio",Ministerio de Vivienda,True
Mi Casa Ya,MISC,spacy,P1009-S02,P1009,129,"IV. Balance sectorial > Sector Vivienda, Ciudad y Territorio > Viviendas con agua potable: la prioridad que no da espera","Sector Vivienda, Ciudad y Territorio",Mi Casa Ya,False
Sistema General de Participaciones,GPE_LOC,spacy,P1009-S02,P1009,129,"IV. Balance sectorial > Sector Vivienda, Ciudad y Territorio > Viviendas con agua potable: la prioridad que no da espera","Sector Vivienda, Ciudad y Territorio",Sistema General de Participaciones,False
Estado,GENERIC,spacy,P1009-S03,P1009,129,"IV. Balance sectorial > Sector Vivienda, Ciudad y Territorio > Viviendas con agua potable: la prioridad que no da espera","Sector Vivienda, Ciudad y Territorio",Estado,False
Fonvivienda,GPE_LOC,spacy,P1011-S01,P1011,129,"IV. Balance sectorial > Sector Vivienda, Ciudad y Territorio > Viviendas con agua potable: la prioridad que no da espera","Sector Vivienda, Ciudad y Territorio",Fonvivienda,False
CRA,GPE_LOC,spacy,P1011-S01,P1011,129,"IV. Balance sectorial > Sector Vivienda, Ciudad y Territorio > Viviendas con agua potable: la prioridad que no da espera","Sector Vivienda, Ciudad y Territorio",CRA,False
Superintendencia de Servicios Públicos,ORG,spacy,P1011-S01,P1011,129,"IV. Balance sectorial > Sector Vivienda, Ciudad y Territorio > Viviendas con agua potable: la prioridad que no da espera","Sector Vivienda, Ciudad y Territorio",Superintendencia de Servicios Públicos,True
Casa Milagro,GPE_LOC,spacy,P1012-S01,P1012,129,"IV. Balance sectorial > Sector Vivienda, Ciudad y Territorio > Viviendas con agua potable: la prioridad que no da espera","Sector Vivienda, Ciudad y Territorio",Casa Milagro,False
Estado,GENERIC,spacy,P1013-S01,P1013,130,"IV. Balance sectorial > Sector Vivienda, Ciudad y Territorio > Viviendas con agua potable: la prioridad que no da espera","Sector Vivienda, Ciudad y Territorio",Estado,False
capítulos precedentes de este,MISC,spacy,P1022-S01,P1022,132,V. Principios de Gobierno de la Patria Milagro > Introducción del capítulo,Introducción del capítulo,capítulos precedentes de este,False
Libro,GENERIC,spacy,P1022-S01,P1022,132,V. Principios de Gobierno de la Patria Milagro > Introducción del capítulo,Introducción del capítulo,Libro,False
Estado colombiano,GPE_LOC,spacy,P1022-S01,P1022,132,V. Principios de Gobierno de la Patria Milagro > Introducción del capítulo,Introducción del capítulo,Estado colombiano,False
Gobierno de la Patria Milagro,GPE_LOC,spacy,P1023-S01,P1023,132,V. Principios de Gobierno de la Patria Milagro > Introducción del capítulo,Introducción del capítulo,Gobierno de la Patria Milagro,True
Gobierno,GENERIC,spacy,P1023-S02,P1023,132,V. Principios de Gobierno de la Patria Milagro > Introducción del capítulo,Introducción del capítulo,Gobierno,False
Ejecutivo,ORG,spacy,P1023-S02,P1023,132,V. Principios de Gobierno de la Patria Milagro > Introducción del capítulo,Introducción del capítulo,Ejecutivo,False
Abelardo de la Espriella,PERSON,spacy,P1025-S01,P1025,132,V. Principios de Gobierno de la Patria Milagro > De los valores presidenciales a los principios de gobierno,De los valores presidenciales a los principios de gobierno,Abelardo de la Espriella,False
Patria Milagro,MISC,spacy,P1025-S01,P1025,132,V. Principios de Gobierno de la Patria Milagro > De los valores presidenciales a los principios de gobierno,De los valores presidenciales a los principios de gobierno,Patria Milagro,False
Colombia,GPE_LOC,spacy,P1025-S02,P1025,132,V. Principios de Gobierno de la Patria Milagro > De los valores presidenciales a los principios de gobierno,De los valores presidenciales a los principios de gobierno,Colombia,False
Presidente,GENERIC,spacy,P1026-S01,P1026,132,V. Principios de Gobierno de la Patria Milagro > De los valores presidenciales a los principios de gobierno,De los valores presidenciales a los principios de gobierno,Presidente,False
Constitución,ORG,spacy,P1026-S01,P1026,132,V. Principios de Gobierno de la Patria Milagro > De los valores presidenciales a los principios de gobierno,De los valores presidenciales a los principios de gobierno,Constitución,False
Primero,PERSON,spacy,P1027-S01,P1027,132,V. Principios de Gobierno de la Patria Milagro > De los valores presidenciales a los principios de gobierno,De los valores presidenciales a los principios de gobierno,Primero,False
Patria; Extrema Coherencia,MISC,spacy,P1027-S01,P1027,132,V. Principios de Gobierno de la Patria Milagro > De los valores presidenciales a los principios de gobierno,De los valores presidenciales a los principios de gobierno,Patria; Extrema Coherencia,False
Verdad y transparencia,MISC,spacy,P1027-S01,P1027,132,V. Principios de Gobierno de la Patria Milagro > De los valores presidenciales a los principios de gobierno,De los valores presidenciales a los principios de gobierno,Verdad y transparencia,False
Dignidad,MISC,spacy,P1027-S01,P1027,132,V. Principios de Gobierno de la Patria Milagro > De los valores presidenciales a los principios de gobierno,De los valores presidenciales a los principios de gobierno,Dignidad,False
Bien común; Familia,MISC,spacy,P1027-S01,P1027,132,V. Principios de Gobierno de la Patria Milagro > De los valores presidenciales a los principios de gobierno,De los valores presidenciales a los principios de gobierno,Bien común; Familia,False
Libertad,GPE_LOC,spacy,P1027-S01,P1027,132,V. Principios de Gobierno de la Patria Milagro > De los valores presidenciales a los principios de gobierno,De los valores presidenciales a los principios de gobierno,Libertad,False
Autoridad,ORG,spacy,P1027-S01,P1027,132,V. Principios de Gobierno de la Patria Milagro > De los valores presidenciales a los principios de gobierno,De los valores presidenciales a los principios de gobierno,Autoridad,False
Servicio,MISC,spacy,P1027-S01,P1027,132,V. Principios de Gobierno de la Patria Milagro > De los valores presidenciales a los principios de gobierno,De los valores presidenciales a los principios de gobierno,Servicio,False
Patria Milagro,MISC,spacy,P1031-S01,P1031,133,V. Principios de Gobierno de la Patria Milagro > Los principios rectores frente a los comportamientos críticos,Los principios rectores frente a los comportamientos críticos,Patria Milagro,False
Libertad,GPE_LOC,spacy,P1032-S01,P1032,133,V. Principios de Gobierno de la Patria Milagro > Los principios rectores frente a los comportamientos críticos,Los principios rectores frente a los comportamientos críticos,Libertad,False
Gobierno de la Patria Milagro,GPE_LOC,spacy,P1033-S02,P1033,133,V. Principios de Gobierno de la Patria Milagro > Los principios rectores frente a los comportamientos críticos,Los principios rectores frente a los comportamientos críticos,Gobierno de la Patria Milagro,True
Gobierno de la Patria Milagro,GPE_LOC,spacy,P1035-S02,P1035,133,V. Principios de Gobierno de la Patria Milagro > Los principios rectores frente a los comportamientos críticos,Los principios rectores frente a los comportamientos críticos,Gobierno de la Patria Milagro,True
Autoridad,ORG,spacy,P1038-S01,P1038,133,V. Principios de Gobierno de la Patria Milagro > Los principios rectores frente a los comportamientos críticos,Los principios rectores frente a los comportamientos críticos,Autoridad,False
Gobierno de la Patria Milagro,GPE_LOC,spacy,P1039-S01,P1039,133,V. Principios de Gobierno de la Patria Milagro > Los principios rectores frente a los comportamientos críticos,Los principios rectores frente a los comportamientos críticos,Gobierno de la Patria Milagro,True
Gobierno de la Patria Milagro,GPE_LOC,spacy,P1041-S01,P1041,133,V. Principios de Gobierno de la Patria Milagro > Los principios rectores frente a los comportamientos críticos,Los principios rectores frente a los comportamientos críticos,Gobierno de la Patria Milagro,True
Familia,GPE_LOC,spacy,P1042-S01,P1042,134,V. Principios de Gobierno de la Patria Milagro > Los principios rectores frente a los comportamientos críticos,Los principios rectores frente a los comportamientos críticos,Familia,False
Estado,GENERIC,spacy,P1044-S01,P1044,134,V. Principios de Gobierno de la Patria Milagro > Los principios rectores frente a los comportamientos críticos,Los principios rectores frente a los comportamientos críticos,Estado,False
Gobierno,GENERIC,spacy,P1045-S01,P1045,134,V. Principios de Gobierno de la Patria Milagro > Los principios rectores frente a los comportamientos críticos,Los principios rectores frente a los comportamientos críticos,Gobierno,False
Patria,GENERIC,spacy,P1046-S01,P1046,134,V. Principios de Gobierno de la Patria Milagro > Los principios rectores frente a los comportamientos críticos,Los principios rectores frente a los comportamientos críticos,Patria,False
Nación,GENERIC,spacy,P1047-S01,P1047,134,V. Principios de Gobierno de la Patria Milagro > Los principios rectores frente a los comportamientos críticos,Los principios rectores frente a los comportamientos críticos,Nación,False
Gobierno de la Patria Milagro,GPE_LOC,spacy,P1047-S02,P1047,134,V. Principios de Gobierno de la Patria Milagro > Los principios rectores frente a los comportamientos críticos,Los principios rectores frente a los comportamientos críticos,Gobierno de la Patria Milagro,True
Estado,GENERIC,spacy,P1050-S05,P1050,134,V. Principios de Gobierno de la Patria Milagro > Síntesis: un gobierno que corrige desde sus principios,Síntesis: un gobierno que corrige desde sus principios,Estado,False
Estado,GENERIC,spacy,P1051-S03,P1051,134,V. Principios de Gobierno de la Patria Milagro > Síntesis: un gobierno que corrige desde sus principios,Síntesis: un gobierno que corrige desde sus principios,Estado,False
Patria,GENERIC,spacy,P1051-S05,P1051,134,V. Principios de Gobierno de la Patria Milagro > Síntesis: un gobierno que corrige desde sus principios,Síntesis: un gobierno que corrige desde sus principios,Patria,False
Gobierno de la Patria Milagro,GPE_LOC,spacy,P1052-S01,P1052,134,V. Principios de Gobierno de la Patria Milagro > Síntesis: un gobierno que corrige desde sus principios,Síntesis: un gobierno que corrige desde sus principios,Gobierno de la Patria Milagro,True
Estado,GENERIC,spacy,P1052-S01,P1052,134,V. Principios de Gobierno de la Patria Milagro > Síntesis: un gobierno que corrige desde sus principios,Síntesis: un gobierno que corrige desde sus principios,Estado,False
Libro,GENERIC,spacy,P1052-S01,P1052,134,V. Principios de Gobierno de la Patria Milagro > Síntesis: un gobierno que corrige desde sus principios,Síntesis: un gobierno que corrige desde sus principios,Libro,False
VICEPRESIDENTE DE LA REPÚBLICA,MISC,spacy,P1054-S01,P1054,135,V. Principios de Gobierno de la Patria Milagro > Firmas,Firmas,VICEPRESIDENTE DE LA REPÚBLICA,False
COLOMBIA,GPE_LOC,spacy,P1054-S02,P1054,135,V. Principios de Gobierno de la Patria Milagro > Firmas,Firmas,COLOMBIA,False
PRESIDENTE DE LA,MISC,spacy,P1056-S01,P1056,135,V. Principios de Gobierno de la Patria Milagro > Firmas,Firmas,PRESIDENTE DE LA,False
