sentence_id,page,chapter,level2,n_words,certainty_n,certainty_terms,hedging_n,hedging_terms,attribution_n,attribution_terms,adversarial_n,adversarial_terms,causal_core_n,causal_core_terms,causal_extended_n,causal_extended_terms,positive_n,positive_terms,negative_n,negative_terms,frame_crisis_n,frame_riesgo_n,frame_fracaso_n,frame_corrupcion_n,frame_exito_n,frame_crecimiento_n,frame_seguridad_n,frame_restauracion_n,modal_n,first_person_plural_n
P0005-S01,3,0. Preliminares,Contenido,4,0,,0,,0,,0,,0,,0,,0,,0,,0,0,0,0,0,0,0,0,0,0
P0007-S01,3,0. Preliminares,Contenido,9,0,,0,,0,,0,,0,,0,,0,,0,,0,0,0,0,0,0,0,0,0,0
P0009-S01,3,0. Preliminares,Contenido,7,0,,0,,0,,0,,0,,0,,1,rigor,0,,0,0,0,0,0,0,0,0,0,0
P0012-S01,3,0. Preliminares,Contenido,3,0,,0,,0,,0,,0,,0,,0,,0,,0,0,0,0,0,0,0,0,0,0
P0015-S01,3,0. Preliminares,Contenido,13,0,,0,,0,,0,,0,,0,,0,,0,,0,0,0,0,0,0,0,1,0,0
P0018-S01,5,0. Preliminares,Carta de Presentación A los colombianos:,4,0,,0,,0,,0,,0,,0,,0,,0,,0,0,0,0,0,0,0,0,0,0
P0019-S01,5,0. Preliminares,Carta de Presentación A los colombianos:,12,0,,0,,0,,0,,0,,0,,0,,0,,0,0,0,0,0,0,0,0,0,0
P0019-S02,5,0. Preliminares,Carta de Presentación A los colombianos:,37,0,,0,,0,,0,,0,,0,,1,confianza,0,,0,0,0,0,0,0,0,0,1,0
P0020-S01,5,0. Preliminares,Carta de Presentación A los colombianos:,28,0,,0,,0,,0,,0,,0,,0,,0,,0,0,0,0,0,0,0,0,0,0
P0021-S01,5,0. Preliminares,Carta de Presentación A los colombianos:,18,0,,0,,0,,0,,0,,0,,0,,0,,0,0,0,0,0,0,0,0,0,0
P0021-S02,5,0. Preliminares,Carta de Presentación A los colombianos:,19,0,,0,,0,,0,,0,,0,,0,,0,,0,0,0,0,0,0,0,0,0,0
P0022-S01,5,0. Preliminares,Carta de Presentación A los colombianos:,13,0,,0,,0,,0,,0,,0,,0,,0,,0,0,0,0,0,0,0,0,0,0
P0022-S02,5,0. Preliminares,Carta de Presentación A los colombianos:,37,0,,0,,0,,0,,0,,0,,0,,0,,0,0,0,0,0,0,0,0,1,0
P0023-S01,5,0. Preliminares,Carta de Presentación A los colombianos:,10,0,,0,,0,,0,,0,,0,,0,,1,corrupción,0,0,0,1,0,0,0,0,0,0
P0023-S02,5,0. Preliminares,Carta de Presentación A los colombianos:,25,0,,0,,0,,0,,0,,0,,0,,0,,0,0,0,0,0,0,0,0,0,0
P0023-S03,5,0. Preliminares,Carta de Presentación A los colombianos:,28,0,,0,,0,,0,,0,,0,,1,confianza,0,,0,0,0,0,0,0,0,0,0,0
P0024-S01,5,0. Preliminares,Carta de Presentación A los colombianos:,6,0,,0,,0,,0,,0,,0,,0,,0,,0,0,0,0,0,0,0,0,0,0
P0025-S01,5,0. Preliminares,Carta de Presentación A los colombianos:,52,1,rigurosamente,0,,0,,0,,0,,0,,0,,1,corrupción,0,0,0,1,0,0,0,0,1,0
P0025-S02,5,0. Preliminares,Carta de Presentación A los colombianos:,20,0,,0,,0,,0,,0,,0,,1,transparencia,0,,0,0,0,0,0,0,0,0,0,0
P0026-S01,5,0. Preliminares,Carta de Presentación A los colombianos:,8,0,,0,,0,,0,,0,,0,,0,,0,,0,0,0,0,0,0,0,0,0,0
P0027-S01,5,0. Preliminares,Carta de Presentación A los colombianos:,9,0,,0,,0,,0,,0,,0,,0,,0,,0,0,0,0,0,0,0,0,0,0
P0027-S02,5,0. Preliminares,Carta de Presentación A los colombianos:,31,0,,0,,0,,3,oculto; complicidad; negligencia,0,,0,,0,,1,negligencia,0,0,0,0,0,0,0,0,0,0
P0028-S01,5,0. Preliminares,Carta de Presentación A los colombianos:,30,0,,0,,0,,0,,0,,0,,0,,0,,0,0,0,0,0,0,0,0,0,0
P0028-S02,5,0. Preliminares,Carta de Presentación A los colombianos:,4,0,,0,,0,,0,,0,,0,,0,,0,,0,0,0,0,0,0,0,0,0,0
P0029-S01,5,0. Preliminares,Carta de Presentación A los colombianos:,28,0,,0,,1,registró,3,desgreño; altanera; régimen anterior,0,,0,,0,,2,desgreño; corrupción,0,0,0,1,0,0,0,0,0,0
P0029-S02,5,0. Preliminares,Carta de Presentación A los colombianos:,24,0,,0,,0,,0,,0,,0,,0,,0,,0,0,0,0,0,0,0,0,0,0
P0032-S01,6,0. Preliminares,PRESENTACIÓN DEL LIBRO DE LA VERDAD,72,2,sin precedentes; verificable,0,,0,,1,recibimos,1,resultado de,0,,0,,0,,0,0,0,0,0,0,0,0,0,1
P0033-S01,6,0. Preliminares,PRESENTACIÓN DEL LIBRO DE LA VERDAD,65,1,verificable,0,,0,,3,obstáculos; gobierno saliente; heredamos,0,,0,,0,,0,,0,0,0,0,0,0,0,0,0,3
P0034-S01,6,0. Preliminares,PRESENTACIÓN DEL LIBRO DE LA VERDAD,15,0,,0,,0,,0,,0,,0,,0,,0,,0,0,0,0,0,0,0,0,0,1
P0034-S02,6,0. Preliminares,PRESENTACIÓN DEL LIBRO DE LA VERDAD,23,1,verificable,0,,0,,0,,0,,0,,0,,0,,0,0,0,0,0,0,0,0,0,0
P0034-S03,6,0. Preliminares,PRESENTACIÓN DEL LIBRO DE LA VERDAD,28,0,,0,,0,,1,maquillaje,0,,0,,2,transparencia; honesto,0,,0,0,0,0,0,0,0,0,0,0
P0034-S04,6,0. Preliminares,PRESENTACIÓN DEL LIBRO DE LA VERDAD,25,0,,0,,0,,0,,0,,0,,1,legítima,0,,0,0,0,0,0,0,0,0,0,0
P0034-S05,6,0. Preliminares,PRESENTACIÓN DEL LIBRO DE LA VERDAD,25,0,,0,,0,,0,,0,,0,,1,servicio,0,,0,0,0,0,0,0,0,1,0,0
P0035-S01,6,0. Preliminares,PRESENTACIÓN DEL LIBRO DE LA VERDAD,16,0,,0,,0,,0,,0,,0,,0,,0,,0,0,0,0,0,0,0,0,0,0
P0036-S01,6,0. Preliminares,PRESENTACIÓN DEL LIBRO DE LA VERDAD,20,0,,0,,0,,0,,0,,0,,0,,0,,0,0,0,0,0,0,0,0,0,0
P0036-S02,6,0. Preliminares,PRESENTACIÓN DEL LIBRO DE LA VERDAD,31,0,,0,,0,,0,,0,,0,,1,rigor,1,riesgo,0,1,0,0,0,0,0,0,0,0
P0036-S03,6,0. Preliminares,PRESENTACIÓN DEL LIBRO DE LA VERDAD,28,0,,0,,0,,0,,0,,0,,0,,1,corrupción,0,0,0,1,0,0,0,0,0,0
P0036-S04,6,0. Preliminares,PRESENTACIÓN DEL LIBRO DE LA VERDAD,33,0,,0,,0,,0,,0,,0,,0,,0,,0,0,0,0,0,0,0,0,0,0
P0036-S05,6,0. Preliminares,PRESENTACIÓN DEL LIBRO DE LA VERDAD,22,0,,0,,0,,0,,0,,0,,0,,0,,0,0,0,0,0,0,0,1,0,0
P0037-S01,7,0. Preliminares,PRESENTACIÓN DEL LIBRO DE LA VERDAD,34,0,,0,,0,,0,,0,,0,,1,rigor,0,,0,0,0,0,0,0,0,0,1,1
P0037-S02,7,0. Preliminares,PRESENTACIÓN DEL LIBRO DE LA VERDAD,48,0,,0,,1,evidencia,0,,0,,0,,0,,1,corrupción,0,0,0,1,0,0,0,0,1,4
P0038-S01,7,0. Preliminares,PRESENTACIÓN DEL LIBRO DE LA VERDAD,16,0,,1,posible,0,,0,,0,,0,,0,,0,,0,0,0,0,0,0,0,0,0,0
P0039-S01,7,0. Preliminares,PRESENTACIÓN DEL LIBRO DE LA VERDAD,38,0,,0,,0,,0,,0,,0,,1,calidad,0,,0,0,0,0,0,0,0,0,1,0
P0039-S02,7,0. Preliminares,PRESENTACIÓN DEL LIBRO DE LA VERDAD,10,0,,0,,0,,0,,0,,0,,1,rigor,0,,0,0,0,0,0,0,0,0,0,0
P0039-S03,7,0. Preliminares,PRESENTACIÓN DEL LIBRO DE LA VERDAD,30,1,verificable,0,,0,,0,,0,,0,,0,,0,,0,0,0,0,0,0,0,0,0,0
P0040-S01,7,0. Preliminares,PRESENTACIÓN DEL LIBRO DE LA VERDAD,26,0,,1,posible,0,,0,,0,,0,,1,honestidad,0,,0,0,0,0,0,0,0,1,0,0
P0040-S02,7,0. Preliminares,PRESENTACIÓN DEL LIBRO DE LA VERDAD,25,0,,0,,0,,0,,0,,0,,0,,0,,0,0,0,0,0,0,0,1,0,1
P0040-S03,7,0. Preliminares,PRESENTACIÓN DEL LIBRO DE LA VERDAD,46,0,,0,,0,,0,,0,,0,,0,,0,,0,0,0,0,0,0,0,1,0,4
P0041-S01,7,0. Preliminares,PRESENTACIÓN DEL LIBRO DE LA VERDAD,4,0,,0,,0,,0,,0,,0,,0,,0,,0,0,0,0,0,0,0,0,0,0
P0042-S01,7,0. Preliminares,PRESENTACIÓN DEL LIBRO DE LA VERDAD,9,0,,0,,0,,0,,0,,0,,0,,0,,0,0,0,0,0,0,0,0,0,0
P0047-S01,8,I. Proceso metodológico del empalme,Portadilla del capítulo,40,0,,0,,0,,0,,0,,0,,0,,0,,0,0,0,0,0,0,0,0,0,0
P0047-S02,8,I. Proceso metodológico del empalme,Portadilla del capítulo,19,0,,0,,0,,0,,0,,0,,1,transparencia,0,,0,0,0,0,0,0,0,0,0,0
P0047-S03,8,I. Proceso metodológico del empalme,Portadilla del capítulo,18,0,,0,,0,,0,,0,,0,,0,,0,,0,0,0,0,0,0,0,0,2,0
P0049-S01,9,I. Proceso metodológico del empalme,Introducción del capítulo,21,0,,0,,0,,0,,0,,0,,0,,0,,0,0,0,0,0,0,0,0,0,0
P0049-S02,9,I. Proceso metodológico del empalme,Introducción del capítulo,0,0,,0,,0,,0,,0,,0,,0,,0,,0,0,0,0,0,0,0,0,0,0
P0050-S01,9,I. Proceso metodológico del empalme,Introducción del capítulo,15,0,,0,,0,,0,,0,,0,,0,,0,,0,0,0,0,0,0,0,0,1,0
P0050-S02,9,I. Proceso metodológico del empalme,Introducción del capítulo,25,0,,0,,0,,0,,0,,0,,0,,0,,0,0,0,0,0,0,0,1,0,0
P0050-S03,9,I. Proceso metodológico del empalme,Introducción del capítulo,58,0,,0,,0,,0,,0,,0,,0,,1,corrupción,0,0,0,1,0,0,0,0,0,0
P0050-S04,9,I. Proceso metodológico del empalme,Introducción del capítulo,40,0,,1,posible,0,,0,,0,,0,,1,rigor,0,,0,0,0,0,0,0,0,0,0,0
P0052-S01,9,I. Proceso metodológico del empalme,Gente: La voluntad ciudadana que sostuvo el empalme,15,0,,0,,0,,0,,0,,0,,0,,0,,0,0,0,0,0,0,0,0,0,0
P0052-S02,9,I. Proceso metodológico del empalme,Gente: La voluntad ciudadana que sostuvo el empalme,21,0,,0,,0,,0,,0,,0,,0,,0,,0,0,0,0,0,0,0,0,0,0
P0053-S01,9,I. Proceso metodológico del empalme,Gente: La voluntad ciudadana que sostuvo el empalme,62,0,,0,,0,,0,,0,,0,,0,,0,,0,0,0,0,0,0,0,0,0,0
P0053-S02,9,I. Proceso metodológico del empalme,Gente: La voluntad ciudadana que sostuvo el empalme,44,0,,0,,0,,0,,0,,0,,0,,0,,0,0,0,0,0,0,0,0,0,0
P0053-S03,9,I. Proceso metodológico del empalme,Gente: La voluntad ciudadana que sostuvo el empalme,40,0,,0,,0,,0,,0,,0,,0,,0,,0,0,0,0,0,0,0,0,0,0
P0054-S01,9,I. Proceso metodológico del empalme,Gente: La voluntad ciudadana que sostuvo el empalme,7,0,,0,,0,,0,,0,,0,,0,,0,,0,0,0,0,0,0,0,0,0,0
P0054-S02,9,I. Proceso metodológico del empalme,Gente: La voluntad ciudadana que sostuvo el empalme,12,0,,0,,0,,0,,0,,0,,0,,0,,0,0,0,0,0,0,0,0,0,0
P0055-S01,9,I. Proceso metodológico del empalme,Gente: La voluntad ciudadana que sostuvo el empalme,21,0,,0,,0,,0,,0,,0,,0,,0,,0,0,0,0,0,0,0,0,0,0
P0056-S01,10,I. Proceso metodológico del empalme,Gente: La voluntad ciudadana que sostuvo el empalme,26,0,,0,,0,,0,,0,,0,,0,,0,,0,0,0,0,0,0,0,0,0,0
P0057-S01,10,I. Proceso metodológico del empalme,Gente: La voluntad ciudadana que sostuvo el empalme,15,0,,0,,0,,0,,0,,0,,0,,0,,0,0,0,0,0,0,0,0,0,0
P0058-S01,10,I. Proceso metodológico del empalme,Gente: La voluntad ciudadana que sostuvo el empalme,25,0,,0,,0,,0,,0,,0,,0,,0,,0,0,0,0,0,0,0,0,0,0
P0059-S01,10,I. Proceso metodológico del empalme,Gente: La voluntad ciudadana que sostuvo el empalme,8,0,,0,,0,,0,,0,,0,,0,,0,,0,0,0,0,0,0,0,0,0,0
P0060-S01,10,I. Proceso metodológico del empalme,Gente: La voluntad ciudadana que sostuvo el empalme,7,0,,0,,0,,0,,0,,0,,0,,1,riesgo,0,1,0,0,0,0,0,0,0,0
P0060-S02,10,I. Proceso metodológico del empalme,Gente: La voluntad ciudadana que sostuvo el empalme,0,0,,0,,0,,0,,0,,0,,0,,0,,0,0,0,0,0,0,0,0,0,0
P0060-S03,10,I. Proceso metodológico del empalme,Gente: La voluntad ciudadana que sostuvo el empalme,21,0,,0,,0,,0,,0,,0,,0,,0,,0,0,0,0,0,0,0,0,0,0
P0061-S01,10,I. Proceso metodológico del empalme,Gente: La voluntad ciudadana que sostuvo el empalme,29,0,,1,indicios,0,,1,sabotaje,0,,0,,0,,4,sabotaje; corrupción; destrucción; irregulares,0,0,0,3,0,0,0,0,0,0
P0062-S01,10,I. Proceso metodológico del empalme,Gente: La voluntad ciudadana que sostuvo el empalme,61,0,,0,,0,,0,,0,,1,responsables de,0,,2,riesgos; corrupción,0,1,0,1,0,0,0,0,0,0
P0063-S01,10,I. Proceso metodológico del empalme,Gente: La voluntad ciudadana que sostuvo el empalme,50,0,,0,,0,,0,,0,,0,,0,,0,,0,0,0,0,0,0,0,0,0,0
P0065-S01,10,I. Proceso metodológico del empalme,Tecnología: La inteligencia artificial como garantía de escala y rigor,24,0,,0,,0,,0,,0,,0,,0,,0,,0,0,0,0,0,0,0,0,1,0
P0065-S02,10,I. Proceso metodológico del empalme,Tecnología: La inteligencia artificial como garantía de escala y rigor,34,0,,0,,0,,0,,0,,0,,0,,0,,0,0,0,0,0,0,0,0,0,0
P0066-S01,10,I. Proceso metodológico del empalme,Tecnología: La inteligencia artificial como garantía de escala y rigor,7,0,,0,,0,,0,,0,,0,,0,,0,,0,0,0,0,0,0,0,0,0,0
P0066-S02,10,I. Proceso metodológico del empalme,Tecnología: La inteligencia artificial como garantía de escala y rigor,39,0,,0,,0,,0,,0,,0,,0,,0,,0,0,0,0,0,0,0,0,0,0
P0066-S03,10,I. Proceso metodológico del empalme,Tecnología: La inteligencia artificial como garantía de escala y rigor,47,0,,0,,0,,0,,0,,0,,0,,0,,0,0,0,0,0,0,0,0,0,0
P0067-S01,11,I. Proceso metodológico del empalme,Tecnología: La inteligencia artificial como garantía de escala y rigor,48,0,,0,,0,,0,,0,,0,,0,,0,,0,0,0,0,0,0,0,0,0,0
P0067-S02,11,I. Proceso metodológico del empalme,Tecnología: La inteligencia artificial como garantía de escala y rigor,29,0,,0,,0,,0,,0,,0,,0,,0,,0,0,0,0,0,0,0,0,0,0
P0067-S03,11,I. Proceso metodológico del empalme,Tecnología: La inteligencia artificial como garantía de escala y rigor,30,0,,0,,0,,0,,0,,0,,0,,0,,0,0,0,0,0,0,0,0,0,0
P0069-S01,11,I. Proceso metodológico del empalme,Proceso: La arquitectura metodológica,10,0,,0,,0,,0,,0,,0,,0,,0,,0,0,0,0,0,0,0,0,0,0
P0069-S02,11,I. Proceso metodológico del empalme,Proceso: La arquitectura metodológica,86,0,,0,,0,,0,,0,,0,,0,,0,,0,0,0,0,0,0,0,0,1,0
P0070-S01,11,I. Proceso metodológico del empalme,Proceso: La arquitectura metodológica,49,0,,0,,0,,0,,0,,0,,0,,0,,0,0,0,0,0,0,0,0,0,0
P0070-S02,11,I. Proceso metodológico del empalme,Proceso: La arquitectura metodológica,15,0,,0,,0,,0,,0,,0,,0,,0,,0,0,0,0,0,0,0,0,0,0
P0071-S01,11,I. Proceso metodológico del empalme,Proceso: La arquitectura metodológica,52,0,,0,,0,,0,,0,,1,produjeron,0,,0,,0,0,0,0,0,0,0,0,0,0
P0072-S01,11,I. Proceso metodológico del empalme,Proceso: La arquitectura metodológica,33,0,,0,,0,,0,,0,,0,,0,,0,,0,0,0,0,0,0,0,0,0,0
P0072-S02,12,I. Proceso metodológico del empalme,Proceso: La arquitectura metodológica,0,0,,0,,0,,0,,0,,0,,0,,0,,0,0,0,0,0,0,0,0,0,0
P0073-S01,12,I. Proceso metodológico del empalme,Proceso: La arquitectura metodológica,86,0,,0,,0,,1,gobierno saliente,0,,0,,0,,0,,0,0,0,0,0,0,0,0,0,0
P0073-S02,12,I. Proceso metodológico del empalme,Proceso: La arquitectura metodológica,51,0,,1,posible,0,,0,,1,gracias a,0,,0,,1,nocivos,0,0,0,0,0,0,0,0,0,0
P0075-S01,12,I. Proceso metodológico del empalme,Notas aclaratorias: Los límites que le dan credibilidad al ejercicio,25,0,,0,,0,,1,gobierno saliente,0,,0,,0,,0,,0,0,0,0,0,0,0,0,0,0
P0075-S02,12,I. Proceso metodológico del empalme,Notas aclaratorias: Los límites que le dan credibilidad al ejercicio,0,0,,0,,0,,0,,0,,0,,0,,0,,0,0,0,0,0,0,0,0,0,0
P0076-S01,12,I. Proceso metodológico del empalme,Notas aclaratorias: Los límites que le dan credibilidad al ejercicio,26,0,,0,,0,,0,,0,,0,,0,,0,,0,0,0,0,0,0,0,0,0,0
P0077-S01,12,I. Proceso metodológico del empalme,Notas aclaratorias: Los límites que le dan credibilidad al ejercicio,20,0,,0,,0,,0,,0,,0,,0,,0,,0,0,0,0,0,0,0,0,0,0
P0078-S01,12,I. Proceso metodológico del empalme,Notas aclaratorias: Los límites que le dan credibilidad al ejercicio,25,0,,0,,0,,0,,0,,0,,0,,0,,0,0,0,0,0,0,0,0,0,0
P0079-S01,12,I. Proceso metodológico del empalme,Notas aclaratorias: Los límites que le dan credibilidad al ejercicio,30,0,,0,,0,,0,,0,,0,,0,,0,,0,0,0,0,0,0,1,0,1,0
P0080-S01,12,I. Proceso metodológico del empalme,Notas aclaratorias: Los límites que le dan credibilidad al ejercicio,44,1,verificable,0,,0,,0,,0,,0,,0,,0,,0,0,0,0,0,0,0,0,0,0
P0086-S01,14,II. Comportamientos críticos nocivos para el Estado,Introducción del capítulo,44,0,,1,habrían,0,,0,,0,,0,,0,,1,riesgo,0,1,0,1,0,0,0,0,0,0
P0087-S01,14,II. Comportamientos críticos nocivos para el Estado,Introducción del capítulo,24,0,,0,,0,,0,,0,,0,,0,,0,,0,0,0,0,0,0,0,0,0,0
P0087-S02,14,II. Comportamientos críticos nocivos para el Estado,Introducción del capítulo,32,0,,0,,0,,0,,0,,0,,0,,0,,0,0,0,0,0,0,0,0,0,0
P0087-S03,14,II. Comportamientos críticos nocivos para el Estado,Introducción del capítulo,18,0,,1,habrían,0,,0,,0,,0,,0,,0,,0,0,0,1,0,0,0,0,0,0
P0088-S01,14,II. Comportamientos críticos nocivos para el Estado,Introducción del capítulo,28,0,,0,,0,,0,,0,,0,,0,,2,discrecionalidad; corrupción,0,0,0,1,0,0,0,0,0,0
P0088-S02,14,II. Comportamientos críticos nocivos para el Estado,Introducción del capítulo,14,0,,0,,0,,0,,0,,0,,0,,0,,0,0,0,0,0,0,0,0,0,0
P0088-S03,14,II. Comportamientos críticos nocivos para el Estado,Introducción del capítulo,29,0,,0,,0,,0,,0,,0,,0,,0,,0,0,0,0,0,0,0,0,0,0
P0088-S04,14,II. Comportamientos críticos nocivos para el Estado,Introducción del capítulo,6,0,,0,,0,,0,,0,,0,,0,,0,,0,0,0,0,0,0,0,0,0,0
P0089-S01,14,II. Comportamientos críticos nocivos para el Estado,Figura 1. Nueve actuaciones que han puesto en riesgo la estabilidad de la función pública,1,0,,0,,0,,0,,0,,0,,0,,0,,0,0,0,0,0,0,0,0,0,0
P0089-S02,14,II. Comportamientos críticos nocivos para el Estado,Figura 1. Nueve actuaciones que han puesto en riesgo la estabilidad de la función pública,13,0,,0,,0,,0,,0,,0,,0,,1,riesgo,0,1,0,0,0,0,0,0,0,0
P0092-S01,15,II. Comportamientos críticos nocivos para el Estado,9 comportamientos críticos,7,0,,0,,0,,0,,0,,0,,0,,0,,0,0,0,0,0,0,0,0,0,0
P0092-S02,15,II. Comportamientos críticos nocivos para el Estado,9 comportamientos críticos,64,0,,0,,0,,0,,0,,0,,0,,2,corrupción; discrecionalidad,0,0,0,1,0,0,0,0,0,0
P0112-S01,16,II. Comportamientos críticos nocivos para el Estado,Definición del comportamiento 01: Destrucción del rigor técnico,32,0,,0,,0,,0,,0,,0,,0,,1,pérdida,0,0,1,0,0,0,0,0,0,0
P0114-S01,16,II. Comportamientos críticos nocivos para el Estado,Definición del comportamiento 01: Destrucción del rigor técnico,13,0,,0,,0,,0,,0,,0,,0,,0,,0,0,0,0,0,0,0,0,0,0
P0114-S02,16,II. Comportamientos críticos nocivos para el Estado,Definición del comportamiento 01: Destrucción del rigor técnico,25,0,,0,,0,,0,,0,,0,,0,,0,,0,0,0,0,0,0,0,0,0,0
P0116-S01,16,II. Comportamientos críticos nocivos para el Estado,Definición del comportamiento 01: Destrucción del rigor técnico,14,0,,0,,0,,0,,0,,0,,0,,0,,0,0,0,0,0,0,0,0,0,0
P0120-S01,17,II. Comportamientos críticos nocivos para el Estado,Definición del comportamiento 02: Colapso de la capacidad tecnológica,26,0,,0,,0,,0,,0,,0,,0,,0,,0,0,0,0,0,0,0,0,0,0
P0122-S01,17,II. Comportamientos críticos nocivos para el Estado,Definición del comportamiento 02: Colapso de la capacidad tecnológica,1,0,,0,,0,,0,,0,,0,,0,,1,discrecionalidad,0,0,0,0,0,0,0,0,0,0
P0122-S02,17,II. Comportamientos críticos nocivos para el Estado,Definición del comportamiento 02: Colapso de la capacidad tecnológica,38,0,,0,,0,,0,,0,,0,,0,,1,fallas,0,0,1,0,0,0,0,0,0,0
P0122-S03,17,II. Comportamientos críticos nocivos para el Estado,Definición del comportamiento 02: Colapso de la capacidad tecnológica,0,0,,0,,0,,0,,0,,0,,0,,0,,0,0,0,0,0,0,0,0,0,0
P0122-S04,17,II. Comportamientos críticos nocivos para el Estado,Definición del comportamiento 02: Colapso de la capacidad tecnológica,24,0,,0,,0,,0,,0,,0,,0,,0,,0,0,0,0,0,0,0,0,0,0
P0124-S01,17,II. Comportamientos críticos nocivos para el Estado,Definición del comportamiento 02: Colapso de la capacidad tecnológica,27,0,,0,,0,,0,,0,,0,,0,,1,fallas,0,0,1,0,0,0,0,0,1,0
P0128-S01,18,II. Comportamientos críticos nocivos para el Estado,Definición del comportamiento 03: Opacidad y distorsión de la información pública,38,0,,0,,0,,0,,0,,0,,0,,0,,0,0,0,0,0,0,0,0,0,0
P0130-S01,18,II. Comportamientos críticos nocivos para el Estado,Definición del comportamiento 03: Opacidad y distorsión de la información pública,11,0,,0,,0,,0,,0,,0,,0,,0,,0,0,0,0,0,0,0,0,0,0
P0130-S02,18,II. Comportamientos críticos nocivos para el Estado,Definición del comportamiento 03: Opacidad y distorsión de la información pública,33,0,,0,,0,,0,,0,,0,,0,,0,,0,0,0,0,0,0,0,0,0,0
P0132-S01,18,II. Comportamientos críticos nocivos para el Estado,Definición del comportamiento 03: Opacidad y distorsión de la información pública,26,0,,0,,0,,0,,0,,0,,0,,0,,0,0,0,0,0,0,0,0,0,0
P0136-S01,19,II. Comportamientos críticos nocivos para el Estado,Definición del comportamiento 04: Parálisis operativa,42,0,,0,,0,,0,,1,como consecuencia de,0,,0,,0,,0,0,0,0,0,0,0,0,0,0
P0138-S01,19,II. Comportamientos críticos nocivos para el Estado,Definición del comportamiento 04: Parálisis operativa,28,0,,0,,0,,0,,0,,0,,0,,1,ineficiencia,0,0,2,0,0,0,0,0,0,0
P0140-S01,19,II. Comportamientos críticos nocivos para el Estado,Definición del comportamiento 04: Parálisis operativa,25,0,,0,,0,,0,,0,,0,,0,,0,,0,0,0,0,0,0,0,0,0,0
P0144-S01,20,II. Comportamientos críticos nocivos para el Estado,Definición del comportamiento 05: Captura contractual y concentración del poder operativo,14,0,,0,,0,,0,,0,,0,,0,,0,,0,0,0,0,0,0,0,0,0,0
P0146-S01,20,II. Comportamientos críticos nocivos para el Estado,Definición del comportamiento 05: Captura contractual y concentración del poder operativo,51,0,,0,,0,,1,captura,0,,0,,1,calidad,1,captura,0,0,0,0,0,0,0,0,0,0
P0148-S01,20,II. Comportamientos críticos nocivos para el Estado,Definición del comportamiento 05: Captura contractual y concentración del poder operativo,17,0,,0,,0,,0,,0,,0,,1,calidad,0,,0,0,0,0,0,0,0,0,0,0
P0152-S01,21,II. Comportamientos críticos nocivos para el Estado,Definición del comportamiento 06: Expansión del riesgo litigioso,33,0,,0,,0,,0,,0,,0,,1,cumplimiento,1,riesgos,0,2,0,0,1,1,0,0,0,0
P0154-S01,21,II. Comportamientos críticos nocivos para el Estado,Definición del comportamiento 06: Expansión del riesgo litigioso,37,0,,0,,0,,0,,0,,0,,0,,1,discrecionalidad,0,0,0,0,0,0,0,0,0,0
P0156-S01,21,II. Comportamientos críticos nocivos para el Estado,Definición del comportamiento 06: Expansión del riesgo litigioso,29,0,,0,,0,,0,,0,,0,,1,fortalecer,0,,0,0,0,0,0,0,1,0,0,0
P0160-S01,22,II. Comportamientos críticos nocivos para el Estado,Definición del comportamiento 07: Pérdida de control territorial frente a economías criminales,45,0,,0,,0,,0,,0,,0,,2,garantizar; cumplimiento,0,,0,0,0,0,1,0,0,0,0,0
P0162-S01,22,II. Comportamientos críticos nocivos para el Estado,Definición del comportamiento 07: Pérdida de control territorial frente a economías criminales,43,0,,0,,0,,0,,0,,0,,0,,0,,0,0,0,0,0,1,0,0,0,0
P0164-S01,22,II. Comportamientos críticos nocivos para el Estado,Definición del comportamiento 07: Pérdida de control territorial frente a economías criminales,28,0,,0,,0,,0,,0,,0,,0,,0,,0,0,0,0,0,0,0,0,0,0
P0168-S01,23,II. Comportamientos críticos nocivos para el Estado,Definición del comportamiento 08: Fragmentación del Estado y fracaso de la conducción estratégica,56,0,,0,,0,,0,,0,,0,,1,cumplimiento,1,pérdida,0,0,1,0,1,0,0,0,0,0
P0170-S01,23,II. Comportamientos críticos nocivos para el Estado,Definición del comportamiento 08: Fragmentación del Estado y fracaso de la conducción estratégica,20,0,,0,,0,,0,,0,,0,,0,,0,,0,0,0,0,0,0,0,0,0,0
P0170-S02,23,II. Comportamientos críticos nocivos para el Estado,Definición del comportamiento 08: Fragmentación del Estado y fracaso de la conducción estratégica,53,0,,0,,0,,1,captura,0,,0,,1,transparencia,3,discrecionalidad; indebido; captura,0,0,0,1,0,0,0,0,0,0
P0172-S01,23,II. Comportamientos críticos nocivos para el Estado,Definición del comportamiento 08: Fragmentación del Estado y fracaso de la conducción estratégica,32,0,,0,,0,,0,,0,,0,,0,,0,,0,0,0,0,0,0,0,0,1,0
P0176-S01,24,II. Comportamientos críticos nocivos para el Estado,Definición del comportamiento 09: Capacidad fiscal restringida (comportamiento transversal),49,0,,0,,0,,0,,0,,0,,0,,0,,0,0,0,0,0,0,0,0,0,0
P0178-S01,24,II. Comportamientos críticos nocivos para el Estado,Definición del comportamiento 09: Capacidad fiscal restringida (comportamiento transversal),28,0,,0,,0,,0,,0,,0,,0,,1,discrecionalidad,0,0,0,0,0,0,0,0,0,0
P0180-S01,24,II. Comportamientos críticos nocivos para el Estado,Definición del comportamiento 09: Capacidad fiscal restringida (comportamiento transversal),30,0,,0,,0,,0,,0,,0,,2,calidad; calidad,0,,0,0,0,0,0,0,0,0,0,0
P0181-S01,24,II. Comportamientos críticos nocivos para el Estado,Definición del comportamiento 09: Capacidad fiscal restringida (comportamiento transversal),7,0,,0,,0,,0,,0,,0,,0,,0,,0,0,0,0,0,0,0,0,0,0
P0181-S02,24,II. Comportamientos críticos nocivos para el Estado,Definición del comportamiento 09: Capacidad fiscal restringida (comportamiento transversal),32,0,,0,,0,,0,,0,,0,,1,rigor,3,pérdida; opacidad; riesgo,0,1,2,0,0,0,0,0,0,0
P0181-S03,24,II. Comportamientos críticos nocivos para el Estado,Definición del comportamiento 09: Capacidad fiscal restringida (comportamiento transversal),39,0,,0,,0,,0,,0,,0,,0,,1,fallas,0,0,1,0,0,0,0,0,1,0
P0184-S01,25,II. Comportamientos críticos nocivos para el Estado,Figura 2. Top 10 de casos que pusieron en riesgo la gestión pública,1,0,,0,,0,,0,,0,,0,,0,,0,,0,0,0,0,0,0,0,0,0,0
P0184-S02,25,II. Comportamientos críticos nocivos para el Estado,Figura 2. Top 10 de casos que pusieron en riesgo la gestión pública,10,0,,0,,0,,0,,0,,0,,0,,1,riesgo,0,1,0,0,0,0,0,0,0,0
P0186-S01,26,II. Comportamientos críticos nocivos para el Estado,Figura 2. Top 10 de casos que pusieron en riesgo la gestión pública,27,0,,0,,0,,0,,0,,0,,0,,0,,0,0,0,0,0,0,0,0,0,0
P0188-S01,26,II. Comportamientos críticos nocivos para el Estado,Comportamiento 1. Destrucción del rigor técnico,23,0,,0,,0,,0,,0,,0,,0,,0,,0,0,0,0,0,0,0,0,0,0
P0190-S01,26,II. Comportamientos críticos nocivos para el Estado,Comportamiento 1. Destrucción del rigor técnico,11,0,,0,,0,,0,,0,,0,,0,,0,,0,0,0,0,0,0,0,0,0,0
P0191-S01,26,II. Comportamientos críticos nocivos para el Estado,Comportamiento 1. Destrucción del rigor técnico,36,0,,2,cerca de; aproximadamente,1,según,0,,0,,0,,0,,0,,0,0,0,0,0,0,0,0,0,0
P0192-S01,26,II. Comportamientos críticos nocivos para el Estado,Comportamiento 1. Destrucción del rigor técnico,15,0,,0,,1,registraba,0,,0,,0,,0,,0,,0,0,0,0,0,0,0,0,0,0
P0193-S01,26,II. Comportamientos críticos nocivos para el Estado,Comportamiento 1. Destrucción del rigor técnico,5,0,,0,,0,,0,,0,,0,,0,,0,,0,0,0,0,0,0,0,0,0,0
P0194-S01,26,II. Comportamientos críticos nocivos para el Estado,Comportamiento 1. Destrucción del rigor técnico,3,0,,0,,0,,0,,0,,0,,0,,0,,0,0,0,0,0,0,0,0,0,0
P0194-S02,26,II. Comportamientos críticos nocivos para el Estado,Comportamiento 1. Destrucción del rigor técnico,31,0,,0,,0,,0,,0,,0,,0,,0,,0,0,0,0,0,0,0,0,0,0
P0195-S01,26,II. Comportamientos críticos nocivos para el Estado,Comportamiento 1. Destrucción del rigor técnico,8,0,,0,,0,,0,,0,,0,,0,,0,,0,0,0,0,0,0,0,0,0,0
P0195-S02,26,II. Comportamientos críticos nocivos para el Estado,Comportamiento 1. Destrucción del rigor técnico,24,0,,0,,0,,0,,0,,0,,0,,0,,0,0,0,0,0,0,0,0,0,0
P0195-S03,26,II. Comportamientos críticos nocivos para el Estado,Comportamiento 1. Destrucción del rigor técnico,26,0,,0,,1,de acuerdo con,0,,0,,0,,0,,0,,0,0,0,0,0,0,0,0,0,0
P0195-S04,26,II. Comportamientos críticos nocivos para el Estado,Comportamiento 1. Destrucción del rigor técnico,22,0,,0,,1,advirtió,0,,0,,0,,0,,0,,0,0,0,0,0,0,0,0,0,0
P0195-S05,26,II. Comportamientos críticos nocivos para el Estado,Comportamiento 1. Destrucción del rigor técnico,24,0,,0,,0,,0,,0,,0,,0,,0,,0,0,0,0,0,0,0,0,0,0
P0195-S06,26,II. Comportamientos críticos nocivos para el Estado,Comportamiento 1. Destrucción del rigor técnico,27,0,,0,,0,,0,,0,,0,,0,,0,,0,0,0,0,0,0,0,0,0,0
P0196-S01,26,II. Comportamientos críticos nocivos para el Estado,Comportamiento 1. Destrucción del rigor técnico,8,0,,0,,0,,0,,0,,0,,0,,0,,0,0,1,0,0,0,0,0,0,0
P0196-S02,26,II. Comportamientos críticos nocivos para el Estado,Comportamiento 1. Destrucción del rigor técnico,38,0,,0,,0,,0,,0,,0,,0,,0,,0,0,0,0,0,0,0,0,0,0
P0197-S01,27,II. Comportamientos críticos nocivos para el Estado,Comportamiento 1. Destrucción del rigor técnico,11,0,,0,,0,,0,,0,,0,,0,,0,,0,0,0,0,0,0,0,0,0,0
P0198-S01,27,II. Comportamientos críticos nocivos para el Estado,Comportamiento 1. Destrucción del rigor técnico,16,0,,1,aproximadamente,1,registraba,0,,0,,0,,0,,0,,0,0,0,0,0,0,0,0,0,0
P0198-S02,27,II. Comportamientos críticos nocivos para el Estado,Comportamiento 1. Destrucción del rigor técnico,28,0,,0,,0,,0,,0,,0,,0,,0,,0,0,0,0,0,0,0,0,0,0
P0200-S01,27,II. Comportamientos críticos nocivos para el Estado,Comportamiento 1. Destrucción del rigor técnico,13,0,,0,,0,,1,irresponsable,0,,0,,1,rigor,1,irresponsable,0,0,0,0,0,0,0,0,0,0
P0201-S01,27,II. Comportamientos críticos nocivos para el Estado,Comportamiento 1. Destrucción del rigor técnico,45,0,,0,,0,,0,,0,,0,,0,,0,,0,0,0,0,0,0,0,0,0,0
P0201-S02,27,II. Comportamientos críticos nocivos para el Estado,Comportamiento 1. Destrucción del rigor técnico,56,0,,0,,1,de acuerdo con,0,,0,,0,,0,,0,,0,0,0,0,0,0,0,0,0,0
P0201-S03,27,II. Comportamientos críticos nocivos para el Estado,Comportamiento 1. Destrucción del rigor técnico,14,0,,0,,0,,0,,0,,0,,0,,0,,0,0,0,0,0,0,0,0,0,0
P0201-S04,27,II. Comportamientos críticos nocivos para el Estado,Comportamiento 1. Destrucción del rigor técnico,36,0,,0,,0,,0,,0,,0,,0,,0,,0,0,0,0,0,0,0,0,0,0
P0201-S05,27,II. Comportamientos críticos nocivos para el Estado,Comportamiento 1. Destrucción del rigor técnico,42,0,,0,,1,reconoció,0,,0,,0,,0,,0,,0,0,0,0,0,0,0,0,0,0
P0201-S06,27,II. Comportamientos críticos nocivos para el Estado,Comportamiento 1. Destrucción del rigor técnico,16,0,,0,,0,,0,,0,,0,,0,,0,,0,0,0,0,0,0,0,0,1,0
P0202-S01,27,II. Comportamientos críticos nocivos para el Estado,Comportamiento 1. Destrucción del rigor técnico,40,0,,0,,0,,1,improvisación,0,,0,,0,,1,improvisación,0,0,1,0,0,0,0,0,0,0
P0202-S02,27,II. Comportamientos críticos nocivos para el Estado,Comportamiento 1. Destrucción del rigor técnico,45,0,,0,,0,,0,,0,,0,,1,servicio,0,,0,0,0,0,0,0,0,0,0,0
P0204-S01,27,II. Comportamientos críticos nocivos para el Estado,Comportamiento 1. Destrucción del rigor técnico,22,0,,0,,0,,0,,0,,0,,0,,0,,0,0,0,0,0,0,0,0,0,0
P0205-S01,27,II. Comportamientos críticos nocivos para el Estado,Comportamiento 1. Destrucción del rigor técnico,21,0,,0,,0,,0,,0,,0,,0,,0,,0,0,0,0,0,0,0,0,0,0
P0205-S02,27,II. Comportamientos críticos nocivos para el Estado,Comportamiento 1. Destrucción del rigor técnico,101,0,,0,,0,,0,,0,,0,,1,servicio,0,,0,0,0,0,0,0,0,0,0,0
P0206-S01,28,II. Comportamientos críticos nocivos para el Estado,Comportamiento 1. Destrucción del rigor técnico,124,0,,0,,3,de acuerdo con; de acuerdo con; estableció,0,,0,,0,,0,,0,,0,0,0,0,0,0,0,0,0,0
P0207-S01,28,II. Comportamientos críticos nocivos para el Estado,Comportamiento 1. Destrucción del rigor técnico,42,0,,3,habría; cerca de; aproximadamente,0,,0,,0,,0,,1,servicio,0,,0,0,0,0,0,0,0,0,0,0
P0207-S02,28,II. Comportamientos críticos nocivos para el Estado,Comportamiento 1. Destrucción del rigor técnico,32,0,,0,,0,,0,,0,,0,,0,,0,,0,0,0,0,0,0,0,0,0,0
P0207-S03,28,II. Comportamientos críticos nocivos para el Estado,Comportamiento 1. Destrucción del rigor técnico,46,0,,0,,0,,1,captura,0,,0,,0,,1,captura,0,0,0,0,0,0,1,0,0,0
P0208-S01,28,II. Comportamientos críticos nocivos para el Estado,Comportamiento 1. Destrucción del rigor técnico,21,0,,0,,0,,0,,0,,0,,0,,0,,0,0,0,0,0,0,0,0,0,0
P0208-S02,28,II. Comportamientos críticos nocivos para el Estado,Comportamiento 1. Destrucción del rigor técnico,28,0,,1,riesgo de,0,,0,,0,,0,,0,,1,riesgo,0,1,0,0,0,0,1,0,0,0
P0208-S03,28,II. Comportamientos críticos nocivos para el Estado,Comportamiento 1. Destrucción del rigor técnico,25,0,,0,,0,,0,,0,,0,,0,,0,,0,0,0,0,0,0,0,0,0,0
P0208-S04,28,II. Comportamientos críticos nocivos para el Estado,Comportamiento 1. Destrucción del rigor técnico,22,0,,0,,0,,0,,0,,0,,2,servicio; confianza,1,corrupción,0,0,0,1,0,0,0,0,0,0
P0210-S01,28,II. Comportamientos críticos nocivos para el Estado,Comportamiento 1. Destrucción del rigor técnico,11,0,,0,,0,,0,,0,,0,,0,,0,,0,0,0,0,0,1,0,0,0,0
P0211-S01,28,II. Comportamientos críticos nocivos para el Estado,Comportamiento 1. Destrucción del rigor técnico,106,0,,0,,0,,0,,0,,0,,2,servicio; calidad,0,,0,0,0,0,0,1,1,0,1,0
P0211-S02,29,II. Comportamientos críticos nocivos para el Estado,Comportamiento 1. Destrucción del rigor técnico,93,0,,1,cerca de,0,,0,,0,,0,,0,,0,,0,0,0,0,0,2,0,1,1,0
P0212-S01,29,II. Comportamientos críticos nocivos para el Estado,Comportamiento 1. Destrucción del rigor técnico,50,0,,0,,0,,0,,0,,0,,2,servicio; calidad,0,,0,0,0,0,0,0,0,0,0,0
P0214-S01,29,II. Comportamientos críticos nocivos para el Estado,Comportamiento 2. Colapso de la capacidad tecnológica,13,0,,0,,0,,0,,0,,0,,0,,0,,0,0,0,0,0,0,0,0,0,0
P0215-S01,29,II. Comportamientos críticos nocivos para el Estado,Comportamiento 2. Colapso de la capacidad tecnológica,5,0,,0,,0,,0,,0,,0,,0,,0,,0,0,0,0,0,0,0,0,0,0
P0217-S01,29,II. Comportamientos críticos nocivos para el Estado,Comportamiento 2. Colapso de la capacidad tecnológica,2,0,,0,,0,,0,,0,,0,,0,,0,,0,0,1,0,0,0,0,0,0,0
P0217-S02,29,II. Comportamientos críticos nocivos para el Estado,Comportamiento 2. Colapso de la capacidad tecnológica,17,0,,0,,0,,0,,0,,0,,0,,0,,0,0,0,0,0,0,0,0,0,0
P0218-S01,29,II. Comportamientos críticos nocivos para el Estado,Comportamiento 2. Colapso de la capacidad tecnológica,32,0,,0,,0,,1,gobierno saliente,0,,0,,0,,0,,0,0,0,0,0,0,0,0,0,0
P0218-S02,29,II. Comportamientos críticos nocivos para el Estado,Comportamiento 2. Colapso de la capacidad tecnológica,51,0,,0,,0,,1,gobierno saliente,0,,0,,0,,1,graves,0,0,0,0,0,0,0,0,0,0
P0219-S01,29,II. Comportamientos críticos nocivos para el Estado,Comportamiento 2. Colapso de la capacidad tecnológica,17,0,,0,,0,,0,,0,,0,,0,,1,grave,0,0,0,0,0,0,0,0,0,0
P0219-S02,29,II. Comportamientos críticos nocivos para el Estado,Comportamiento 2. Colapso de la capacidad tecnológica,23,0,,0,,0,,0,,0,,0,,1,avance,0,,0,0,0,0,1,0,0,0,0,0
P0219-S03,29,II. Comportamientos críticos nocivos para el Estado,Comportamiento 2. Colapso de la capacidad tecnológica,20,0,,0,,1,reportó,1,gobierno saliente,0,,0,,1,éxito,0,,0,0,1,0,1,0,0,0,0,0
P0220-S01,29,II. Comportamientos críticos nocivos para el Estado,Comportamiento 2. Colapso de la capacidad tecnológica,10,0,,0,,0,,0,,0,,0,,0,,0,,0,0,0,0,0,0,0,0,0,0
P0220-S02,29,II. Comportamientos críticos nocivos para el Estado,Comportamiento 2. Colapso de la capacidad tecnológica,18,0,,0,,0,,0,,0,,0,,0,,0,,0,0,0,0,0,0,0,0,0,0
P0220-S03,29,II. Comportamientos críticos nocivos para el Estado,Comportamiento 2. Colapso de la capacidad tecnológica,24,0,,0,,0,,0,,0,,0,,0,,0,,0,0,0,0,0,0,0,0,0,0
P0220-S04,29,II. Comportamientos críticos nocivos para el Estado,Comportamiento 2. Colapso de la capacidad tecnológica,40,0,,0,,0,,0,,0,,0,,0,,0,,0,0,0,0,0,0,0,0,0,0
P0220-S05,30,II. Comportamientos críticos nocivos para el Estado,Comportamiento 2. Colapso de la capacidad tecnológica,23,0,,0,,0,,2,despilfarro; gobierno saliente,0,,0,,0,,1,despilfarro,0,0,0,0,0,0,0,0,0,0
P0222-S01,30,II. Comportamientos críticos nocivos para el Estado,Comportamiento 2. Colapso de la capacidad tecnológica,14,0,,0,,0,,0,,0,,0,,0,,0,,0,0,0,0,0,0,0,0,0,0
P0223-S01,30,II. Comportamientos críticos nocivos para el Estado,Comportamiento 2. Colapso de la capacidad tecnológica,33,0,,0,,0,,0,,0,,0,,0,,0,,0,0,0,0,0,0,1,0,0,0
P0223-S02,30,II. Comportamientos críticos nocivos para el Estado,Comportamiento 2. Colapso de la capacidad tecnológica,77,0,,1,presuntos,1,identificó,0,,0,,0,,1,transparencia,2,fallas; riesgo,0,1,1,0,0,0,0,0,0,0
P0224-S01,30,II. Comportamientos críticos nocivos para el Estado,Comportamiento 2. Colapso de la capacidad tecnológica,49,0,,1,cerca de,0,,0,,0,,0,,1,proteger,0,,0,1,0,0,0,0,1,0,0,0
P0224-S02,30,II. Comportamientos críticos nocivos para el Estado,Comportamiento 2. Colapso de la capacidad tecnológica,15,0,,0,,0,,0,,0,,0,,0,,0,,0,0,0,0,0,0,0,0,0,0
P0224-S03,30,II. Comportamientos críticos nocivos para el Estado,Comportamiento 2. Colapso de la capacidad tecnológica,13,0,,0,,0,,0,,0,,0,,0,,0,,0,0,0,0,0,0,0,0,0,0
P0224-S04,30,II. Comportamientos críticos nocivos para el Estado,Comportamiento 2. Colapso de la capacidad tecnológica,53,0,,1,riesgo de,0,,0,,0,,0,,3,rigor; transparencia; fortalecer,1,riesgo,0,1,0,0,0,0,1,0,1,0
P0226-S01,30,II. Comportamientos críticos nocivos para el Estado,Comportamiento 2. Colapso de la capacidad tecnológica,24,0,,1,riesgo de,0,,0,,0,,0,,0,,2,riesgo; colapso,1,1,0,0,0,0,0,0,0,0
P0227-S01,30,II. Comportamientos críticos nocivos para el Estado,Comportamiento 2. Colapso de la capacidad tecnológica,11,0,,0,,0,,0,,0,,0,,0,,0,,0,0,0,0,0,0,0,0,0,0
P0228-S01,30,II. Comportamientos críticos nocivos para el Estado,Comportamiento 2. Colapso de la capacidad tecnológica,8,0,,0,,0,,0,,0,,0,,0,,1,fallas,0,0,1,0,0,0,0,0,0,0
P0228-S02,30,II. Comportamientos críticos nocivos para el Estado,Comportamiento 2. Colapso de la capacidad tecnológica,27,0,,0,,0,,0,,0,,0,,0,,0,,0,0,0,0,0,0,0,0,0,0
P0228-S03,30,II. Comportamientos críticos nocivos para el Estado,Comportamiento 2. Colapso de la capacidad tecnológica,41,0,,0,,1,según,0,,0,,0,,0,,0,,0,0,0,0,0,0,0,1,0,0
P0228-S04,30,II. Comportamientos críticos nocivos para el Estado,Comportamiento 2. Colapso de la capacidad tecnológica,37,0,,2,cerca de; cerca de,1,de acuerdo con,0,,0,,0,,0,,0,,0,0,0,0,0,0,0,1,0,0
P0228-S05,30,II. Comportamientos críticos nocivos para el Estado,Comportamiento 2. Colapso de la capacidad tecnológica,21,0,,1,riesgo de,0,,0,,0,,0,,0,,2,riesgo; pérdida,0,1,1,0,0,0,0,0,0,0
P0229-S01,31,II. Comportamientos críticos nocivos para el Estado,Comportamiento 2. Colapso de la capacidad tecnológica,22,0,,0,,0,,0,,0,,0,,0,,1,parálisis,0,0,1,0,0,0,0,0,0,0
P0229-S02,31,II. Comportamientos críticos nocivos para el Estado,Comportamiento 2. Colapso de la capacidad tecnológica,28,0,,0,,0,,0,,0,,0,,0,,1,opacidad,0,0,0,0,0,0,0,0,0,0
P0229-S03,31,II. Comportamientos críticos nocivos para el Estado,Comportamiento 2. Colapso de la capacidad tecnológica,38,0,,0,,0,,0,,0,,0,,1,transparencia,0,,0,0,0,0,0,0,0,0,0,0
P0231-S01,31,II. Comportamientos críticos nocivos para el Estado,Comportamiento 3. Opacidad y distorsión de la información pública,25,0,,0,,0,,0,,0,,0,,0,,0,,0,0,0,0,0,0,0,0,0,0
P0232-S01,31,II. Comportamientos críticos nocivos para el Estado,Comportamiento 3. Opacidad y distorsión de la información pública,13,0,,0,,0,,0,,0,,0,,0,,0,,0,0,0,0,0,0,0,0,0,0
P0234-S01,31,II. Comportamientos críticos nocivos para el Estado,Comportamiento 3. Opacidad y distorsión de la información pública,28,0,,0,,0,,1,gobierno saliente,0,,0,,0,,0,,0,0,0,0,0,0,0,0,0,0
P0235-S01,31,II. Comportamientos críticos nocivos para el Estado,Comportamiento 3. Opacidad y distorsión de la información pública,29,0,,0,,0,,2,gobierno anterior; maquillaje,0,,0,,0,,0,,0,0,0,0,0,0,0,0,0,0
P0235-S02,31,II. Comportamientos críticos nocivos para el Estado,Comportamiento 3. Opacidad y distorsión de la información pública,48,0,,0,,0,,0,,0,,0,,0,,0,,0,0,0,0,0,0,0,0,0,0
P0236-S01,31,II. Comportamientos críticos nocivos para el Estado,Comportamiento 3. Opacidad y distorsión de la información pública,17,0,,0,,0,,0,,0,,0,,0,,0,,0,0,0,0,0,0,0,0,0,0
P0237-S01,31,II. Comportamientos críticos nocivos para el Estado,Comportamiento 3. Opacidad y distorsión de la información pública,36,0,,0,,1,advirtió,0,,0,,0,,0,,0,,0,0,0,0,0,0,0,0,0,0
P0237-S02,31,II. Comportamientos críticos nocivos para el Estado,Comportamiento 3. Opacidad y distorsión de la información pública,25,0,,0,,0,,0,,0,,0,,0,,0,,0,0,0,0,0,0,0,0,0,0
P0237-S03,31,II. Comportamientos críticos nocivos para el Estado,Comportamiento 3. Opacidad y distorsión de la información pública,23,0,,0,,0,,1,gobierno saliente,0,,0,,1,éxito,0,,0,0,0,0,1,0,0,0,0,0
P0238-S01,31,II. Comportamientos críticos nocivos para el Estado,Comportamiento 3. Opacidad y distorsión de la información pública,15,0,,0,,0,,0,,0,,0,,0,,1,opacidad,0,0,0,0,0,0,0,0,0,0
P0238-S02,31,II. Comportamientos críticos nocivos para el Estado,Comportamiento 3. Opacidad y distorsión de la información pública,26,0,,0,,0,,0,,0,,0,,0,,0,,0,0,0,0,0,0,0,0,2,0
P0238-S03,31,II. Comportamientos críticos nocivos para el Estado,Comportamiento 3. Opacidad y distorsión de la información pública,21,0,,0,,0,,1,gobierno anterior,0,,0,,0,,0,,0,0,0,0,0,0,0,0,0,0
P0238-S04,31,II. Comportamientos críticos nocivos para el Estado,Comportamiento 3. Opacidad y distorsión de la información pública,45,0,,1,riesgo de,0,,0,,0,,0,,0,,3,riesgo; pérdida; corrupción,0,1,1,1,0,0,0,0,1,0
P0238-S05,32,II. Comportamientos críticos nocivos para el Estado,Comportamiento 3. Opacidad y distorsión de la información pública,15,0,,0,,0,,0,,0,,0,,0,,0,,0,0,0,0,0,0,0,0,0,0
P0240-S01,32,II. Comportamientos críticos nocivos para el Estado,Comportamiento 3. Opacidad y distorsión de la información pública,21,0,,0,,0,,0,,0,,0,,0,,1,deuda,1,0,0,0,0,0,0,0,0,0
P0241-S01,32,II. Comportamientos críticos nocivos para el Estado,Comportamiento 3. Opacidad y distorsión de la información pública,27,0,,0,,0,,0,,0,,0,,0,,2,deuda; deuda,0,0,0,0,0,0,0,0,0,0
P0241-S02,32,II. Comportamientos críticos nocivos para el Estado,Comportamiento 3. Opacidad y distorsión de la información pública,30,0,,0,,0,,0,,0,,0,,0,,1,deuda,0,0,0,0,0,0,0,0,0,0
P0241-S03,32,II. Comportamientos críticos nocivos para el Estado,Comportamiento 3. Opacidad y distorsión de la información pública,19,0,,0,,0,,0,,0,,0,,0,,0,,0,0,0,0,0,0,0,0,0,0
P0241-S04,32,II. Comportamientos críticos nocivos para el Estado,Comportamiento 3. Opacidad y distorsión de la información pública,19,0,,0,,0,,0,,0,,0,,0,,1,deuda,0,0,0,0,0,0,0,0,0,0
P0242-S01,32,II. Comportamientos críticos nocivos para el Estado,Comportamiento 3. Opacidad y distorsión de la información pública,33,0,,0,,0,,0,,0,,0,,0,,1,deuda,0,0,0,0,0,0,0,0,0,0
P0242-S02,32,II. Comportamientos críticos nocivos para el Estado,Comportamiento 3. Opacidad y distorsión de la información pública,53,0,,2,podrían; pudo,1,identificó,1,gobierno saliente,0,,0,,0,,1,opacidad,0,0,0,0,0,0,0,0,2,0
P0243-S01,32,II. Comportamientos críticos nocivos para el Estado,Comportamiento 3. Opacidad y distorsión de la información pública,27,0,,1,posible,1,advirtió,0,,0,,0,,0,,1,detrimento,0,0,0,1,0,0,0,0,0,0
P0243-S02,32,II. Comportamientos críticos nocivos para el Estado,Comportamiento 3. Opacidad y distorsión de la información pública,33,0,,0,,0,,0,,0,,0,,1,transparencia,0,,0,0,0,0,0,0,0,0,0,0
P0244-S01,32,II. Comportamientos críticos nocivos para el Estado,Comportamiento 3. Opacidad y distorsión de la información pública,38,0,,0,,0,,1,heredada,0,,0,,0,,1,deuda,1,0,0,0,0,0,0,0,0,0
P0246-S01,32,II. Comportamientos críticos nocivos para el Estado,Comportamiento 3. Opacidad y distorsión de la información pública,12,0,,0,,0,,0,,0,,0,,0,,0,,0,0,0,0,0,0,0,0,0,0
P0247-S01,32,II. Comportamientos críticos nocivos para el Estado,Comportamiento 3. Opacidad y distorsión de la información pública,29,0,,0,,0,,0,,0,,0,,0,,0,,0,0,0,0,0,0,0,0,0,0
P0247-S02,32,II. Comportamientos críticos nocivos para el Estado,Comportamiento 3. Opacidad y distorsión de la información pública,24,0,,0,,0,,0,,0,,0,,0,,0,,0,0,0,0,0,0,0,0,0,0
P0247-S03,33,II. Comportamientos críticos nocivos para el Estado,Comportamiento 3. Opacidad y distorsión de la información pública,28,0,,0,,1,reportó,0,,0,,0,,0,,0,,0,0,0,1,0,0,0,0,0,0
P0247-S04,33,II. Comportamientos críticos nocivos para el Estado,Comportamiento 3. Opacidad y distorsión de la información pública,38,0,,0,,0,,0,,0,,0,,0,,0,,0,0,0,0,0,0,0,0,0,0
P0247-S05,33,II. Comportamientos críticos nocivos para el Estado,Comportamiento 3. Opacidad y distorsión de la información pública,36,0,,0,,0,,0,,0,,0,,0,,0,,0,0,0,0,0,0,0,0,0,0
P0248-S01,33,II. Comportamientos críticos nocivos para el Estado,Comportamiento 3. Opacidad y distorsión de la información pública,22,0,,0,,0,,0,,0,,0,,0,,0,,0,0,0,0,0,0,0,0,0,0
P0248-S02,33,II. Comportamientos críticos nocivos para el Estado,Comportamiento 3. Opacidad y distorsión de la información pública,34,0,,0,,0,,0,,0,,0,,0,,0,,0,0,0,0,0,0,0,0,1,0
P0248-S03,33,II. Comportamientos críticos nocivos para el Estado,Comportamiento 3. Opacidad y distorsión de la información pública,16,0,,0,,0,,0,,0,,0,,0,,0,,0,0,0,0,0,0,0,0,1,0
P0248-S04,33,II. Comportamientos críticos nocivos para el Estado,Comportamiento 3. Opacidad y distorsión de la información pública,25,1,nunca,0,,0,,0,,0,,0,,0,,0,,0,0,0,0,0,0,0,0,0,0
P0250-S01,33,II. Comportamientos críticos nocivos para el Estado,Comportamiento 3. Opacidad y distorsión de la información pública,21,0,,0,,0,,0,,0,,0,,0,,0,,0,0,0,0,0,0,0,0,1,0
P0251-S01,33,II. Comportamientos críticos nocivos para el Estado,Comportamiento 3. Opacidad y distorsión de la información pública,56,0,,0,,0,,0,,0,,1,produjeron,0,,0,,0,0,0,0,0,0,0,0,0,0
P0251-S02,33,II. Comportamientos críticos nocivos para el Estado,Comportamiento 3. Opacidad y distorsión de la información pública,18,0,,0,,0,,1,gobierno saliente,0,,0,,0,,0,,0,0,0,0,0,0,0,0,2,0
P0252-S01,33,II. Comportamientos críticos nocivos para el Estado,Comportamiento 3. Opacidad y distorsión de la información pública,36,0,,0,,0,,0,,0,,0,,0,,0,,0,0,0,0,0,0,0,0,0,0
P0253-S01,33,II. Comportamientos críticos nocivos para el Estado,Comportamiento 3. Opacidad y distorsión de la información pública,24,0,,0,,0,,0,,0,,0,,0,,0,,0,0,0,0,0,0,0,0,0,0
P0253-S02,33,II. Comportamientos críticos nocivos para el Estado,Comportamiento 3. Opacidad y distorsión de la información pública,30,0,,0,,0,,1,gobierno saliente,0,,0,,0,,0,,0,0,0,0,0,0,0,0,0,0
P0254-S01,33,II. Comportamientos críticos nocivos para el Estado,Comportamiento 3. Opacidad y distorsión de la información pública,30,1,verificables,0,,0,,0,,0,,0,,0,,0,,0,0,0,0,0,0,0,0,0,0
P0255-S01,33,II. Comportamientos críticos nocivos para el Estado,Comportamiento 3. Opacidad y distorsión de la información pública,49,1,es evidente,0,,0,,0,,0,,0,,0,,0,,0,0,1,0,0,0,0,0,0,0
P0255-S02,33,II. Comportamientos críticos nocivos para el Estado,Comportamiento 3. Opacidad y distorsión de la información pública,33,0,,0,,0,,0,,0,,0,,0,,0,,0,0,0,0,0,0,0,0,0,0
P0255-S03,33,II. Comportamientos críticos nocivos para el Estado,Comportamiento 3. Opacidad y distorsión de la información pública,24,0,,0,,1,evidencia,0,,0,,0,,0,,0,,0,0,0,0,0,0,0,0,0,0
P0255-S04,34,II. Comportamientos críticos nocivos para el Estado,Comportamiento 3. Opacidad y distorsión de la información pública,30,0,,0,,0,,1,gobierno saliente,0,,0,,0,,0,,0,0,0,0,0,0,0,0,1,0
P0257-S01,34,II. Comportamientos críticos nocivos para el Estado,Comportamiento 3. Opacidad y distorsión de la información pública,23,0,,0,,0,,0,,0,,0,,0,,0,,0,0,0,0,0,0,0,0,0,0
P0258-S01,34,II. Comportamientos críticos nocivos para el Estado,Comportamiento 3. Opacidad y distorsión de la información pública,28,0,,0,,1,evidenció,0,,0,,0,,0,,0,,0,0,0,0,0,0,0,0,0,0
P0259-S01,34,II. Comportamientos críticos nocivos para el Estado,Comportamiento 3. Opacidad y distorsión de la información pública,26,0,,0,,0,,0,,0,,0,,0,,0,,0,0,0,0,0,0,0,0,1,0
P0259-S02,34,II. Comportamientos críticos nocivos para el Estado,Comportamiento 3. Opacidad y distorsión de la información pública,45,0,,0,,1,estableció,0,,0,,0,,0,,0,,0,0,0,0,0,0,0,0,0,0
P0260-S01,34,II. Comportamientos críticos nocivos para el Estado,Comportamiento 3. Opacidad y distorsión de la información pública,45,0,,1,presunta,1,concluyó,0,,0,,0,,1,transparencia,1,incumplimiento,0,0,1,0,0,0,0,0,0,0
P0261-S01,34,II. Comportamientos críticos nocivos para el Estado,Comportamiento 3. Opacidad y distorsión de la información pública,19,0,,0,,0,,0,,0,,0,,0,,0,,0,0,0,0,0,0,0,0,1,0
P0261-S02,34,II. Comportamientos críticos nocivos para el Estado,Comportamiento 3. Opacidad y distorsión de la información pública,46,0,,0,,0,,0,,0,,0,,0,,0,,0,0,0,0,0,0,0,0,1,0
P0263-S01,34,II. Comportamientos críticos nocivos para el Estado,Comportamiento 3. Opacidad y distorsión de la información pública,26,0,,0,,0,,0,,0,,0,,0,,0,,0,0,0,0,0,0,0,0,0,0
P0264-S01,34,II. Comportamientos críticos nocivos para el Estado,Comportamiento 3. Opacidad y distorsión de la información pública,19,0,,0,,0,,0,,0,,0,,0,,0,,0,0,0,0,0,0,0,0,0,0
P0264-S02,34,II. Comportamientos críticos nocivos para el Estado,Comportamiento 3. Opacidad y distorsión de la información pública,18,0,,1,presunta,0,,0,,0,,0,,0,,0,,0,0,0,0,0,0,0,0,0,0
P0265-S01,34,II. Comportamientos críticos nocivos para el Estado,Comportamiento 3. Opacidad y distorsión de la información pública,20,0,,0,,0,,0,,0,,0,,0,,0,,0,0,0,0,0,0,0,0,0,0
P0265-S02,34,II. Comportamientos críticos nocivos para el Estado,Comportamiento 3. Opacidad y distorsión de la información pública,28,0,,0,,0,,0,,0,,0,,0,,0,,0,0,0,0,0,0,0,0,1,0
P0266-S01,34,II. Comportamientos críticos nocivos para el Estado,Comportamiento 3. Opacidad y distorsión de la información pública,39,0,,0,,0,,0,,0,,0,,0,,0,,0,0,0,0,0,1,0,0,0,0
P0267-S01,35,II. Comportamientos críticos nocivos para el Estado,Comportamiento 3. Opacidad y distorsión de la información pública,38,0,,0,,0,,0,,0,,0,,1,servicio,0,,0,0,0,0,0,0,0,0,0,0
P0267-S02,35,II. Comportamientos críticos nocivos para el Estado,Comportamiento 3. Opacidad y distorsión de la información pública,22,0,,0,,0,,0,,0,,0,,0,,0,,0,0,0,0,0,0,0,0,0,0
P0268-S01,35,II. Comportamientos críticos nocivos para el Estado,Comportamiento 3. Opacidad y distorsión de la información pública,42,0,,0,,0,,0,,0,,0,,0,,0,,0,0,0,0,0,0,0,0,0,0
P0269-S01,35,II. Comportamientos críticos nocivos para el Estado,Comportamiento 3. Opacidad y distorsión de la información pública,60,0,,0,,0,,0,,0,,0,,1,transparencia,2,riesgos; sobrecostos,0,1,0,1,0,0,0,0,1,0
P0269-S02,35,II. Comportamientos críticos nocivos para el Estado,Comportamiento 3. Opacidad y distorsión de la información pública,51,1,verificable,0,,0,,0,,0,,0,,0,,0,,0,0,0,0,0,0,0,0,1,0
P0271-S01,35,II. Comportamientos críticos nocivos para el Estado,Comportamiento 4. Parálisis operativa,21,0,,0,,0,,0,,0,,0,,0,,0,,0,0,0,0,0,0,0,0,0,0
P0272-S01,35,II. Comportamientos críticos nocivos para el Estado,Comportamiento 4. Parálisis operativa,33,0,,0,,0,,0,,0,,0,,0,,0,,0,0,0,0,0,0,0,0,0,0
P0274-S01,35,II. Comportamientos críticos nocivos para el Estado,Comportamiento 4. Parálisis operativa,10,0,,0,,0,,0,,0,,0,,0,,1,fallas,0,0,2,0,0,0,0,0,0,0
P0275-S01,35,II. Comportamientos críticos nocivos para el Estado,Comportamiento 4. Parálisis operativa,25,0,,0,,2,registró; según,0,,0,,0,,0,,0,,0,0,0,0,0,0,0,0,0,0
P0275-S02,35,II. Comportamientos críticos nocivos para el Estado,Comportamiento 4. Parálisis operativa,15,0,,0,,0,,0,,0,,0,,0,,0,,0,0,0,0,0,0,0,0,0,0
P0275-S03,35,II. Comportamientos críticos nocivos para el Estado,Comportamiento 4. Parálisis operativa,15,0,,0,,1,según,0,,0,,0,,0,,0,,0,0,0,0,0,0,0,0,0,0
P0276-S01,35,II. Comportamientos críticos nocivos para el Estado,Comportamiento 4. Parálisis operativa,16,0,,0,,1,según,0,,0,,0,,0,,0,,0,0,0,0,0,0,0,0,0,0
P0277-S01,36,II. Comportamientos críticos nocivos para el Estado,Comportamiento 4. Parálisis operativa,39,0,,0,,0,,0,,0,,0,,0,,0,,0,0,0,1,0,0,0,0,0,0
P0277-S02,36,II. Comportamientos críticos nocivos para el Estado,Comportamiento 4. Parálisis operativa,40,0,,0,,0,,0,,0,,0,,0,,1,graves,0,1,0,1,0,0,0,0,0,0
P0278-S01,36,II. Comportamientos críticos nocivos para el Estado,Comportamiento 4. Parálisis operativa,28,0,,0,,0,,0,,0,,0,,1,calidad,0,,0,0,0,0,0,0,0,0,1,0
P0279-S01,36,II. Comportamientos críticos nocivos para el Estado,Comportamiento 4. Parálisis operativa,45,0,,2,habría; presunta,0,,0,,0,,0,,0,,0,,0,0,0,0,0,0,0,0,0,0
P0280-S01,36,II. Comportamientos críticos nocivos para el Estado,Comportamiento 4. Parálisis operativa,23,0,,0,,0,,0,,0,,0,,0,,0,,0,0,0,0,0,0,0,0,0,0
P0281-S01,36,II. Comportamientos críticos nocivos para el Estado,Comportamiento 4. Parálisis operativa,33,0,,0,,0,,0,,0,,0,,0,,0,,0,0,0,0,0,0,0,0,0,0
P0281-S02,36,II. Comportamientos críticos nocivos para el Estado,Comportamiento 4. Parálisis operativa,34,0,,0,,0,,0,,0,,0,,0,,0,,0,0,0,2,0,0,0,0,0,0
P0282-S01,36,II. Comportamientos críticos nocivos para el Estado,Comportamiento 4. Parálisis operativa,45,0,,1,habría,0,,0,,0,,0,,0,,0,,0,0,1,1,0,0,0,0,0,0
P0284-S01,36,II. Comportamientos críticos nocivos para el Estado,Comportamiento 4. Parálisis operativa,1,0,,0,,0,,0,,0,,0,,0,,0,,0,0,0,0,0,0,0,0,0,0
P0284-S02,36,II. Comportamientos críticos nocivos para el Estado,Comportamiento 4. Parálisis operativa,20,0,,0,,0,,0,,0,,0,,0,,1,ineficiencia,0,0,1,1,0,0,0,0,0,0
P0285-S01,36,II. Comportamientos críticos nocivos para el Estado,Comportamiento 4. Parálisis operativa,40,0,,0,,0,,0,,0,,0,,1,proteger,1,fallas,0,0,1,0,0,0,0,0,0,0
P0286-S01,36,II. Comportamientos críticos nocivos para el Estado,Comportamiento 4. Parálisis operativa,41,0,,0,,0,,0,,0,,0,,0,,1,crisis,1,0,0,0,0,0,0,0,0,0
P0286-S02,36,II. Comportamientos críticos nocivos para el Estado,Comportamiento 4. Parálisis operativa,28,0,,2,presunta; presunta,1,reportó,0,,0,,0,,0,,0,,0,0,0,0,0,0,0,0,0,0
P0286-S03,36,II. Comportamientos críticos nocivos para el Estado,Comportamiento 4. Parálisis operativa,35,0,,1,cerca de,0,,0,,0,,0,,0,,0,,0,0,0,1,0,0,0,0,0,0
P0287-S01,37,II. Comportamientos críticos nocivos para el Estado,Comportamiento 4. Parálisis operativa,39,0,,0,,0,,0,,0,,0,,0,,0,,0,0,0,0,0,0,0,0,0,0
P0287-S02,37,II. Comportamientos críticos nocivos para el Estado,Comportamiento 4. Parálisis operativa,4,0,,0,,0,,0,,0,,0,,0,,0,,0,0,0,0,0,0,0,0,0,0
P0287-S03,37,II. Comportamientos críticos nocivos para el Estado,Comportamiento 4. Parálisis operativa,41,0,,0,,1,advirtió,0,,0,,0,,0,,0,,0,0,0,0,0,0,0,0,0,0
P0288-S01,37,II. Comportamientos críticos nocivos para el Estado,Comportamiento 4. Parálisis operativa,35,0,,0,,0,,0,,0,,0,,0,,1,crisis,1,0,0,0,0,0,0,0,1,0
P0289-S01,37,II. Comportamientos críticos nocivos para el Estado,Comportamiento 4. Parálisis operativa,8,0,,0,,0,,0,,0,,0,,0,,0,,0,0,0,0,0,0,0,0,0,0
P0289-S02,37,II. Comportamientos críticos nocivos para el Estado,Comportamiento 4. Parálisis operativa,25,0,,0,,0,,0,,0,,0,,0,,0,,0,0,0,0,0,0,0,0,0,0
P0289-S03,37,II. Comportamientos críticos nocivos para el Estado,Comportamiento 4. Parálisis operativa,26,0,,0,,0,,0,,0,,0,,0,,0,,0,0,1,0,0,0,0,0,0,0
P0289-S04,37,II. Comportamientos críticos nocivos para el Estado,Comportamiento 4. Parálisis operativa,32,0,,0,,0,,0,,0,,0,,0,,0,,0,0,0,0,0,0,0,0,0,0
P0289-S05,37,II. Comportamientos críticos nocivos para el Estado,Comportamiento 4. Parálisis operativa,29,0,,0,,0,,0,,0,,0,,0,,0,,0,0,0,0,0,0,0,1,1,0
P0290-S01,37,II. Comportamientos críticos nocivos para el Estado,Comportamiento 4. Parálisis operativa,41,0,,0,,0,,0,,0,,0,,0,,0,,0,0,0,0,0,0,0,0,1,0
P0290-S02,37,II. Comportamientos críticos nocivos para el Estado,Comportamiento 4. Parálisis operativa,55,0,,0,,0,,0,,0,,0,,0,,0,,0,0,0,0,0,0,0,1,2,0
P0290-S03,37,II. Comportamientos críticos nocivos para el Estado,Comportamiento 4. Parálisis operativa,19,0,,1,posible,0,,0,,0,,0,,0,,0,,0,0,0,0,0,0,0,0,0,0
P0292-S01,37,II. Comportamientos críticos nocivos para el Estado,Comportamiento 4. Parálisis operativa,21,0,,0,,0,,0,,0,,0,,0,,0,,0,0,0,0,0,0,0,0,0,0
P0293-S01,37,II. Comportamientos críticos nocivos para el Estado,Comportamiento 4. Parálisis operativa,14,0,,0,,1,registró,0,,0,,0,,0,,1,deterioro,0,0,1,0,0,0,0,0,0,0
P0293-S02,37,II. Comportamientos críticos nocivos para el Estado,Comportamiento 4. Parálisis operativa,36,0,,0,,1,según,0,,0,,0,,0,,0,,0,0,0,0,0,0,0,0,0,0
P0293-S03,37,II. Comportamientos críticos nocivos para el Estado,Comportamiento 4. Parálisis operativa,28,0,,1,cerca de,0,,0,,0,,0,,0,,0,,0,0,0,0,0,0,0,0,0,0
P0294-S01,37,II. Comportamientos críticos nocivos para el Estado,Comportamiento 4. Parálisis operativa,8,0,,0,,0,,0,,0,,0,,0,,0,,0,0,1,0,0,0,0,0,0,0
P0294-S02,37,II. Comportamientos críticos nocivos para el Estado,Comportamiento 4. Parálisis operativa,45,0,,1,cerca de,0,,0,,0,,0,,1,fortalecer,0,,0,0,0,0,0,0,0,0,0,0
P0294-S03,38,II. Comportamientos críticos nocivos para el Estado,Comportamiento 4. Parálisis operativa,48,0,,1,cerca de,0,,0,,0,,0,,1,avance,0,,0,0,0,0,1,0,0,0,0,0
P0295-S01,38,II. Comportamientos críticos nocivos para el Estado,Comportamiento 4. Parálisis operativa,17,0,,0,,0,,0,,0,,0,,0,,0,,0,0,1,0,0,0,0,0,0,0
P0295-S02,38,II. Comportamientos críticos nocivos para el Estado,Comportamiento 4. Parálisis operativa,13,0,,0,,0,,0,,0,,0,,0,,1,deterioro,0,0,1,0,0,0,0,0,0,0
P0295-S03,38,II. Comportamientos críticos nocivos para el Estado,Comportamiento 4. Parálisis operativa,40,0,,1,cerca de,0,,0,,0,,0,,0,,0,,0,0,0,0,0,0,0,0,0,0
P0295-S04,38,II. Comportamientos críticos nocivos para el Estado,Comportamiento 4. Parálisis operativa,37,0,,0,,0,,0,,0,,0,,0,,0,,0,0,0,0,0,0,0,0,0,0
P0295-S05,38,II. Comportamientos críticos nocivos para el Estado,Comportamiento 4. Parálisis operativa,25,0,,0,,0,,0,,0,,0,,0,,1,pérdida,0,0,1,0,0,0,0,1,0,0
P0297-S01,38,II. Comportamientos críticos nocivos para el Estado,Comportamiento 4. Parálisis operativa,14,0,,0,,0,,0,,0,,0,,0,,0,,0,0,0,0,0,0,0,0,0,0
P0298-S01,38,II. Comportamientos críticos nocivos para el Estado,Comportamiento 4. Parálisis operativa,19,0,,0,,0,,0,,0,,0,,0,,0,,0,0,0,0,0,0,0,0,0,0
P0298-S02,38,II. Comportamientos críticos nocivos para el Estado,Comportamiento 4. Parálisis operativa,19,0,,0,,0,,0,,0,,0,,0,,0,,0,0,0,0,0,0,0,0,0,0
P0299-S01,38,II. Comportamientos críticos nocivos para el Estado,Comportamiento 4. Parálisis operativa,21,0,,0,,0,,0,,0,,0,,0,,0,,0,0,0,0,0,0,0,0,0,0
P0299-S02,38,II. Comportamientos críticos nocivos para el Estado,Comportamiento 4. Parálisis operativa,60,0,,0,,1,identificó,1,obstáculos,0,,0,,0,,1,fallas,0,0,1,0,0,0,0,0,0,0
P0299-S03,38,II. Comportamientos críticos nocivos para el Estado,Comportamiento 4. Parálisis operativa,20,0,,0,,0,,0,,0,,0,,1,transparente,0,,0,1,0,0,0,0,0,0,0,0
P0300-S01,38,II. Comportamientos críticos nocivos para el Estado,Comportamiento 4. Parálisis operativa,72,0,,0,,0,,0,,0,,0,,1,responsable,0,,0,0,0,0,0,0,0,0,1,0
P0300-S02,38,II. Comportamientos críticos nocivos para el Estado,Comportamiento 4. Parálisis operativa,35,0,,1,habría,0,,0,,0,,0,,0,,0,,0,0,0,0,0,0,0,0,0,0
P0301-S01,39,II. Comportamientos críticos nocivos para el Estado,Comportamiento 4. Parálisis operativa,38,0,,1,riesgo de,0,,0,,0,,0,,0,,1,riesgo,0,1,0,0,0,0,0,0,0,0
P0302-S01,39,II. Comportamientos críticos nocivos para el Estado,Comportamiento 4. Parálisis operativa,37,0,,0,,0,,0,,0,,0,,0,,0,,0,0,0,0,0,0,0,0,0,0
P0303-S01,39,II. Comportamientos críticos nocivos para el Estado,Comportamiento 4. Parálisis operativa,33,0,,0,,0,,0,,0,,0,,0,,0,,0,0,0,0,0,0,0,0,0,0
P0304-S01,39,II. Comportamientos críticos nocivos para el Estado,Comportamiento 4. Parálisis operativa,32,0,,0,,0,,0,,0,,0,,0,,0,,0,0,0,0,0,0,0,0,0,0
P0304-S02,39,II. Comportamientos críticos nocivos para el Estado,Comportamiento 4. Parálisis operativa,19,0,,0,,0,,0,,0,,0,,0,,0,,0,0,0,0,0,0,0,0,0,0
P0306-S01,39,II. Comportamientos críticos nocivos para el Estado,Comportamiento 4. Parálisis operativa,27,0,,0,,0,,0,,0,,0,,0,,0,,0,0,0,0,0,0,0,0,0,0
P0307-S01,39,II. Comportamientos críticos nocivos para el Estado,Comportamiento 4. Parálisis operativa,45,0,,0,,0,,0,,0,,0,,0,,0,,0,0,0,0,0,0,0,0,0,0
P0307-S02,39,II. Comportamientos críticos nocivos para el Estado,Comportamiento 4. Parálisis operativa,23,0,,0,,0,,0,,0,,0,,0,,0,,0,0,1,0,0,0,0,0,0,0
P0308-S01,39,II. Comportamientos críticos nocivos para el Estado,Comportamiento 4. Parálisis operativa,14,0,,0,,0,,0,,0,,0,,0,,0,,0,0,0,0,0,0,0,0,0,0
P0309-S01,39,II. Comportamientos críticos nocivos para el Estado,Comportamiento 4. Parálisis operativa,15,0,,0,,0,,0,,0,,0,,0,,0,,0,0,0,0,0,0,0,0,0,0
P0309-S02,39,II. Comportamientos críticos nocivos para el Estado,Comportamiento 4. Parálisis operativa,39,0,,0,,0,,1,gobierno saliente,0,,0,,0,,0,,0,0,0,0,0,0,0,0,0,0
P0309-S03,39,II. Comportamientos críticos nocivos para el Estado,Comportamiento 4. Parálisis operativa,22,0,,1,cerca de,0,,0,,0,,0,,0,,0,,0,0,0,0,0,0,0,0,0,0
P0310-S01,39,II. Comportamientos críticos nocivos para el Estado,Comportamiento 4. Parálisis operativa,5,0,,0,,0,,0,,0,,0,,0,,0,,0,0,0,0,0,0,0,0,0,0
P0310-S02,39,II. Comportamientos críticos nocivos para el Estado,Comportamiento 4. Parálisis operativa,22,0,,0,,0,,0,,0,,0,,0,,0,,0,0,0,0,0,0,0,0,0,0
P0311-S01,39,II. Comportamientos críticos nocivos para el Estado,Comportamiento 4. Parálisis operativa,12,0,,0,,0,,0,,0,,0,,0,,0,,0,0,0,0,0,0,0,0,0,0
P0312-S01,40,II. Comportamientos críticos nocivos para el Estado,Comportamiento 4. Parálisis operativa,33,2,nunca; verificable,1,cerca de,0,,1,gobierno anterior,0,,0,,0,,0,,0,0,0,0,0,0,0,0,0,0
P0312-S02,40,II. Comportamientos críticos nocivos para el Estado,Comportamiento 4. Parálisis operativa,48,0,,0,,0,,0,,0,,0,,0,,0,,0,0,0,0,0,0,0,0,0,0
P0312-S03,40,II. Comportamientos críticos nocivos para el Estado,Comportamiento 4. Parálisis operativa,21,0,,0,,0,,0,,0,,0,,0,,0,,0,0,0,0,0,0,0,0,0,0
P0313-S01,40,II. Comportamientos críticos nocivos para el Estado,Comportamiento 4. Parálisis operativa,27,1,nunca,0,,0,,1,gobierno saliente,0,,0,,0,,0,,0,0,0,0,0,0,0,0,0,0
P0315-S01,40,II. Comportamientos críticos nocivos para el Estado,Comportamiento 4. Parálisis operativa,19,1,nunca,0,,0,,1,gobierno anterior,0,,0,,0,,0,,0,0,0,0,0,0,0,0,0,0
P0316-S01,40,II. Comportamientos críticos nocivos para el Estado,Comportamiento 4. Parálisis operativa,28,0,,0,,0,,0,,0,,0,,0,,0,,0,0,0,0,0,0,0,0,0,0
P0316-S02,40,II. Comportamientos críticos nocivos para el Estado,Comportamiento 4. Parálisis operativa,27,0,,0,,0,,0,,0,,0,,0,,0,,0,0,0,0,0,0,0,0,0,0
P0316-S03,40,II. Comportamientos críticos nocivos para el Estado,Comportamiento 4. Parálisis operativa,12,0,,0,,0,,0,,0,,0,,0,,0,,0,0,0,0,0,0,0,0,0,0
P0317-S01,40,II. Comportamientos críticos nocivos para el Estado,Comportamiento 4. Parálisis operativa,31,0,,0,,0,,0,,0,,0,,1,servicio,0,,0,0,0,0,0,0,0,0,0,0
P0318-S01,40,II. Comportamientos críticos nocivos para el Estado,Comportamiento 4. Parálisis operativa,5,0,,0,,0,,0,,0,,0,,0,,0,,0,0,0,0,0,0,0,0,0,0
P0318-S02,40,II. Comportamientos críticos nocivos para el Estado,Comportamiento 4. Parálisis operativa,36,0,,0,,1,según,0,,0,,0,,0,,0,,0,0,0,0,0,0,0,0,0,0
P0318-S03,40,II. Comportamientos críticos nocivos para el Estado,Comportamiento 4. Parálisis operativa,33,0,,0,,1,advirtió,0,,0,,0,,0,,0,,0,0,0,0,0,0,0,0,0,0
P0319-S01,40,II. Comportamientos críticos nocivos para el Estado,Comportamiento 4. Parálisis operativa,29,0,,0,,0,,0,,0,,0,,0,,0,,0,0,1,0,0,0,0,0,0,0
P0321-S01,40,II. Comportamientos críticos nocivos para el Estado,Comportamiento 4. Parálisis operativa,11,0,,0,,0,,0,,0,,0,,0,,0,,0,0,0,0,0,0,0,0,0,0
P0322-S01,40,II. Comportamientos críticos nocivos para el Estado,Comportamiento 4. Parálisis operativa,50,0,,1,habría,0,,1,gobierno saliente,0,,0,,0,,0,,0,0,0,0,0,0,0,0,0,0
P0323-S01,40,II. Comportamientos críticos nocivos para el Estado,Comportamiento 4. Parálisis operativa,38,0,,1,habría,0,,0,,0,,0,,0,,0,,0,0,0,0,0,0,0,0,0,0
P0323-S02,41,II. Comportamientos críticos nocivos para el Estado,Comportamiento 4. Parálisis operativa,22,0,,0,,0,,0,,0,,0,,0,,0,,0,0,0,0,0,0,0,0,0,0
P0324-S01,41,II. Comportamientos críticos nocivos para el Estado,Comportamiento 4. Parálisis operativa,5,0,,0,,0,,0,,0,,0,,0,,0,,0,0,0,0,0,0,0,0,0,0
P0324-S02,41,II. Comportamientos críticos nocivos para el Estado,Comportamiento 4. Parálisis operativa,6,0,,0,,0,,0,,0,,0,,0,,0,,0,0,0,0,0,0,0,0,0,0
P0325-S01,41,II. Comportamientos críticos nocivos para el Estado,Comportamiento 4. Parálisis operativa,13,0,,0,,0,,0,,0,,0,,0,,0,,0,0,0,0,0,0,0,0,0,0
P0325-S02,41,II. Comportamientos críticos nocivos para el Estado,Comportamiento 4. Parálisis operativa,55,0,,2,aproximadamente; se estima,0,,0,,0,,0,,0,,0,,0,0,0,0,0,1,0,0,0,0
P0325-S03,41,II. Comportamientos críticos nocivos para el Estado,Comportamiento 4. Parálisis operativa,20,0,,1,presunta,0,,0,,0,,0,,0,,0,,0,0,0,0,0,0,0,0,0,0
P0327-S01,41,II. Comportamientos críticos nocivos para el Estado,Comportamiento 4. Parálisis operativa,24,0,,0,,0,,0,,0,,0,,0,,0,,0,0,0,0,0,0,0,0,0,0
P0328-S01,41,II. Comportamientos críticos nocivos para el Estado,Comportamiento 4. Parálisis operativa,37,0,,0,,0,,0,,0,,0,,0,,0,,0,0,0,0,0,0,0,0,0,0
P0328-S02,41,II. Comportamientos críticos nocivos para el Estado,Comportamiento 4. Parálisis operativa,22,0,,0,,0,,0,,0,,0,,0,,0,,0,0,0,0,0,0,0,0,0,0
P0328-S03,41,II. Comportamientos críticos nocivos para el Estado,Comportamiento 4. Parálisis operativa,9,0,,0,,0,,0,,0,,0,,0,,1,sobrecostos,0,0,0,1,0,0,0,0,0,0
P0328-S04,41,II. Comportamientos críticos nocivos para el Estado,Comportamiento 4. Parálisis operativa,24,0,,0,,0,,0,,0,,0,,1,garantizar,0,,0,0,0,0,0,0,0,0,1,0
P0329-S01,41,II. Comportamientos críticos nocivos para el Estado,Comportamiento 4. Parálisis operativa,29,0,,0,,0,,0,,0,,0,,0,,2,parálisis; crisis,1,0,1,0,0,0,0,0,0,0
P0329-S02,41,II. Comportamientos críticos nocivos para el Estado,Comportamiento 4. Parálisis operativa,35,0,,0,,0,,0,,0,,0,,1,servicio,0,,0,0,0,0,0,0,0,0,0,0
P0329-S03,41,II. Comportamientos críticos nocivos para el Estado,Comportamiento 4. Parálisis operativa,30,0,,0,,0,,0,,0,,0,,0,,0,,0,0,0,0,0,0,0,0,0,0
P0330-S01,41,II. Comportamientos críticos nocivos para el Estado,Comportamiento 4. Parálisis operativa,13,0,,0,,0,,0,,0,,0,,0,,0,,0,0,0,0,0,0,0,0,0,0
P0331-S01,41,II. Comportamientos críticos nocivos para el Estado,Comportamiento 4. Parálisis operativa,9,0,,0,,0,,0,,0,,0,,0,,0,,0,0,0,0,0,0,0,0,0,0
P0331-S02,41,II. Comportamientos críticos nocivos para el Estado,Comportamiento 4. Parálisis operativa,16,0,,0,,0,,0,,0,,0,,0,,0,,0,0,0,0,0,0,0,0,0,0
P0331-S03,41,II. Comportamientos críticos nocivos para el Estado,Comportamiento 4. Parálisis operativa,19,0,,0,,0,,0,,0,,0,,0,,0,,0,0,0,0,0,0,0,0,0,0
P0331-S04,41,II. Comportamientos críticos nocivos para el Estado,Comportamiento 4. Parálisis operativa,29,0,,0,,0,,0,,0,,0,,0,,2,crisis; ilegal,1,0,0,1,0,0,1,0,0,0
P0333-S01,42,II. Comportamientos críticos nocivos para el Estado,Comportamiento 4. Parálisis operativa,14,0,,0,,0,,0,,0,,0,,0,,0,,0,0,1,0,0,0,0,0,0,0
P0334-S01,42,II. Comportamientos críticos nocivos para el Estado,Comportamiento 4. Parálisis operativa,11,0,,0,,0,,0,,0,,0,,0,,0,,0,0,0,0,0,0,0,0,0,0
P0334-S02,42,II. Comportamientos críticos nocivos para el Estado,Comportamiento 4. Parálisis operativa,39,0,,0,,0,,0,,0,,0,,0,,0,,0,0,0,0,0,0,0,0,0,0
P0335-S01,42,II. Comportamientos críticos nocivos para el Estado,Comportamiento 4. Parálisis operativa,17,0,,0,,0,,1,gobierno saliente,0,,0,,0,,1,grave,0,0,0,0,0,0,0,0,0,0
P0336-S01,42,II. Comportamientos críticos nocivos para el Estado,Comportamiento 4. Parálisis operativa,29,0,,0,,0,,0,,0,,0,,0,,0,,0,0,0,0,0,0,0,0,0,0
P0336-S02,42,II. Comportamientos críticos nocivos para el Estado,Comportamiento 4. Parálisis operativa,8,0,,0,,0,,0,,0,,0,,0,,0,,0,0,0,0,0,0,0,0,0,0
P0337-S01,42,II. Comportamientos críticos nocivos para el Estado,Comportamiento 4. Parálisis operativa,25,0,,0,,1,determinó,0,,0,,0,,0,,0,,0,0,0,0,0,0,0,0,1,0
P0337-S02,42,II. Comportamientos críticos nocivos para el Estado,Comportamiento 4. Parálisis operativa,20,0,,0,,0,,0,,0,,0,,0,,0,,0,0,0,0,0,0,0,0,0,0
P0338-S01,42,II. Comportamientos críticos nocivos para el Estado,Comportamiento 4. Parálisis operativa,53,0,,0,,0,,0,,0,,0,,0,,0,,0,0,0,0,0,0,0,0,1,0
P0338-S02,42,II. Comportamientos críticos nocivos para el Estado,Comportamiento 4. Parálisis operativa,23,0,,0,,0,,0,,0,,0,,1,proteger,0,,0,0,0,0,0,0,0,0,1,0
P0339-S01,42,II. Comportamientos críticos nocivos para el Estado,Comportamiento 4. Parálisis operativa,33,0,,1,riesgo de,0,,1,gobierno saliente,0,,0,,0,,2,parálisis; riesgo,0,1,1,0,0,0,0,0,0,0
P0339-S02,42,II. Comportamientos críticos nocivos para el Estado,Comportamiento 4. Parálisis operativa,37,0,,0,,0,,0,,0,,0,,0,,0,,0,0,0,0,0,0,1,0,0,0
P0341-S01,42,II. Comportamientos críticos nocivos para el Estado,Comportamiento 4. Parálisis operativa,19,0,,0,,0,,0,,0,,0,,0,,0,,0,0,1,0,0,0,0,0,0,0
P0342-S01,42,II. Comportamientos críticos nocivos para el Estado,Comportamiento 4. Parálisis operativa,44,0,,0,,1,evidenció,0,,0,,0,,0,,0,,0,0,1,0,0,0,0,0,0,0
P0342-S02,42,II. Comportamientos críticos nocivos para el Estado,Comportamiento 4. Parálisis operativa,18,0,,0,,0,,0,,0,,0,,0,,0,,0,0,0,0,0,0,0,0,0,0
P0342-S03,42,II. Comportamientos críticos nocivos para el Estado,Comportamiento 4. Parálisis operativa,31,0,,0,,0,,0,,0,,0,,0,,0,,0,0,0,0,0,0,0,0,0,0
P0343-S01,42,II. Comportamientos críticos nocivos para el Estado,Comportamiento 4. Parálisis operativa,38,0,,0,,1,concluyó,0,,0,,0,,0,,0,,0,0,0,0,0,0,0,0,0,0
P0343-S02,43,II. Comportamientos críticos nocivos para el Estado,Comportamiento 4. Parálisis operativa,38,0,,1,presunta,1,advirtió,0,,0,,0,,1,cumplimiento,0,,0,0,0,0,1,0,0,0,0,0
P0344-S01,43,II. Comportamientos críticos nocivos para el Estado,Comportamiento 4. Parálisis operativa,27,0,,0,,0,,0,,0,,0,,0,,0,,0,0,0,0,0,0,0,0,0,0
P0345-S01,43,II. Comportamientos críticos nocivos para el Estado,Comportamiento 4. Parálisis operativa,31,0,,0,,0,,0,,0,,0,,0,,0,,0,0,0,0,0,0,0,0,0,0
P0347-S01,43,II. Comportamientos críticos nocivos para el Estado,Comportamiento 4. Parálisis operativa,22,0,,0,,0,,0,,0,,0,,0,,1,déficit,1,0,0,0,0,0,0,0,0,0
P0348-S01,43,II. Comportamientos críticos nocivos para el Estado,Comportamiento 4. Parálisis operativa,47,0,,2,riesgo de; posiblemente,1,según,0,,0,,0,,0,,3,déficit; riesgo; déficit,2,1,0,0,0,0,0,0,0,0
P0348-S02,43,II. Comportamientos críticos nocivos para el Estado,Comportamiento 4. Parálisis operativa,17,0,,0,,0,,0,,0,,0,,0,,0,,0,0,0,0,0,0,0,0,0,0
P0348-S03,43,II. Comportamientos críticos nocivos para el Estado,Comportamiento 4. Parálisis operativa,24,0,,0,,0,,0,,0,,0,,0,,0,,0,0,0,0,0,0,0,0,0,0
P0349-S01,43,II. Comportamientos críticos nocivos para el Estado,Comportamiento 4. Parálisis operativa,14,0,,1,podría,0,,0,,0,,0,,0,,0,,0,0,0,0,0,0,0,0,0,0
P0349-S02,43,II. Comportamientos críticos nocivos para el Estado,Comportamiento 4. Parálisis operativa,27,0,,0,,0,,0,,0,,0,,2,garantizar; servicio,0,,0,0,0,0,0,0,0,0,0,0
P0350-S01,43,II. Comportamientos críticos nocivos para el Estado,Comportamiento 4. Parálisis operativa,24,0,,0,,0,,0,,0,,0,,0,,0,,0,0,0,0,0,0,0,0,0,0
P0350-S02,43,II. Comportamientos críticos nocivos para el Estado,Comportamiento 4. Parálisis operativa,15,0,,0,,0,,0,,0,,0,,0,,0,,0,0,0,0,0,0,0,0,0,0
P0350-S03,43,II. Comportamientos críticos nocivos para el Estado,Comportamiento 4. Parálisis operativa,20,0,,0,,0,,0,,0,,0,,0,,0,,0,0,0,0,0,0,0,0,0,0
P0351-S01,43,II. Comportamientos críticos nocivos para el Estado,Comportamiento 4. Parálisis operativa,19,0,,1,riesgo de,0,,0,,0,,0,,0,,2,déficit; riesgo,1,1,0,0,0,0,0,0,0,1
P0351-S02,43,II. Comportamientos críticos nocivos para el Estado,Comportamiento 4. Parálisis operativa,26,0,,0,,0,,0,,0,,0,,0,,1,riesgo,0,1,0,0,0,0,0,0,0,0
P0353-S01,43,II. Comportamientos críticos nocivos para el Estado,Comportamiento 4. Parálisis operativa,13,0,,0,,0,,0,,0,,0,,0,,0,,0,0,0,0,0,0,0,0,0,0
P0354-S01,43,II. Comportamientos críticos nocivos para el Estado,Comportamiento 4. Parálisis operativa,40,0,,0,,0,,0,,0,,0,,0,,0,,0,0,0,0,0,0,0,0,0,0
P0354-S02,44,II. Comportamientos críticos nocivos para el Estado,Comportamiento 4. Parálisis operativa,7,0,,0,,0,,0,,0,,0,,0,,0,,0,0,0,0,0,0,0,0,0,0
P0354-S03,44,II. Comportamientos críticos nocivos para el Estado,Comportamiento 4. Parálisis operativa,20,0,,0,,0,,0,,0,,0,,0,,0,,0,0,0,0,0,0,0,0,0,0
P0355-S01,44,II. Comportamientos críticos nocivos para el Estado,Comportamiento 4. Parálisis operativa,49,0,,0,,2,reportó; señaló,0,,0,,0,,1,avance,0,,0,0,0,0,1,0,0,0,0,0
P0355-S02,44,II. Comportamientos críticos nocivos para el Estado,Comportamiento 4. Parálisis operativa,28,0,,0,,0,,0,,0,,0,,2,avance; avance,0,,0,0,0,0,2,0,0,0,0,0
P0355-S03,44,II. Comportamientos críticos nocivos para el Estado,Comportamiento 4. Parálisis operativa,43,0,,1,cerca de,0,,0,,0,,0,,0,,0,,0,0,0,0,0,0,0,0,0,0
P0355-S04,44,II. Comportamientos críticos nocivos para el Estado,Comportamiento 4. Parálisis operativa,17,0,,0,,0,,0,,0,,0,,0,,0,,0,0,0,0,0,0,0,0,0,0
P0356-S01,44,II. Comportamientos críticos nocivos para el Estado,Comportamiento 4. Parálisis operativa,27,0,,0,,0,,0,,0,,0,,0,,1,parálisis,0,0,1,0,0,0,0,0,0,0
P0356-S02,44,II. Comportamientos críticos nocivos para el Estado,Comportamiento 4. Parálisis operativa,33,0,,0,,0,,0,,0,,0,,0,,0,,0,0,0,0,0,0,0,0,0,0
P0358-S01,44,II. Comportamientos críticos nocivos para el Estado,Comportamiento 5. Captura contractual y concentración del poder operativo,21,0,,0,,0,,0,,0,,0,,0,,0,,0,0,0,0,0,0,0,0,0,0
P0360-S01,44,II. Comportamientos críticos nocivos para el Estado,Comportamiento 5. Captura contractual y concentración del poder operativo,25,1,verificables,0,,0,,0,,0,,0,,1,proteger,0,,0,0,0,0,0,0,0,0,0,0
P0361-S01,44,II. Comportamientos críticos nocivos para el Estado,Comportamiento 5. Captura contractual y concentración del poder operativo,60,0,,0,,1,según,1,gobierno saliente,0,,0,,1,proteger,0,,0,0,0,0,0,0,0,0,0,0
P0361-S02,44,II. Comportamientos críticos nocivos para el Estado,Comportamiento 5. Captura contractual y concentración del poder operativo,29,1,verificables,0,,0,,0,,0,,0,,0,,0,,0,0,0,0,0,1,0,0,0,0
P0362-S01,45,II. Comportamientos críticos nocivos para el Estado,Comportamiento 5. Captura contractual y concentración del poder operativo,12,0,,0,,0,,0,,0,,0,,0,,0,,0,0,0,0,0,1,0,0,0,0
P0362-S02,45,II. Comportamientos críticos nocivos para el Estado,Comportamiento 5. Captura contractual y concentración del poder operativo,39,0,,0,,1,advirtió,1,gobierno saliente,0,,0,,0,,0,,0,0,0,0,0,0,0,0,0,0
P0362-S03,45,II. Comportamientos críticos nocivos para el Estado,Comportamiento 5. Captura contractual y concentración del poder operativo,35,0,,0,,1,señaló,0,,0,,0,,0,,2,irregularidades; fallas,0,0,1,1,0,0,0,0,0,0
P0362-S04,45,II. Comportamientos críticos nocivos para el Estado,Comportamiento 5. Captura contractual y concentración del poder operativo,41,0,,0,,0,,1,gobierno saliente,0,,0,,0,,1,riesgo,0,1,1,0,0,0,0,0,0,0
P0363-S01,45,II. Comportamientos críticos nocivos para el Estado,Comportamiento 5. Captura contractual y concentración del poder operativo,48,0,,0,,0,,0,,0,,0,,1,proteger,1,riesgo,0,2,0,0,0,0,0,2,0,0
P0363-S02,45,II. Comportamientos críticos nocivos para el Estado,Comportamiento 5. Captura contractual y concentración del poder operativo,18,0,,0,,0,,0,,0,,0,,0,,0,,0,0,0,0,0,0,0,0,1,0
P0365-S01,45,II. Comportamientos críticos nocivos para el Estado,Comportamiento 5. Captura contractual y concentración del poder operativo,19,0,,0,,0,,0,,0,,0,,0,,0,,0,0,0,1,0,0,0,0,0,0
P0366-S01,45,II. Comportamientos críticos nocivos para el Estado,Comportamiento 5. Captura contractual y concentración del poder operativo,38,0,,0,,0,,0,,0,,0,,1,cumplimiento,0,,0,0,0,0,1,0,0,0,0,0
P0366-S02,45,II. Comportamientos críticos nocivos para el Estado,Comportamiento 5. Captura contractual y concentración del poder operativo,25,0,,1,presuntamente,1,señaló,0,,0,,0,,0,,0,,0,0,0,0,0,0,0,0,0,0
P0366-S03,45,II. Comportamientos críticos nocivos para el Estado,Comportamiento 5. Captura contractual y concentración del poder operativo,30,0,,0,,0,,0,,0,,0,,0,,1,riesgo,0,1,0,0,0,0,0,0,0,0
P0367-S01,45,II. Comportamientos críticos nocivos para el Estado,Comportamiento 5. Captura contractual y concentración del poder operativo,65,0,,1,presuntamente,1,evidencia,1,gobierno saliente,0,,0,,0,,1,falla,0,0,1,1,0,0,0,0,0,0
P0367-S02,45,II. Comportamientos críticos nocivos para el Estado,Comportamiento 5. Captura contractual y concentración del poder operativo,28,1,confirma,0,,0,,0,,0,,0,,0,,0,,0,0,0,1,0,0,0,0,0,0
P0367-S03,45,II. Comportamientos críticos nocivos para el Estado,Comportamiento 5. Captura contractual y concentración del poder operativo,16,0,,0,,0,,0,,0,,0,,0,,0,,0,0,0,0,0,0,0,0,0,0
P0369-S01,45,II. Comportamientos críticos nocivos para el Estado,Comportamiento 5. Captura contractual y concentración del poder operativo,21,0,,0,,0,,0,,0,,0,,0,,0,,0,0,0,0,0,0,0,0,0,0
P0370-S01,46,II. Comportamientos críticos nocivos para el Estado,Comportamiento 5. Captura contractual y concentración del poder operativo,35,0,,1,aproximadamente,0,,0,,0,,0,,0,,0,,0,0,0,0,0,0,0,0,0,0
P0370-S02,46,II. Comportamientos críticos nocivos para el Estado,Comportamiento 5. Captura contractual y concentración del poder operativo,35,1,verificables,0,,0,,0,,0,,0,,0,,0,,0,0,0,0,0,0,0,0,0,0
P0371-S01,46,II. Comportamientos críticos nocivos para el Estado,Comportamiento 5. Captura contractual y concentración del poder operativo,22,0,,0,,0,,0,,0,,0,,0,,0,,0,0,0,0,0,0,0,0,0,0
P0371-S02,46,II. Comportamientos críticos nocivos para el Estado,Comportamiento 5. Captura contractual y concentración del poder operativo,45,0,,2,pudo; habrían,0,,0,,0,,0,,0,,0,,0,0,0,0,0,0,0,0,1,1
P0371-S03,46,II. Comportamientos críticos nocivos para el Estado,Comportamiento 5. Captura contractual y concentración del poder operativo,27,0,,0,,0,,0,,0,,0,,0,,0,,0,0,0,0,0,0,0,0,0,0
P0371-S04,46,II. Comportamientos críticos nocivos para el Estado,Comportamiento 5. Captura contractual y concentración del poder operativo,9,0,,0,,0,,0,,0,,0,,0,,0,,0,0,0,0,0,0,0,0,0,0
P0373-S01,46,II. Comportamientos críticos nocivos para el Estado,Comportamiento 5. Captura contractual y concentración del poder operativo,26,0,,1,cerca de,0,,1,gobierno saliente,0,,0,,0,,0,,0,0,0,0,0,0,0,0,0,0
P0374-S01,46,II. Comportamientos críticos nocivos para el Estado,Comportamiento 5. Captura contractual y concentración del poder operativo,64,0,,1,cerca de,0,,0,,0,,0,,0,,0,,0,0,0,0,0,0,0,0,0,0
P0374-S02,46,II. Comportamientos críticos nocivos para el Estado,Comportamiento 5. Captura contractual y concentración del poder operativo,21,0,,0,,0,,0,,0,,0,,0,,0,,0,0,0,0,0,0,0,0,0,0
P0375-S01,46,II. Comportamientos críticos nocivos para el Estado,Comportamiento 5. Captura contractual y concentración del poder operativo,28,0,,0,,0,,0,,0,,0,,0,,0,,0,0,0,0,0,0,0,0,1,0
P0375-S02,46,II. Comportamientos críticos nocivos para el Estado,Comportamiento 5. Captura contractual y concentración del poder operativo,38,0,,0,,0,,0,,0,,0,,0,,0,,0,0,0,0,0,0,0,0,0,0
P0376-S01,46,II. Comportamientos críticos nocivos para el Estado,Comportamiento 5. Captura contractual y concentración del poder operativo,37,0,,0,,0,,0,,0,,0,,1,transparencia,0,,0,0,0,0,0,0,0,0,1,0
P0378-S01,46,II. Comportamientos críticos nocivos para el Estado,Comportamiento 5. Captura contractual y concentración del poder operativo,30,0,,0,,0,,1,gobierno saliente,0,,0,,0,,0,,0,0,0,0,0,0,0,0,0,0
P0379-S01,47,II. Comportamientos críticos nocivos para el Estado,Comportamiento 5. Captura contractual y concentración del poder operativo,45,0,,0,,0,,1,gobierno saliente,0,,0,,0,,0,,0,0,0,0,0,0,0,0,0,0
P0380-S01,47,II. Comportamientos críticos nocivos para el Estado,Comportamiento 5. Captura contractual y concentración del poder operativo,48,1,verificables,0,,0,,0,,0,,0,,0,,0,,0,0,0,0,0,0,0,0,0,0
P0380-S02,47,II. Comportamientos críticos nocivos para el Estado,Comportamiento 5. Captura contractual y concentración del poder operativo,44,0,,0,,0,,0,,0,,0,,1,calidad,0,,0,0,0,0,0,0,0,0,0,0
P0381-S01,47,II. Comportamientos críticos nocivos para el Estado,Comportamiento 5. Captura contractual y concentración del poder operativo,5,0,,0,,0,,0,,0,,0,,0,,1,riesgo,0,1,0,0,0,0,0,0,0,0
P0381-S02,47,II. Comportamientos críticos nocivos para el Estado,Comportamiento 5. Captura contractual y concentración del poder operativo,17,0,,0,,0,,0,,0,,0,,0,,0,,0,0,0,0,0,0,0,0,0,0
P0381-S03,47,II. Comportamientos críticos nocivos para el Estado,Comportamiento 5. Captura contractual y concentración del poder operativo,37,0,,0,,0,,0,,0,,0,,0,,0,,0,0,0,0,0,0,0,0,0,0
P0383-S01,47,II. Comportamientos críticos nocivos para el Estado,Comportamiento 5. Captura contractual y concentración del poder operativo,21,0,,0,,0,,0,,0,,0,,0,,0,,0,0,0,0,0,0,0,0,0,0
P0384-S01,47,II. Comportamientos críticos nocivos para el Estado,Comportamiento 5. Captura contractual y concentración del poder operativo,9,0,,0,,0,,0,,0,,0,,0,,0,,0,0,0,0,0,0,0,0,0,0
P0384-S02,47,II. Comportamientos críticos nocivos para el Estado,Comportamiento 5. Captura contractual y concentración del poder operativo,39,0,,0,,0,,0,,0,,0,,0,,0,,0,0,0,0,0,0,0,0,0,0
P0384-S03,47,II. Comportamientos críticos nocivos para el Estado,Comportamiento 5. Captura contractual y concentración del poder operativo,57,0,,0,,2,evidencia; según,0,,0,,0,,0,,0,,0,0,0,0,0,0,0,0,0,0
P0385-S01,47,II. Comportamientos críticos nocivos para el Estado,Comportamiento 5. Captura contractual y concentración del poder operativo,42,0,,0,,0,,0,,0,,0,,2,fortalecer; calidad,0,,0,0,0,0,0,0,0,0,0,0
P0385-S02,47,II. Comportamientos críticos nocivos para el Estado,Comportamiento 5. Captura contractual y concentración del poder operativo,31,0,,0,,0,,0,,0,,0,,0,,0,,0,0,0,0,0,0,0,0,0,0
P0385-S03,47,II. Comportamientos críticos nocivos para el Estado,Comportamiento 5. Captura contractual y concentración del poder operativo,28,0,,1,podría,0,,0,,0,,0,,0,,2,riesgo; riesgo,0,2,0,0,0,0,0,0,2,0
P0387-S01,47,II. Comportamientos críticos nocivos para el Estado,Comportamiento 5. Captura contractual y concentración del poder operativo,18,0,,0,,0,,0,,0,,0,,0,,0,,0,0,0,0,0,0,0,0,0,0
P0388-S01,47,II. Comportamientos críticos nocivos para el Estado,Comportamiento 5. Captura contractual y concentración del poder operativo,42,0,,0,,1,según,0,,0,,0,,0,,0,,0,0,0,0,0,0,0,1,0,0
P0388-S02,48,II. Comportamientos críticos nocivos para el Estado,Comportamiento 5. Captura contractual y concentración del poder operativo,21,0,,0,,0,,0,,0,,0,,0,,0,,0,0,0,0,0,0,0,0,0,0
P0388-S03,48,II. Comportamientos críticos nocivos para el Estado,Comportamiento 5. Captura contractual y concentración del poder operativo,17,0,,0,,0,,0,,0,,0,,0,,0,,0,0,0,0,0,0,0,0,0,0
P0389-S01,48,II. Comportamientos críticos nocivos para el Estado,Comportamiento 5. Captura contractual y concentración del poder operativo,10,0,,0,,0,,0,,0,,0,,0,,1,grave,0,0,0,0,0,0,0,0,0,0
P0389-S02,48,II. Comportamientos críticos nocivos para el Estado,Comportamiento 5. Captura contractual y concentración del poder operativo,39,0,,0,,0,,0,,0,,0,,0,,0,,0,0,0,0,0,0,0,0,0,0
P0389-S03,48,II. Comportamientos críticos nocivos para el Estado,Comportamiento 5. Captura contractual y concentración del poder operativo,24,0,,0,,0,,0,,0,,0,,0,,0,,0,0,0,0,0,0,0,0,0,0
P0389-S04,48,II. Comportamientos críticos nocivos para el Estado,Comportamiento 5. Captura contractual y concentración del poder operativo,55,1,verificables,0,,0,,0,,0,,0,,0,,0,,0,0,0,0,0,0,0,0,0,0
P0389-S05,48,II. Comportamientos críticos nocivos para el Estado,Comportamiento 5. Captura contractual y concentración del poder operativo,38,0,,0,,0,,0,,0,,0,,1,calidad,0,,0,0,0,0,0,0,0,0,0,0
P0391-S01,48,II. Comportamientos críticos nocivos para el Estado,Comportamiento 5. Captura contractual y concentración del poder operativo,13,0,,0,,0,,0,,0,,0,,0,,0,,0,0,0,0,0,0,0,0,0,0
P0392-S01,48,II. Comportamientos críticos nocivos para el Estado,Comportamiento 5. Captura contractual y concentración del poder operativo,12,0,,0,,0,,0,,0,,0,,0,,0,,0,0,0,0,0,0,0,0,0,0
P0392-S02,48,II. Comportamientos críticos nocivos para el Estado,Comportamiento 5. Captura contractual y concentración del poder operativo,27,0,,0,,0,,0,,0,,0,,0,,0,,0,0,0,0,0,0,0,0,0,0
P0393-S01,48,II. Comportamientos críticos nocivos para el Estado,Comportamiento 5. Captura contractual y concentración del poder operativo,26,0,,0,,0,,0,,0,,0,,0,,0,,0,0,0,0,0,0,0,0,0,0
P0393-S02,48,II. Comportamientos críticos nocivos para el Estado,Comportamiento 5. Captura contractual y concentración del poder operativo,53,0,,0,,0,,0,,0,,0,,0,,0,,0,0,0,0,0,0,0,0,0,0
P0393-S03,48,II. Comportamientos críticos nocivos para el Estado,Comportamiento 5. Captura contractual y concentración del poder operativo,43,0,,0,,0,,0,,0,,0,,1,cumplimiento,0,,0,0,0,0,1,0,0,0,0,0
P0395-S01,49,II. Comportamientos críticos nocivos para el Estado,Comportamiento 5. Captura contractual y concentración del poder operativo,12,0,,0,,0,,0,,0,,0,,0,,0,,0,0,0,0,0,0,0,0,0,0
P0396-S01,49,II. Comportamientos críticos nocivos para el Estado,Comportamiento 5. Captura contractual y concentración del poder operativo,59,0,,0,,0,,0,,0,,0,,0,,0,,0,0,0,0,0,0,0,0,0,0
P0396-S02,49,II. Comportamientos críticos nocivos para el Estado,Comportamiento 5. Captura contractual y concentración del poder operativo,18,0,,0,,0,,0,,0,,0,,0,,0,,0,0,0,0,0,0,0,0,0,0
P0397-S01,49,II. Comportamientos críticos nocivos para el Estado,Comportamiento 5. Captura contractual y concentración del poder operativo,27,0,,0,,1,evidencia,0,,0,,0,,0,,0,,0,0,0,0,0,0,0,0,0,0
P0397-S02,49,II. Comportamientos críticos nocivos para el Estado,Comportamiento 5. Captura contractual y concentración del poder operativo,15,0,,0,,0,,0,,0,,0,,0,,0,,0,0,0,0,0,0,0,0,0,0
P0397-S03,49,II. Comportamientos críticos nocivos para el Estado,Comportamiento 5. Captura contractual y concentración del poder operativo,33,0,,0,,0,,0,,0,,0,,0,,0,,0,0,0,0,0,0,0,0,0,0
P0397-S04,49,II. Comportamientos críticos nocivos para el Estado,Comportamiento 5. Captura contractual y concentración del poder operativo,49,0,,0,,0,,0,,0,,0,,0,,0,,0,0,0,0,0,0,0,0,0,0
P0399-S01,49,II. Comportamientos críticos nocivos para el Estado,Comportamiento 5. Captura contractual y concentración del poder operativo,14,0,,0,,0,,0,,0,,0,,0,,0,,0,0,0,0,0,0,0,0,0,0
P0400-S01,49,II. Comportamientos críticos nocivos para el Estado,Comportamiento 5. Captura contractual y concentración del poder operativo,29,0,,0,,0,,0,,0,,0,,0,,0,,0,0,0,0,0,0,0,0,0,0
P0401-S01,49,II. Comportamientos críticos nocivos para el Estado,Comportamiento 5. Captura contractual y concentración del poder operativo,32,0,,0,,0,,0,,0,,0,,0,,0,,0,0,0,0,0,0,0,0,0,0
P0402-S01,49,II. Comportamientos críticos nocivos para el Estado,Comportamiento 5. Captura contractual y concentración del poder operativo,43,0,,2,posible; presuntos,0,,0,,0,,0,,0,,0,,0,0,0,0,0,0,0,0,0,0
P0402-S02,49,II. Comportamientos críticos nocivos para el Estado,Comportamiento 5. Captura contractual y concentración del poder operativo,12,0,,0,,0,,0,,0,,0,,0,,0,,0,0,0,0,0,0,0,0,0,0
P0402-S03,49,II. Comportamientos críticos nocivos para el Estado,Comportamiento 5. Captura contractual y concentración del poder operativo,39,0,,0,,0,,0,,0,,0,,0,,0,,0,0,0,0,0,0,0,0,0,0
P0404-S01,50,II. Comportamientos críticos nocivos para el Estado,Comportamiento 6. Expansión del riesgo litigioso,24,0,,0,,0,,0,,0,,0,,0,,0,,0,0,0,0,0,0,0,0,0,0
P0405-S01,50,II. Comportamientos críticos nocivos para el Estado,Comportamiento 6. Expansión del riesgo litigioso,2,0,,0,,0,,0,,0,,0,,0,,0,,0,0,0,0,0,0,0,0,0,0
P0405-S02,50,II. Comportamientos críticos nocivos para el Estado,Comportamiento 6. Expansión del riesgo litigioso,0,0,,0,,0,,0,,0,,0,,0,,0,,0,0,0,0,0,0,0,0,0,0
P0407-S01,50,II. Comportamientos críticos nocivos para el Estado,Comportamiento 6. Expansión del riesgo litigioso,15,0,,0,,0,,0,,0,,0,,0,,0,,0,0,0,0,0,0,0,0,0,0
P0408-S01,50,II. Comportamientos críticos nocivos para el Estado,Comportamiento 6. Expansión del riesgo litigioso,30,0,,0,,0,,0,,0,,0,,0,,0,,0,0,0,0,0,0,0,0,0,0
P0408-S02,50,II. Comportamientos críticos nocivos para el Estado,Comportamiento 6. Expansión del riesgo litigioso,31,0,,0,,0,,0,,0,,0,,0,,1,riesgo,0,1,0,0,0,0,0,0,0,0
P0408-S03,50,II. Comportamientos críticos nocivos para el Estado,Comportamiento 6. Expansión del riesgo litigioso,42,1,nunca,0,,0,,0,,0,,0,,0,,0,,0,0,0,0,0,0,0,0,0,0
P0408-S04,50,II. Comportamientos críticos nocivos para el Estado,Comportamiento 6. Expansión del riesgo litigioso,12,0,,0,,0,,0,,0,,0,,0,,0,,0,0,0,0,0,0,0,0,0,0
P0408-S05,50,II. Comportamientos críticos nocivos para el Estado,Comportamiento 6. Expansión del riesgo litigioso,10,0,,0,,0,,0,,0,,0,,0,,1,ineficiencia,0,0,1,0,0,0,0,0,0,0
P0409-S01,50,II. Comportamientos críticos nocivos para el Estado,Comportamiento 6. Expansión del riesgo litigioso,25,1,nunca,0,,0,,0,,0,,0,,0,,0,,0,0,0,0,0,0,0,0,0,0
P0409-S02,50,II. Comportamientos críticos nocivos para el Estado,Comportamiento 6. Expansión del riesgo litigioso,28,0,,0,,0,,0,,0,,0,,0,,0,,0,0,0,0,0,0,0,0,0,0
P0410-S01,50,II. Comportamientos críticos nocivos para el Estado,Comportamiento 6. Expansión del riesgo litigioso,37,0,,0,,0,,0,,0,,0,,0,,0,,0,0,0,0,0,0,0,0,0,0
P0410-S02,50,II. Comportamientos críticos nocivos para el Estado,Comportamiento 6. Expansión del riesgo litigioso,34,1,nunca,0,,0,,0,,0,,0,,0,,0,,0,0,0,0,0,0,0,0,0,0
P0412-S01,50,II. Comportamientos críticos nocivos para el Estado,Comportamiento 6. Expansión del riesgo litigioso,24,0,,1,cerca de,0,,0,,0,,0,,0,,0,,0,0,0,0,0,0,0,0,0,0
P0413-S01,50,II. Comportamientos críticos nocivos para el Estado,Comportamiento 6. Expansión del riesgo litigioso,36,0,,0,,0,,0,,0,,0,,0,,0,,0,0,0,0,0,1,0,1,0,0
P0413-S02,50,II. Comportamientos críticos nocivos para el Estado,Comportamiento 6. Expansión del riesgo litigioso,46,0,,0,,1,según,0,,0,,0,,2,garantizar; oportuno,0,,0,0,0,0,0,1,0,0,0,0
P0413-S03,50,II. Comportamientos críticos nocivos para el Estado,Comportamiento 6. Expansión del riesgo litigioso,16,0,,0,,0,,0,,0,,0,,0,,0,,0,1,0,0,0,0,0,0,0,0
P0414-S01,51,II. Comportamientos críticos nocivos para el Estado,Comportamiento 6. Expansión del riesgo litigioso,17,0,,1,podrían,0,,0,,0,,0,,0,,0,,0,0,0,0,0,0,0,0,1,0
P0414-S02,51,II. Comportamientos críticos nocivos para el Estado,Comportamiento 6. Expansión del riesgo litigioso,18,0,,0,,0,,0,,0,,0,,0,,0,,0,0,0,0,0,0,0,0,0,0
P0414-S03,51,II. Comportamientos críticos nocivos para el Estado,Comportamiento 6. Expansión del riesgo litigioso,25,0,,0,,0,,0,,0,,0,,0,,0,,0,0,0,0,0,0,0,0,0,0
P0416-S01,51,II. Comportamientos críticos nocivos para el Estado,Comportamiento 6. Expansión del riesgo litigioso,15,0,,0,,0,,0,,0,,0,,0,,0,,0,0,0,0,0,0,0,0,0,0
P0417-S01,51,II. Comportamientos críticos nocivos para el Estado,Comportamiento 6. Expansión del riesgo litigioso,33,0,,0,,0,,0,,0,,0,,0,,0,,0,0,0,0,0,0,0,0,0,0
P0417-S02,51,II. Comportamientos críticos nocivos para el Estado,Comportamiento 6. Expansión del riesgo litigioso,26,0,,1,presunto,0,,0,,0,,0,,0,,0,,0,0,0,0,0,0,0,0,0,0
P0417-S03,51,II. Comportamientos críticos nocivos para el Estado,Comportamiento 6. Expansión del riesgo litigioso,27,0,,0,,0,,0,,0,,0,,1,servicio,0,,0,0,0,0,0,0,0,0,0,0
P0418-S01,51,II. Comportamientos críticos nocivos para el Estado,Comportamiento 6. Expansión del riesgo litigioso,21,0,,0,,0,,0,,0,,0,,0,,0,,0,0,0,0,0,0,0,0,0,0
P0418-S02,51,II. Comportamientos críticos nocivos para el Estado,Comportamiento 6. Expansión del riesgo litigioso,38,0,,1,podrían,0,,0,,0,,0,,0,,0,,0,0,0,0,0,0,0,0,1,0
P0418-S03,51,II. Comportamientos críticos nocivos para el Estado,Comportamiento 6. Expansión del riesgo litigioso,35,0,,0,,0,,0,,0,,0,,2,confianza; servicio,1,riesgos,0,1,0,0,0,0,0,0,0,0
P0420-S01,51,II. Comportamientos críticos nocivos para el Estado,Comportamiento 6. Expansión del riesgo litigioso,10,0,,0,,0,,0,,0,,0,,0,,0,,0,0,0,1,0,0,0,0,0,0
P0420-S02,51,II. Comportamientos críticos nocivos para el Estado,Comportamiento 6. Expansión del riesgo litigioso,16,0,,1,riesgo de,0,,0,,0,,0,,0,,1,riesgo,0,1,0,0,0,0,0,0,0,0
P0421-S01,51,II. Comportamientos críticos nocivos para el Estado,Comportamiento 6. Expansión del riesgo litigioso,79,1,claramente,0,,0,,0,,0,,0,,0,,1,riesgo,0,2,0,0,0,0,0,0,0,0
P0421-S02,51,II. Comportamientos críticos nocivos para el Estado,Comportamiento 6. Expansión del riesgo litigioso,19,0,,0,,0,,0,,0,,0,,0,,0,,0,0,0,0,0,0,0,0,1,0
P0422-S01,51,II. Comportamientos críticos nocivos para el Estado,Comportamiento 6. Expansión del riesgo litigioso,8,0,,0,,0,,0,,0,,0,,0,,0,,0,0,0,0,0,0,0,0,0,0
P0422-S02,51,II. Comportamientos críticos nocivos para el Estado,Comportamiento 6. Expansión del riesgo litigioso,27,0,,0,,0,,0,,0,,0,,0,,0,,0,0,0,0,0,0,0,0,0,0
P0422-S03,51,II. Comportamientos críticos nocivos para el Estado,Comportamiento 6. Expansión del riesgo litigioso,8,0,,0,,0,,0,,0,,0,,0,,0,,0,0,0,0,0,0,0,0,0,0
P0422-S04,51,II. Comportamientos críticos nocivos para el Estado,Comportamiento 6. Expansión del riesgo litigioso,36,0,,0,,0,,0,,0,,0,,0,,1,crisis,1,0,0,0,0,0,0,0,0,0
P0422-S05,52,II. Comportamientos críticos nocivos para el Estado,Comportamiento 6. Expansión del riesgo litigioso,7,0,,0,,0,,0,,0,,0,,0,,1,riesgo,0,1,0,0,0,0,0,0,0,0
P0422-S06,52,II. Comportamientos críticos nocivos para el Estado,Comportamiento 6. Expansión del riesgo litigioso,10,0,,0,,0,,0,,0,,0,,0,,1,riesgo,0,2,0,0,0,0,0,0,0,0
P0423-S01,52,II. Comportamientos críticos nocivos para el Estado,Comportamiento 6. Expansión del riesgo litigioso,53,0,,0,,1,evidencia,0,,0,,0,,0,,2,deterioro; colapso,1,0,1,0,0,0,0,0,0,0
P0424-S01,52,II. Comportamientos críticos nocivos para el Estado,Comportamiento 6. Expansión del riesgo litigioso,27,0,,0,,0,,0,,0,,0,,0,,1,riesgos,0,1,0,0,0,0,0,0,0,0
P0425-S01,52,II. Comportamientos críticos nocivos para el Estado,Comportamiento 6. Expansión del riesgo litigioso,34,1,definitivamente,0,,0,,0,,0,,0,,0,,2,crisis; riesgo,1,1,0,0,0,0,0,0,1,0
P0425-S02,52,II. Comportamientos críticos nocivos para el Estado,Comportamiento 6. Expansión del riesgo litigioso,18,0,,0,,0,,0,,0,,0,,0,,0,,1,0,0,0,0,0,0,0,0,0
P0425-S03,52,II. Comportamientos críticos nocivos para el Estado,Comportamiento 6. Expansión del riesgo litigioso,30,0,,1,podrían,0,,1,irresponsable,0,,0,,0,,3,colapso; irresponsable; crisis,2,0,0,0,0,0,0,0,1,0
P0427-S01,52,II. Comportamientos críticos nocivos para el Estado,Comportamiento 6. Expansión del riesgo litigioso,21,0,,0,,0,,1,gobierno saliente,0,,0,,0,,0,,0,0,0,0,0,0,0,0,0,0
P0428-S01,52,II. Comportamientos críticos nocivos para el Estado,Comportamiento 6. Expansión del riesgo litigioso,50,0,,0,,0,,0,,0,,0,,0,,0,,0,0,0,0,0,0,0,0,0,0
P0429-S01,52,II. Comportamientos críticos nocivos para el Estado,Comportamiento 6. Expansión del riesgo litigioso,90,0,,0,,0,,0,,1,resultado de,0,,0,,0,,0,0,0,0,0,0,0,0,0,0
P0429-S02,52,II. Comportamientos críticos nocivos para el Estado,Comportamiento 6. Expansión del riesgo litigioso,65,0,,0,,0,,0,,0,,0,,0,,0,,0,0,0,0,0,0,0,0,0,0
P0430-S01,52,II. Comportamientos críticos nocivos para el Estado,Comportamiento 6. Expansión del riesgo litigioso,72,0,,0,,0,,0,,0,,0,,0,,0,,0,0,0,0,0,0,0,0,0,0
P0431-S01,53,II. Comportamientos críticos nocivos para el Estado,Comportamiento 6. Expansión del riesgo litigioso,53,0,,0,,0,,0,,1,resultado de,0,,0,,1,ilegal,0,0,0,0,0,0,0,0,0,0
P0431-S02,53,II. Comportamientos críticos nocivos para el Estado,Comportamiento 6. Expansión del riesgo litigioso,45,0,,0,,1,evidencia,0,,1,resultado de,0,,0,,0,,0,0,0,0,0,0,0,0,0,0
P0432-S01,53,II. Comportamientos críticos nocivos para el Estado,Comportamiento 6. Expansión del riesgo litigioso,28,0,,0,,0,,0,,0,,0,,0,,0,,0,0,0,0,0,0,0,0,0,0
P0432-S02,53,II. Comportamientos críticos nocivos para el Estado,Comportamiento 6. Expansión del riesgo litigioso,49,0,,0,,1,según,0,,0,,0,,0,,0,,0,0,0,0,0,0,0,0,0,0
P0433-S01,53,II. Comportamientos críticos nocivos para el Estado,Comportamiento 6. Expansión del riesgo litigioso,7,0,,0,,0,,0,,0,,0,,0,,0,,0,0,0,0,0,0,0,0,0,0
P0433-S02,53,II. Comportamientos críticos nocivos para el Estado,Comportamiento 6. Expansión del riesgo litigioso,25,0,,0,,0,,0,,0,,0,,0,,0,,0,0,0,0,0,0,0,0,0,0
P0433-S03,53,II. Comportamientos críticos nocivos para el Estado,Comportamiento 6. Expansión del riesgo litigioso,51,0,,2,posible; riesgo de,0,,0,,0,,0,,0,,1,riesgo,0,1,0,0,0,0,0,0,0,0
P0434-S01,53,II. Comportamientos críticos nocivos para el Estado,Comportamiento 6. Expansión del riesgo litigioso,13,0,,0,,0,,0,,0,,0,,0,,0,,0,0,0,0,0,0,1,0,0,0
P0435-S01,53,II. Comportamientos críticos nocivos para el Estado,Comportamiento 6. Expansión del riesgo litigioso,28,0,,0,,0,,0,,0,,0,,0,,0,,0,0,0,0,0,0,0,0,0,0
P0435-S02,53,II. Comportamientos críticos nocivos para el Estado,Comportamiento 6. Expansión del riesgo litigioso,37,0,,0,,0,,0,,0,,0,,0,,1,incumplimiento,0,0,1,0,0,0,0,0,1,0
P0435-S03,53,II. Comportamientos críticos nocivos para el Estado,Comportamiento 6. Expansión del riesgo litigioso,71,0,,0,,0,,1,gobierno saliente,0,,0,,0,,0,,0,0,0,0,0,1,0,0,2,0
P0437-S01,53,II. Comportamientos críticos nocivos para el Estado,Comportamiento 6. Expansión del riesgo litigioso,11,0,,0,,0,,0,,0,,0,,0,,0,,0,0,0,0,0,0,0,0,0,0
P0438-S01,53,II. Comportamientos críticos nocivos para el Estado,Comportamiento 6. Expansión del riesgo litigioso,52,0,,0,,0,,0,,0,,0,,0,,0,,0,0,0,0,0,0,0,0,0,0
P0438-S02,54,II. Comportamientos críticos nocivos para el Estado,Comportamiento 6. Expansión del riesgo litigioso,17,0,,0,,0,,0,,0,,0,,0,,0,,0,0,0,0,0,0,0,0,0,0
P0439-S01,54,II. Comportamientos críticos nocivos para el Estado,Comportamiento 6. Expansión del riesgo litigioso,46,0,,1,riesgo de,0,,0,,0,,0,,0,,1,riesgo,0,1,0,0,0,0,0,0,0,0
P0439-S02,54,II. Comportamientos críticos nocivos para el Estado,Comportamiento 6. Expansión del riesgo litigioso,34,0,,0,,0,,0,,0,,0,,0,,0,,0,0,0,0,0,0,0,0,0,0
P0439-S03,54,II. Comportamientos críticos nocivos para el Estado,Comportamiento 6. Expansión del riesgo litigioso,42,0,,1,riesgo de,0,,0,,0,,0,,0,,1,riesgo,0,1,0,0,0,0,0,0,0,0
P0441-S01,54,II. Comportamientos críticos nocivos para el Estado,Comportamiento 7. Pérdida de control territorial frente a economías criminales,21,0,,0,,0,,0,,0,,0,,0,,0,,0,0,0,0,0,0,0,0,0,0
P0443-S01,54,II. Comportamientos críticos nocivos para el Estado,Comportamiento 7. Pérdida de control territorial frente a economías criminales,16,0,,0,,0,,0,,0,,0,,0,,0,,0,0,0,0,0,0,2,0,0,0
P0444-S01,54,II. Comportamientos críticos nocivos para el Estado,Comportamiento 7. Pérdida de control territorial frente a economías criminales,10,0,,0,,0,,0,,0,,0,,0,,1,pérdida,0,0,1,0,0,0,0,0,0,0
P0444-S02,54,II. Comportamientos críticos nocivos para el Estado,Comportamiento 7. Pérdida de control territorial frente a economías criminales,54,0,,0,,0,,0,,0,,0,,0,,1,déficit,1,0,0,0,0,0,0,0,0,0
P0444-S03,54,II. Comportamientos críticos nocivos para el Estado,Comportamiento 7. Pérdida de control territorial frente a economías criminales,36,0,,0,,0,,0,,0,,0,,0,,0,,0,0,0,0,0,0,0,0,0,0
P0444-S04,54,II. Comportamientos críticos nocivos para el Estado,Comportamiento 7. Pérdida de control territorial frente a economías criminales,27,0,,0,,0,,0,,0,,0,,0,,0,,0,0,0,0,0,1,0,0,0,0
P0445-S01,54,II. Comportamientos críticos nocivos para el Estado,Comportamiento 7. Pérdida de control territorial frente a economías criminales,18,0,,0,,0,,0,,0,,0,,2,proteger; proteger,0,,0,0,0,0,0,0,0,0,0,0
P0445-S02,54,II. Comportamientos críticos nocivos para el Estado,Comportamiento 7. Pérdida de control territorial frente a economías criminales,29,0,,0,,0,,0,,0,,0,,0,,1,violencia,0,2,0,0,0,0,2,0,0,0
P0445-S03,54,II. Comportamientos críticos nocivos para el Estado,Comportamiento 7. Pérdida de control territorial frente a economías criminales,45,0,,0,,0,,0,,0,,0,,0,,1,deterioro,0,0,1,0,0,1,1,0,0,0
P0445-S04,54,II. Comportamientos críticos nocivos para el Estado,Comportamiento 7. Pérdida de control territorial frente a economías criminales,50,0,,0,,0,,0,,0,,0,,0,,1,pérdida,0,0,1,0,0,0,0,0,0,0
P0447-S01,55,II. Comportamientos críticos nocivos para el Estado,Comportamiento 7. Pérdida de control territorial frente a economías criminales,15,0,,0,,0,,0,,0,,0,,0,,0,,0,0,0,0,0,0,0,0,0,0
P0448-S01,55,II. Comportamientos críticos nocivos para el Estado,Comportamiento 7. Pérdida de control territorial frente a economías criminales,23,0,,0,,0,,0,,0,,0,,0,,0,,0,0,0,0,0,0,0,0,0,0
P0448-S02,55,II. Comportamientos críticos nocivos para el Estado,Comportamiento 7. Pérdida de control territorial frente a economías criminales,24,0,,0,,0,,0,,0,,0,,0,,1,pérdida,0,0,1,0,0,0,0,0,0,0
P0448-S03,55,II. Comportamientos críticos nocivos para el Estado,Comportamiento 7. Pérdida de control territorial frente a economías criminales,20,0,,0,,1,según,0,,0,,0,,0,,0,,0,0,0,0,0,0,0,0,0,0
P0448-S04,55,II. Comportamientos críticos nocivos para el Estado,Comportamiento 7. Pérdida de control territorial frente a economías criminales,33,0,,0,,0,,0,,0,,0,,0,,0,,0,0,0,0,0,0,0,0,0,0
P0449-S01,55,II. Comportamientos críticos nocivos para el Estado,Comportamiento 7. Pérdida de control territorial frente a economías criminales,13,0,,0,,0,,0,,0,,0,,0,,1,pérdida,0,0,1,0,0,0,0,0,0,0
P0449-S02,55,II. Comportamientos críticos nocivos para el Estado,Comportamiento 7. Pérdida de control territorial frente a economías criminales,38,0,,0,,0,,0,,0,,0,,0,,0,,0,0,0,0,0,0,1,0,0,0
P0449-S03,55,II. Comportamientos críticos nocivos para el Estado,Comportamiento 7. Pérdida de control territorial frente a economías criminales,33,0,,1,sugiere,0,,0,,0,,0,,0,,0,,0,0,0,0,0,0,0,0,0,0
P0449-S04,55,II. Comportamientos críticos nocivos para el Estado,Comportamiento 7. Pérdida de control territorial frente a economías criminales,16,0,,0,,0,,0,,0,,0,,0,,0,,0,0,0,0,0,0,0,0,0,0
P0450-S01,55,II. Comportamientos críticos nocivos para el Estado,Comportamiento 7. Pérdida de control territorial frente a economías criminales,13,0,,0,,0,,0,,0,,0,,0,,0,,0,0,0,0,0,0,0,0,0,0
P0450-S02,55,II. Comportamientos críticos nocivos para el Estado,Comportamiento 7. Pérdida de control territorial frente a economías criminales,27,0,,0,,0,,0,,0,,0,,0,,0,,0,0,0,0,0,0,1,0,0,0
P0450-S03,55,II. Comportamientos críticos nocivos para el Estado,Comportamiento 7. Pérdida de control territorial frente a economías criminales,26,0,,0,,0,,0,,0,,0,,0,,1,violencia,0,0,0,0,0,0,2,0,0,0
P0450-S04,55,II. Comportamientos críticos nocivos para el Estado,Comportamiento 7. Pérdida de control territorial frente a economías criminales,19,0,,0,,0,,0,,0,,0,,0,,0,,0,0,0,0,0,0,0,0,0,0
P0450-S05,55,II. Comportamientos críticos nocivos para el Estado,Comportamiento 7. Pérdida de control territorial frente a economías criminales,17,0,,0,,0,,0,,0,,0,,0,,1,pérdida,0,0,1,0,0,0,0,0,0,0
P0452-S01,55,II. Comportamientos críticos nocivos para el Estado,Comportamiento 7. Pérdida de control territorial frente a economías criminales,16,0,,0,,0,,0,,0,,0,,0,,0,,0,0,0,0,0,0,0,0,0,0
P0453-S01,55,II. Comportamientos críticos nocivos para el Estado,Comportamiento 7. Pérdida de control territorial frente a economías criminales,30,0,,0,,0,,0,,0,,0,,0,,0,,0,0,0,0,0,0,0,0,0,0
P0453-S02,55,II. Comportamientos críticos nocivos para el Estado,Comportamiento 7. Pérdida de control territorial frente a economías criminales,10,0,,0,,0,,0,,0,,0,,0,,0,,0,0,0,0,0,0,0,0,0,0
P0453-S03,55,II. Comportamientos críticos nocivos para el Estado,Comportamiento 7. Pérdida de control territorial frente a economías criminales,75,0,,0,,0,,0,,0,,0,,0,,0,,0,0,0,0,0,0,0,0,0,0
P0454-S01,56,II. Comportamientos críticos nocivos para el Estado,Comportamiento 7. Pérdida de control territorial frente a economías criminales,6,0,,0,,0,,0,,0,,0,,0,,0,,0,0,0,0,0,0,1,0,0,0
P0454-S02,56,II. Comportamientos críticos nocivos para el Estado,Comportamiento 7. Pérdida de control territorial frente a economías criminales,54,0,,1,presuntos,0,,0,,0,,0,,0,,0,,0,0,0,0,0,0,0,1,0,0
P0455-S01,56,II. Comportamientos críticos nocivos para el Estado,Comportamiento 7. Pérdida de control territorial frente a economías criminales,39,0,,0,,0,,0,,0,,0,,0,,0,,0,0,0,0,0,0,0,0,1,0
P0455-S02,56,II. Comportamientos críticos nocivos para el Estado,Comportamiento 7. Pérdida de control territorial frente a economías criminales,41,0,,0,,0,,0,,0,,0,,0,,0,,0,0,0,0,0,0,0,0,0,0
P0455-S03,56,II. Comportamientos críticos nocivos para el Estado,Comportamiento 7. Pérdida de control territorial frente a economías criminales,36,0,,0,,1,evidencia,0,,0,,0,,0,,0,,0,0,0,0,0,0,0,0,0,0
P0456-S01,56,II. Comportamientos críticos nocivos para el Estado,Comportamiento 7. Pérdida de control territorial frente a economías criminales,18,0,,0,,0,,0,,0,,0,,1,garantizar,0,,0,0,0,0,0,0,0,0,0,0
P0456-S02,56,II. Comportamientos críticos nocivos para el Estado,Comportamiento 7. Pérdida de control territorial frente a economías criminales,44,0,,0,,0,,0,,0,,0,,0,,0,,0,0,0,0,0,0,0,0,0,0
P0456-S03,56,II. Comportamientos críticos nocivos para el Estado,Comportamiento 7. Pérdida de control territorial frente a economías criminales,56,0,,0,,0,,0,,0,,0,,1,confianza,1,corrupción,0,0,0,1,0,0,0,0,0,0
P0456-S04,56,II. Comportamientos críticos nocivos para el Estado,Comportamiento 7. Pérdida de control territorial frente a economías criminales,22,0,,0,,0,,0,,0,,0,,0,,0,,0,0,0,0,0,0,0,0,0,0
P0458-S01,56,II. Comportamientos críticos nocivos para el Estado,Comportamiento 7. Pérdida de control territorial frente a economías criminales,12,0,,0,,0,,0,,0,,0,,0,,0,,0,0,0,0,0,0,0,0,0,0
P0459-S01,56,II. Comportamientos críticos nocivos para el Estado,Comportamiento 7. Pérdida de control territorial frente a economías criminales,45,0,,0,,1,identificó,0,,0,,0,,0,,0,,0,0,0,0,0,0,1,0,0,0
P0459-S02,56,II. Comportamientos críticos nocivos para el Estado,Comportamiento 7. Pérdida de control territorial frente a economías criminales,19,0,,0,,0,,0,,0,,0,,0,,1,ilegal,0,0,0,0,0,0,0,0,0,0
P0460-S01,56,II. Comportamientos críticos nocivos para el Estado,Comportamiento 7. Pérdida de control territorial frente a economías criminales,22,0,,0,,0,,0,,0,,0,,1,garantizar,0,,0,0,0,0,0,0,0,0,0,0
P0460-S02,56,II. Comportamientos críticos nocivos para el Estado,Comportamiento 7. Pérdida de control territorial frente a economías criminales,40,0,,0,,0,,0,,0,,0,,0,,2,riesgo; violencia,0,1,0,0,0,0,3,0,0,0
P0461-S01,56,II. Comportamientos críticos nocivos para el Estado,Comportamiento 7. Pérdida de control territorial frente a economías criminales,41,0,,0,,0,,0,,0,,0,,0,,1,riesgo,0,1,0,0,0,0,1,1,1,0
P0463-S01,57,II. Comportamientos críticos nocivos para el Estado,Comportamiento 8. Fragmentación del Estado y fracaso de la conducción estratégica,27,0,,0,,0,,0,,0,,0,,0,,0,,0,0,0,0,0,0,0,0,0,0
P0465-S01,57,II. Comportamientos críticos nocivos para el Estado,Comportamiento 8. Fragmentación del Estado y fracaso de la conducción estratégica,22,0,,0,,0,,0,,0,,0,,0,,0,,0,0,0,0,0,0,0,0,0,0
P0466-S01,57,II. Comportamientos críticos nocivos para el Estado,Comportamiento 8. Fragmentación del Estado y fracaso de la conducción estratégica,29,0,,0,,0,,0,,0,,0,,0,,0,,0,0,0,0,0,0,0,0,0,0
P0466-S02,57,II. Comportamientos críticos nocivos para el Estado,Comportamiento 8. Fragmentación del Estado y fracaso de la conducción estratégica,14,0,,0,,0,,0,,0,,0,,0,,0,,0,0,0,0,0,0,0,0,0,0
P0466-S03,57,II. Comportamientos críticos nocivos para el Estado,Comportamiento 8. Fragmentación del Estado y fracaso de la conducción estratégica,17,0,,0,,0,,0,,0,,0,,0,,0,,0,0,0,0,0,0,0,0,0,0
P0466-S04,57,II. Comportamientos críticos nocivos para el Estado,Comportamiento 8. Fragmentación del Estado y fracaso de la conducción estratégica,13,0,,0,,0,,0,,0,,0,,0,,0,,0,0,0,0,0,0,0,0,0,0
P0466-S05,57,II. Comportamientos críticos nocivos para el Estado,Comportamiento 8. Fragmentación del Estado y fracaso de la conducción estratégica,26,0,,0,,0,,0,,0,,0,,0,,0,,0,0,0,0,0,0,0,0,0,0
P0466-S06,57,II. Comportamientos críticos nocivos para el Estado,Comportamiento 8. Fragmentación del Estado y fracaso de la conducción estratégica,35,0,,0,,0,,0,,0,,0,,0,,0,,0,0,0,0,0,0,0,0,0,0
P0467-S01,57,II. Comportamientos críticos nocivos para el Estado,Comportamiento 8. Fragmentación del Estado y fracaso de la conducción estratégica,22,0,,0,,0,,0,,0,,0,,0,,0,,0,0,0,0,0,0,0,0,0,0
P0467-S02,57,II. Comportamientos críticos nocivos para el Estado,Comportamiento 8. Fragmentación del Estado y fracaso de la conducción estratégica,22,0,,0,,0,,0,,0,,0,,0,,0,,0,0,0,0,0,1,0,0,0,0
P0467-S03,57,II. Comportamientos críticos nocivos para el Estado,Comportamiento 8. Fragmentación del Estado y fracaso de la conducción estratégica,30,0,,0,,0,,0,,0,,0,,0,,0,,0,0,0,0,0,0,0,0,0,0
P0467-S04,57,II. Comportamientos críticos nocivos para el Estado,Comportamiento 8. Fragmentación del Estado y fracaso de la conducción estratégica,30,0,,0,,0,,0,,0,,0,,0,,0,,0,0,0,0,0,0,0,0,0,0
P0468-S01,57,II. Comportamientos críticos nocivos para el Estado,Comportamiento 8. Fragmentación del Estado y fracaso de la conducción estratégica,27,0,,0,,0,,0,,0,,0,,0,,0,,0,0,0,0,0,0,0,0,0,0
P0468-S02,57,II. Comportamientos críticos nocivos para el Estado,Comportamiento 8. Fragmentación del Estado y fracaso de la conducción estratégica,25,0,,0,,0,,0,,0,,0,,0,,0,,0,0,0,0,0,0,0,0,0,0
P0468-S03,57,II. Comportamientos críticos nocivos para el Estado,Comportamiento 8. Fragmentación del Estado y fracaso de la conducción estratégica,14,0,,0,,0,,0,,0,,0,,0,,0,,0,0,0,0,0,0,0,0,0,0
P0468-S04,57,II. Comportamientos críticos nocivos para el Estado,Comportamiento 8. Fragmentación del Estado y fracaso de la conducción estratégica,62,0,,0,,0,,0,,0,,0,,0,,0,,0,0,0,0,0,0,0,0,0,0
P0468-S05,57,II. Comportamientos críticos nocivos para el Estado,Comportamiento 8. Fragmentación del Estado y fracaso de la conducción estratégica,37,0,,0,,0,,0,,0,,0,,0,,0,,0,0,0,0,0,0,1,0,0,0
P0468-S06,57,II. Comportamientos críticos nocivos para el Estado,Comportamiento 8. Fragmentación del Estado y fracaso de la conducción estratégica,3,0,,0,,0,,0,,0,,0,,0,,0,,0,0,0,0,0,0,0,0,0,0
P0468-S07,57,II. Comportamientos críticos nocivos para el Estado,Comportamiento 8. Fragmentación del Estado y fracaso de la conducción estratégica,3,0,,0,,0,,0,,0,,0,,0,,0,,0,0,0,0,0,0,0,0,0,0
P0469-S01,58,II. Comportamientos críticos nocivos para el Estado,Comportamiento 8. Fragmentación del Estado y fracaso de la conducción estratégica,34,0,,1,cerca de,0,,0,,0,,0,,0,,0,,0,0,0,0,0,2,0,0,0,0
P0471-S01,58,II. Comportamientos críticos nocivos para el Estado,Comportamiento 8. Fragmentación del Estado y fracaso de la conducción estratégica,21,0,,0,,0,,0,,0,,0,,0,,1,pérdidas,0,0,0,0,0,0,0,0,0,0
P0472-S01,58,II. Comportamientos críticos nocivos para el Estado,Comportamiento 8. Fragmentación del Estado y fracaso de la conducción estratégica,30,0,,0,,0,,0,,0,,0,,0,,1,pérdidas,0,0,0,0,0,0,0,0,0,0
P0472-S02,58,II. Comportamientos críticos nocivos para el Estado,Comportamiento 8. Fragmentación del Estado y fracaso de la conducción estratégica,12,0,,0,,1,evidencia,0,,0,,0,,0,,0,,0,0,0,0,0,0,0,0,0,0
P0472-S03,58,II. Comportamientos críticos nocivos para el Estado,Comportamiento 8. Fragmentación del Estado y fracaso de la conducción estratégica,10,0,,0,,0,,0,,0,,0,,0,,0,,0,0,0,1,0,0,0,0,0,0
P0472-S04,58,II. Comportamientos críticos nocivos para el Estado,Comportamiento 8. Fragmentación del Estado y fracaso de la conducción estratégica,8,0,,0,,0,,0,,0,,0,,0,,0,,0,0,0,0,0,0,0,0,0,0
P0472-S05,58,II. Comportamientos críticos nocivos para el Estado,Comportamiento 8. Fragmentación del Estado y fracaso de la conducción estratégica,4,0,,0,,0,,0,,0,,0,,0,,0,,0,0,0,0,0,0,0,0,0,0
P0472-S06,58,II. Comportamientos críticos nocivos para el Estado,Comportamiento 8. Fragmentación del Estado y fracaso de la conducción estratégica,11,0,,0,,0,,0,,0,,0,,0,,1,deudas,0,0,0,0,0,0,0,0,0,0
P0472-S07,58,II. Comportamientos críticos nocivos para el Estado,Comportamiento 8. Fragmentación del Estado y fracaso de la conducción estratégica,0,0,,0,,0,,0,,0,,0,,0,,0,,0,0,0,0,0,0,0,0,0,0
P0472-S08,58,II. Comportamientos críticos nocivos para el Estado,Comportamiento 8. Fragmentación del Estado y fracaso de la conducción estratégica,10,0,,1,presunta,0,,0,,0,,0,,0,,0,,0,0,0,0,0,0,0,0,0,0
P0472-S09,58,II. Comportamientos críticos nocivos para el Estado,Comportamiento 8. Fragmentación del Estado y fracaso de la conducción estratégica,0,0,,0,,0,,0,,0,,0,,0,,0,,0,0,0,0,0,0,0,0,0,0
P0472-S10,58,II. Comportamientos críticos nocivos para el Estado,Comportamiento 8. Fragmentación del Estado y fracaso de la conducción estratégica,32,0,,1,posible,0,,0,,0,,0,,1,confianza,0,,0,0,0,0,0,0,0,0,0,0
P0473-S01,58,II. Comportamientos críticos nocivos para el Estado,Comportamiento 8. Fragmentación del Estado y fracaso de la conducción estratégica,30,0,,0,,0,,0,,0,,0,,0,,0,,0,0,0,0,0,0,0,0,0,0
P0473-S02,58,II. Comportamientos críticos nocivos para el Estado,Comportamiento 8. Fragmentación del Estado y fracaso de la conducción estratégica,27,0,,0,,0,,0,,0,,0,,0,,2,deterioro; sobrecostos,0,0,1,1,0,0,0,0,0,0
P0473-S03,58,II. Comportamientos críticos nocivos para el Estado,Comportamiento 8. Fragmentación del Estado y fracaso de la conducción estratégica,8,0,,0,,0,,0,,0,,0,,0,,1,irregulares,0,0,0,1,0,0,0,0,0,0
P0473-S04,58,II. Comportamientos críticos nocivos para el Estado,Comportamiento 8. Fragmentación del Estado y fracaso de la conducción estratégica,24,0,,1,riesgo de,0,,0,,0,,0,,0,,1,riesgo,1,1,0,0,0,0,0,1,0,0
P0475-S01,58,II. Comportamientos críticos nocivos para el Estado,Comportamiento 8. Fragmentación del Estado y fracaso de la conducción estratégica,3,0,,0,,0,,0,,0,,0,,0,,0,,0,0,0,0,0,0,0,0,0,0
P0475-S02,58,II. Comportamientos críticos nocivos para el Estado,Comportamiento 8. Fragmentación del Estado y fracaso de la conducción estratégica,14,0,,0,,0,,0,,0,,0,,0,,0,,0,0,0,0,0,0,0,0,0,0
P0476-S01,58,II. Comportamientos críticos nocivos para el Estado,Comportamiento 8. Fragmentación del Estado y fracaso de la conducción estratégica,67,0,,0,,0,,0,,0,,0,,0,,0,,0,0,0,0,0,0,0,0,0,0
P0476-S02,58,II. Comportamientos críticos nocivos para el Estado,Comportamiento 8. Fragmentación del Estado y fracaso de la conducción estratégica,50,0,,0,,0,,0,,0,,0,,0,,1,grave,0,0,0,0,0,0,0,0,0,0
P0477-S01,58,II. Comportamientos críticos nocivos para el Estado,Comportamiento 8. Fragmentación del Estado y fracaso de la conducción estratégica,42,0,,0,,0,,0,,0,,0,,0,,0,,0,0,0,0,0,0,0,0,0,0
P0478-S01,58,II. Comportamientos críticos nocivos para el Estado,Comportamiento 8. Fragmentación del Estado y fracaso de la conducción estratégica,33,0,,0,,0,,0,,0,,0,,1,rigor,0,,0,0,0,0,0,0,0,0,0,0
P0478-S02,59,II. Comportamientos críticos nocivos para el Estado,Comportamiento 8. Fragmentación del Estado y fracaso de la conducción estratégica,30,0,,0,,1,evidencia,0,,0,,0,,0,,1,fracaso,0,0,1,0,0,0,0,0,0,0
P0478-S03,59,II. Comportamientos críticos nocivos para el Estado,Comportamiento 8. Fragmentación del Estado y fracaso de la conducción estratégica,37,0,,0,,0,,1,captura,0,,0,,0,,1,captura,0,0,0,0,0,0,0,0,0,0
P0479-S01,59,II. Comportamientos críticos nocivos para el Estado,Comportamiento 8. Fragmentación del Estado y fracaso de la conducción estratégica,36,0,,0,,0,,0,,0,,0,,0,,0,,0,0,0,0,0,0,0,0,0,0
P0479-S02,59,II. Comportamientos críticos nocivos para el Estado,Comportamiento 8. Fragmentación del Estado y fracaso de la conducción estratégica,24,0,,0,,0,,0,,0,,0,,1,avance,1,criminal,0,0,0,0,1,0,1,0,0,0
P0479-S03,59,II. Comportamientos críticos nocivos para el Estado,Comportamiento 8. Fragmentación del Estado y fracaso de la conducción estratégica,30,0,,0,,0,,1,captura,0,,0,,0,,1,captura,0,0,0,0,0,0,0,0,0,0
P0481-S01,59,II. Comportamientos críticos nocivos para el Estado,Comportamiento 8. Fragmentación del Estado y fracaso de la conducción estratégica,18,0,,0,,0,,0,,0,,0,,0,,0,,0,0,0,0,0,0,0,0,0,0
P0482-S01,59,II. Comportamientos críticos nocivos para el Estado,Comportamiento 8. Fragmentación del Estado y fracaso de la conducción estratégica,81,0,,0,,0,,0,,0,,0,,1,fortalecimiento,0,,0,0,0,0,1,0,0,0,0,0
P0483-S01,59,II. Comportamientos críticos nocivos para el Estado,Comportamiento 8. Fragmentación del Estado y fracaso de la conducción estratégica,27,0,,0,,0,,0,,0,,0,,0,,0,,0,0,0,0,0,0,0,0,0,0
P0484-S01,59,II. Comportamientos críticos nocivos para el Estado,Comportamiento 8. Fragmentación del Estado y fracaso de la conducción estratégica,4,0,,0,,0,,0,,0,,0,,0,,0,,0,0,0,0,0,0,0,0,0,0
P0484-S02,59,II. Comportamientos críticos nocivos para el Estado,Comportamiento 8. Fragmentación del Estado y fracaso de la conducción estratégica,36,0,,0,,0,,0,,0,,0,,0,,0,,0,0,0,0,0,0,0,0,0,0
P0485-S01,59,II. Comportamientos críticos nocivos para el Estado,Comportamiento 8. Fragmentación del Estado y fracaso de la conducción estratégica,23,0,,0,,0,,0,,0,,0,,0,,0,,0,0,0,0,0,0,0,0,0,0
P0485-S02,59,II. Comportamientos críticos nocivos para el Estado,Comportamiento 8. Fragmentación del Estado y fracaso de la conducción estratégica,23,0,,0,,0,,0,,0,,0,,0,,0,,0,0,0,0,0,0,0,0,0,0
P0487-S01,59,II. Comportamientos críticos nocivos para el Estado,Comportamiento 8. Fragmentación del Estado y fracaso de la conducción estratégica,19,0,,0,,0,,0,,0,,0,,0,,0,,0,0,0,0,0,0,0,0,0,0
P0488-S01,59,II. Comportamientos críticos nocivos para el Estado,Comportamiento 8. Fragmentación del Estado y fracaso de la conducción estratégica,25,0,,0,,0,,0,,0,,0,,0,,0,,0,0,0,0,0,0,0,0,0,0
P0488-S02,59,II. Comportamientos críticos nocivos para el Estado,Comportamiento 8. Fragmentación del Estado y fracaso de la conducción estratégica,22,0,,1,cerca de,0,,0,,0,,0,,0,,0,,0,0,0,0,0,0,0,0,0,0
P0488-S03,60,II. Comportamientos críticos nocivos para el Estado,Comportamiento 8. Fragmentación del Estado y fracaso de la conducción estratégica,43,0,,0,,1,encontró,0,,0,,0,,0,,1,incumplimiento,0,0,1,0,0,0,0,0,0,0
P0489-S01,60,II. Comportamientos críticos nocivos para el Estado,Comportamiento 8. Fragmentación del Estado y fracaso de la conducción estratégica,23,0,,0,,0,,0,,0,,0,,0,,0,,0,0,0,0,0,0,0,0,0,0
P0489-S02,60,II. Comportamientos críticos nocivos para el Estado,Comportamiento 8. Fragmentación del Estado y fracaso de la conducción estratégica,45,1,nunca,1,cerca de,1,registra,0,,0,,0,,0,,0,,0,0,0,0,0,0,0,0,0,0
P0491-S01,60,II. Comportamientos críticos nocivos para el Estado,Comportamiento 8. Fragmentación del Estado y fracaso de la conducción estratégica,12,0,,0,,0,,0,,0,,0,,0,,0,,0,0,0,0,0,0,0,0,0,0
P0492-S01,60,II. Comportamientos críticos nocivos para el Estado,Comportamiento 8. Fragmentación del Estado y fracaso de la conducción estratégica,33,0,,0,,0,,0,,0,,0,,0,,0,,0,0,0,0,0,0,0,0,0,0
P0493-S01,60,II. Comportamientos críticos nocivos para el Estado,Comportamiento 8. Fragmentación del Estado y fracaso de la conducción estratégica,26,0,,0,,0,,0,,0,,0,,0,,0,,0,0,0,0,0,0,0,0,0,0
P0493-S02,60,II. Comportamientos críticos nocivos para el Estado,Comportamiento 8. Fragmentación del Estado y fracaso de la conducción estratégica,43,0,,0,,0,,0,,0,,0,,0,,0,,0,0,0,0,0,0,0,0,1,0
P0494-S01,60,II. Comportamientos críticos nocivos para el Estado,Comportamiento 8. Fragmentación del Estado y fracaso de la conducción estratégica,19,0,,0,,0,,0,,0,,0,,0,,0,,0,0,0,0,0,0,0,0,0,0
P0494-S02,60,II. Comportamientos críticos nocivos para el Estado,Comportamiento 8. Fragmentación del Estado y fracaso de la conducción estratégica,24,0,,0,,0,,0,,0,,0,,0,,0,,0,0,0,0,0,0,0,0,1,0
P0495-S01,60,II. Comportamientos críticos nocivos para el Estado,Comportamiento 8. Fragmentación del Estado y fracaso de la conducción estratégica,48,0,,0,,0,,0,,0,,0,,0,,0,,0,0,0,0,0,0,0,0,0,0
P0496-S01,60,II. Comportamientos críticos nocivos para el Estado,Comportamiento 8. Fragmentación del Estado y fracaso de la conducción estratégica,28,0,,0,,0,,0,,0,,0,,0,,0,,0,0,0,0,0,0,0,0,0,0
P0497-S01,60,II. Comportamientos críticos nocivos para el Estado,Comportamiento 8. Fragmentación del Estado y fracaso de la conducción estratégica,51,0,,0,,0,,0,,0,,0,,1,garantizar,1,riesgo,0,1,0,0,0,0,0,0,1,0
P0499-S01,61,II. Comportamientos críticos nocivos para el Estado,Comportamiento 8. Fragmentación del Estado y fracaso de la conducción estratégica,12,0,,0,,0,,0,,0,,0,,0,,0,,0,0,0,0,0,0,0,0,0,0
P0500-S01,61,II. Comportamientos críticos nocivos para el Estado,Comportamiento 8. Fragmentación del Estado y fracaso de la conducción estratégica,37,0,,0,,0,,0,,0,,0,,0,,0,,0,0,0,0,0,0,0,0,0,0
P0500-S02,61,II. Comportamientos críticos nocivos para el Estado,Comportamiento 8. Fragmentación del Estado y fracaso de la conducción estratégica,56,0,,0,,0,,0,,0,,0,,0,,0,,0,0,0,0,0,0,0,0,0,0
P0500-S03,61,II. Comportamientos críticos nocivos para el Estado,Comportamiento 8. Fragmentación del Estado y fracaso de la conducción estratégica,19,0,,0,,0,,0,,0,,0,,0,,0,,0,0,0,0,0,0,0,0,0,0
P0500-S04,61,II. Comportamientos críticos nocivos para el Estado,Comportamiento 8. Fragmentación del Estado y fracaso de la conducción estratégica,30,0,,0,,0,,0,,0,,1,responsable de,1,responsable,0,,0,0,0,0,0,0,0,0,0,0
P0500-S05,61,II. Comportamientos críticos nocivos para el Estado,Comportamiento 8. Fragmentación del Estado y fracaso de la conducción estratégica,38,1,demuestra,0,,0,,0,,1,produjo,0,,0,,0,,0,0,0,0,0,0,0,0,0,0
P0501-S01,61,II. Comportamientos críticos nocivos para el Estado,Comportamiento 8. Fragmentación del Estado y fracaso de la conducción estratégica,9,0,,0,,0,,0,,0,,0,,0,,0,,0,0,0,0,0,0,0,0,0,0
P0501-S02,61,II. Comportamientos críticos nocivos para el Estado,Comportamiento 8. Fragmentación del Estado y fracaso de la conducción estratégica,33,0,,0,,0,,0,,0,,0,,0,,0,,0,0,0,0,0,0,0,0,0,0
P0501-S03,61,II. Comportamientos críticos nocivos para el Estado,Comportamiento 8. Fragmentación del Estado y fracaso de la conducción estratégica,36,0,,0,,0,,0,,0,,0,,0,,0,,0,0,0,0,0,0,0,0,0,0
P0501-S04,61,II. Comportamientos críticos nocivos para el Estado,Comportamiento 8. Fragmentación del Estado y fracaso de la conducción estratégica,33,0,,0,,0,,0,,0,,0,,0,,0,,0,0,0,0,0,0,0,0,0,0
P0501-S05,61,II. Comportamientos críticos nocivos para el Estado,Comportamiento 8. Fragmentación del Estado y fracaso de la conducción estratégica,27,0,,0,,0,,0,,0,,0,,0,,0,,0,0,0,0,0,0,0,0,0,0
P0501-S06,61,II. Comportamientos críticos nocivos para el Estado,Comportamiento 8. Fragmentación del Estado y fracaso de la conducción estratégica,12,1,verificable,0,,0,,0,,0,,0,,0,,0,,0,0,0,0,0,0,0,0,0,0
P0502-S01,61,II. Comportamientos críticos nocivos para el Estado,Comportamiento 8. Fragmentación del Estado y fracaso de la conducción estratégica,31,0,,1,aproximadamente,0,,0,,0,,0,,0,,0,,0,0,0,0,0,0,0,0,0,0
P0503-S01,61,II. Comportamientos críticos nocivos para el Estado,Comportamiento 8. Fragmentación del Estado y fracaso de la conducción estratégica,32,0,,0,,0,,0,,0,,0,,1,transparencia,0,,0,0,0,0,0,0,0,0,1,0
P0503-S02,61,II. Comportamientos críticos nocivos para el Estado,Comportamiento 8. Fragmentación del Estado y fracaso de la conducción estratégica,38,0,,0,,0,,0,,0,,0,,2,confianza; cumplimiento,1,riesgo,0,1,0,0,1,0,0,0,1,0
P0505-S01,62,II. Comportamientos críticos nocivos para el Estado,Comportamiento 9. Capacidad fiscal restringida (comportamiento transversal),28,0,,0,,0,,0,,0,,0,,0,,0,,0,0,0,0,0,0,0,0,0,0
P0507-S01,62,II. Comportamientos críticos nocivos para el Estado,Comportamiento 9. Capacidad fiscal restringida (comportamiento transversal),16,0,,0,,0,,0,,0,,0,,0,,0,,0,1,0,0,0,0,0,0,0,0
P0508-S01,62,II. Comportamientos críticos nocivos para el Estado,Comportamiento 9. Capacidad fiscal restringida (comportamiento transversal),28,0,,0,,0,,0,,0,,0,,0,,0,,0,0,0,0,0,0,0,0,1,0
P0508-S02,62,II. Comportamientos críticos nocivos para el Estado,Comportamiento 9. Capacidad fiscal restringida (comportamiento transversal),33,0,,0,,0,,0,,0,,0,,0,,0,,0,1,0,0,0,0,0,0,0,0
P0508-S03,62,II. Comportamientos críticos nocivos para el Estado,Comportamiento 9. Capacidad fiscal restringida (comportamiento transversal),35,0,,0,,0,,0,,0,,0,,0,,0,,0,0,0,0,0,0,0,0,0,0
P0508-S04,62,II. Comportamientos críticos nocivos para el Estado,Comportamiento 9. Capacidad fiscal restringida (comportamiento transversal),49,0,,0,,1,alertó,0,,0,,0,,0,,0,,0,0,0,0,0,0,0,1,0,0
P0509-S01,62,II. Comportamientos críticos nocivos para el Estado,Comportamiento 9. Capacidad fiscal restringida (comportamiento transversal),31,0,,0,,0,,0,,0,,0,,0,,0,,0,0,0,0,0,0,0,0,1,0
P0509-S02,62,II. Comportamientos críticos nocivos para el Estado,Comportamiento 9. Capacidad fiscal restringida (comportamiento transversal),31,0,,0,,0,,0,,0,,0,,1,calidad,0,,0,0,0,0,0,0,0,0,0,0
P0509-S03,62,II. Comportamientos críticos nocivos para el Estado,Comportamiento 9. Capacidad fiscal restringida (comportamiento transversal),52,0,,0,,0,,0,,0,,0,,3,garantizar; servicio; transparente,1,ineficiencia,0,0,1,0,0,0,0,0,0,2
P0511-S01,62,II. Comportamientos críticos nocivos para el Estado,Comportamiento 9. Capacidad fiscal restringida (comportamiento transversal),10,0,,0,,0,,0,,0,,0,,0,,0,,0,0,0,0,0,0,0,0,0,0
P0512-S01,62,II. Comportamientos críticos nocivos para el Estado,Comportamiento 9. Capacidad fiscal restringida (comportamiento transversal),30,0,,1,cerca de,0,,0,,0,,0,,0,,0,,0,0,0,0,0,0,0,0,0,0
P0512-S02,62,II. Comportamientos críticos nocivos para el Estado,Comportamiento 9. Capacidad fiscal restringida (comportamiento transversal),56,0,,1,cerca de,0,,1,gobierno anterior,0,,0,,0,,1,riesgo,0,1,0,0,0,0,0,0,0,0
P0513-S01,63,II. Comportamientos críticos nocivos para el Estado,Comportamiento 9. Capacidad fiscal restringida (comportamiento transversal),56,0,,0,,0,,0,,0,,0,,0,,0,,0,0,0,0,0,0,0,0,0,0
P0513-S02,63,II. Comportamientos críticos nocivos para el Estado,Comportamiento 9. Capacidad fiscal restringida (comportamiento transversal),20,0,,1,cerca de,0,,0,,0,,0,,0,,0,,0,0,0,0,0,0,0,0,0,0
P0513-S03,63,II. Comportamientos críticos nocivos para el Estado,Comportamiento 9. Capacidad fiscal restringida (comportamiento transversal),34,0,,0,,0,,0,,0,,0,,0,,0,,0,0,0,0,0,0,0,0,0,0
P0515-S01,63,II. Comportamientos críticos nocivos para el Estado,Comportamiento 9. Capacidad fiscal restringida (comportamiento transversal),25,0,,0,,0,,0,,0,,0,,0,,1,deuda,0,0,0,0,0,0,0,0,1,0
P0516-S01,63,II. Comportamientos críticos nocivos para el Estado,Comportamiento 9. Capacidad fiscal restringida (comportamiento transversal),27,0,,0,,0,,0,,0,,0,,0,,0,,0,0,0,0,0,0,0,0,0,0
P0516-S02,63,II. Comportamientos críticos nocivos para el Estado,Comportamiento 9. Capacidad fiscal restringida (comportamiento transversal),33,0,,0,,0,,0,,0,,0,,0,,1,deuda,0,0,0,0,0,0,0,0,0,0
P0516-S03,63,II. Comportamientos críticos nocivos para el Estado,Comportamiento 9. Capacidad fiscal restringida (comportamiento transversal),16,0,,0,,0,,0,,0,,0,,0,,0,,0,0,0,0,0,0,0,0,0,0
P0517-S01,63,II. Comportamientos críticos nocivos para el Estado,Comportamiento 9. Capacidad fiscal restringida (comportamiento transversal),17,0,,0,,0,,0,,0,,0,,0,,0,,0,0,0,0,1,0,0,0,0,0
P0518-S01,63,II. Comportamientos críticos nocivos para el Estado,Comportamiento 9. Capacidad fiscal restringida (comportamiento transversal),19,0,,0,,0,,0,,0,,0,,0,,1,deuda,0,0,0,0,0,0,0,0,1,0
P0518-S02,63,II. Comportamientos críticos nocivos para el Estado,Comportamiento 9. Capacidad fiscal restringida (comportamiento transversal),25,0,,1,estimado,0,,0,,0,,0,,0,,1,riesgo,0,1,0,0,0,0,0,0,0,0
P0518-S03,63,II. Comportamientos críticos nocivos para el Estado,Comportamiento 9. Capacidad fiscal restringida (comportamiento transversal),19,0,,0,,0,,0,,0,,1,produjeron,0,,1,riesgo,0,1,0,0,0,0,0,0,0,0
P0518-S04,63,II. Comportamientos críticos nocivos para el Estado,Comportamiento 9. Capacidad fiscal restringida (comportamiento transversal),12,0,,0,,0,,0,,0,,0,,0,,0,,0,0,0,0,0,0,0,0,0,0
P0519-S01,63,II. Comportamientos críticos nocivos para el Estado,Comportamiento 9. Capacidad fiscal restringida (comportamiento transversal),12,0,,1,podría,0,,0,,0,,0,,1,servicio,0,,0,0,0,0,0,0,0,0,1,0
P0519-S02,63,II. Comportamientos críticos nocivos para el Estado,Comportamiento 9. Capacidad fiscal restringida (comportamiento transversal),32,0,,0,,0,,0,,0,,0,,0,,0,,0,0,0,0,0,1,0,0,1,0
P0521-S01,63,II. Comportamientos críticos nocivos para el Estado,Comportamiento 9. Capacidad fiscal restringida (comportamiento transversal),21,0,,0,,0,,0,,0,,0,,0,,1,riesgo,0,2,0,0,0,0,0,0,0,0
P0522-S01,63,II. Comportamientos críticos nocivos para el Estado,Comportamiento 9. Capacidad fiscal restringida (comportamiento transversal),55,0,,0,,0,,1,gobierno saliente,0,,0,,0,,0,,0,0,0,0,0,0,0,0,1,0
P0522-S02,63,II. Comportamientos críticos nocivos para el Estado,Comportamiento 9. Capacidad fiscal restringida (comportamiento transversal),10,0,,0,,0,,0,,0,,0,,0,,1,deterioro,0,0,1,0,0,1,0,0,0,0
P0522-S03,63,II. Comportamientos críticos nocivos para el Estado,Comportamiento 9. Capacidad fiscal restringida (comportamiento transversal),14,0,,0,,0,,0,,0,,0,,0,,0,,0,0,0,0,0,0,0,0,0,0
P0522-S04,63,II. Comportamientos críticos nocivos para el Estado,Comportamiento 9. Capacidad fiscal restringida (comportamiento transversal),32,0,,0,,1,evidencia,0,,0,,0,,0,,0,,0,0,0,0,0,0,0,0,0,0
P0523-S01,64,II. Comportamientos críticos nocivos para el Estado,Comportamiento 9. Capacidad fiscal restringida (comportamiento transversal),29,0,,0,,0,,0,,0,,0,,1,rigor,0,,0,0,0,0,0,0,0,0,0,0
P0523-S02,64,II. Comportamientos críticos nocivos para el Estado,Comportamiento 9. Capacidad fiscal restringida (comportamiento transversal),27,0,,0,,0,,0,,0,,0,,0,,1,deterioro,0,0,1,0,0,0,0,0,0,0
P0523-S03,64,II. Comportamientos críticos nocivos para el Estado,Comportamiento 9. Capacidad fiscal restringida (comportamiento transversal),25,0,,0,,0,,0,,0,,0,,0,,1,riesgo,0,1,0,0,0,0,0,0,0,0
P0525-S01,64,II. Comportamientos críticos nocivos para el Estado,Comportamiento 9. Capacidad fiscal restringida (comportamiento transversal),7,0,,0,,0,,0,,0,,0,,0,,0,,0,0,0,0,0,0,0,0,0,0
P0526-S01,64,II. Comportamientos críticos nocivos para el Estado,Comportamiento 9. Capacidad fiscal restringida (comportamiento transversal),58,0,,1,cerca de,0,,1,gobierno saliente,0,,0,,0,,0,,0,0,0,0,0,0,0,0,0,0
P0526-S02,64,II. Comportamientos críticos nocivos para el Estado,Comportamiento 9. Capacidad fiscal restringida (comportamiento transversal),20,0,,0,,0,,0,,0,,0,,0,,0,,0,0,0,0,0,0,0,0,0,0
P0526-S03,64,II. Comportamientos críticos nocivos para el Estado,Comportamiento 9. Capacidad fiscal restringida (comportamiento transversal),31,0,,0,,0,,0,,0,,0,,0,,0,,0,0,0,0,0,0,0,1,0,0
P0527-S01,64,II. Comportamientos críticos nocivos para el Estado,Comportamiento 9. Capacidad fiscal restringida (comportamiento transversal),35,0,,1,podría,0,,0,,0,,0,,0,,0,,0,0,0,0,0,0,0,0,1,0
P0528-S01,64,II. Comportamientos críticos nocivos para el Estado,Comportamiento 9. Capacidad fiscal restringida (comportamiento transversal),39,0,,1,tendrían,0,,0,,0,,0,,0,,0,,0,0,0,0,0,0,0,0,0,0
P0530-S01,64,II. Comportamientos críticos nocivos para el Estado,Comportamiento 9. Capacidad fiscal restringida (comportamiento transversal),9,0,,0,,0,,0,,0,,0,,0,,0,,0,0,0,0,0,0,0,0,0,0
P0530-S02,64,II. Comportamientos críticos nocivos para el Estado,Comportamiento 9. Capacidad fiscal restringida (comportamiento transversal),1,0,,0,,0,,0,,0,,0,,0,,0,,0,0,0,0,0,0,0,0,0,0
P0531-S01,64,II. Comportamientos críticos nocivos para el Estado,Comportamiento 9. Capacidad fiscal restringida (comportamiento transversal),35,0,,0,,1,identificó,0,,0,,0,,0,,0,,0,0,0,0,0,0,0,0,1,0
P0531-S02,64,II. Comportamientos críticos nocivos para el Estado,Comportamiento 9. Capacidad fiscal restringida (comportamiento transversal),36,0,,0,,0,,1,gobierno saliente,0,,0,,0,,0,,0,0,0,0,0,0,0,0,0,0
P0532-S01,64,II. Comportamientos críticos nocivos para el Estado,Comportamiento 9. Capacidad fiscal restringida (comportamiento transversal),24,0,,0,,0,,0,,0,,0,,1,garantizar,0,,0,0,0,0,0,0,0,0,0,0
P0532-S02,64,II. Comportamientos críticos nocivos para el Estado,Comportamiento 9. Capacidad fiscal restringida (comportamiento transversal),49,0,,0,,0,,0,,0,,0,,0,,1,deuda,0,0,0,0,0,0,0,0,0,0
P0533-S01,65,II. Comportamientos críticos nocivos para el Estado,Comportamiento 9. Capacidad fiscal restringida (comportamiento transversal),52,0,,0,,0,,0,,0,,0,,0,,0,,0,0,0,0,0,0,0,0,0,0
P0533-S02,65,II. Comportamientos críticos nocivos para el Estado,Comportamiento 9. Capacidad fiscal restringida (comportamiento transversal),42,0,,0,,0,,1,gobierno saliente,0,,0,,3,cumplimiento; oportuno; fortalecer,0,,0,0,0,0,1,0,0,0,0,0
P0534-S01,65,II. Comportamientos críticos nocivos para el Estado,Comportamiento 9. Capacidad fiscal restringida (comportamiento transversal),37,0,,0,,0,,0,,0,,0,,0,,0,,0,0,0,0,0,0,0,0,0,0
P0536-S01,65,II. Comportamientos críticos nocivos para el Estado,Comportamiento 9. Capacidad fiscal restringida (comportamiento transversal),17,0,,1,podrían,0,,0,,0,,0,,0,,0,,0,0,0,0,0,0,0,0,1,0
P0537-S01,65,II. Comportamientos críticos nocivos para el Estado,Comportamiento 9. Capacidad fiscal restringida (comportamiento transversal),26,0,,0,,1,evidencia,0,,0,,0,,0,,0,,0,0,0,0,0,0,0,0,0,0
P0538-S01,65,II. Comportamientos críticos nocivos para el Estado,Comportamiento 9. Capacidad fiscal restringida (comportamiento transversal),13,0,,0,,0,,0,,0,,0,,0,,0,,0,0,0,0,0,0,0,0,0,0
P0538-S02,65,II. Comportamientos críticos nocivos para el Estado,Comportamiento 9. Capacidad fiscal restringida (comportamiento transversal),28,0,,0,,0,,0,,0,,0,,0,,0,,0,0,0,0,0,0,0,0,0,0
P0538-S03,65,II. Comportamientos críticos nocivos para el Estado,Comportamiento 9. Capacidad fiscal restringida (comportamiento transversal),12,0,,0,,0,,0,,0,,0,,0,,0,,0,0,0,0,0,0,0,0,0,0
P0539-S01,65,II. Comportamientos críticos nocivos para el Estado,Comportamiento 9. Capacidad fiscal restringida (comportamiento transversal),26,0,,0,,1,evidencia,0,,0,,0,,0,,1,deterioro,0,0,1,0,0,0,0,0,0,0
P0539-S02,65,II. Comportamientos críticos nocivos para el Estado,Comportamiento 9. Capacidad fiscal restringida (comportamiento transversal),35,0,,0,,0,,0,,0,,0,,0,,0,,0,0,0,0,0,0,0,0,0,0
P0539-S03,65,II. Comportamientos críticos nocivos para el Estado,Comportamiento 9. Capacidad fiscal restringida (comportamiento transversal),18,0,,1,podrían,0,,0,,0,,0,,0,,0,,0,0,0,0,0,0,0,0,1,0
P0540-S01,65,II. Comportamientos críticos nocivos para el Estado,Comportamiento 9. Capacidad fiscal restringida (comportamiento transversal),28,0,,0,,0,,0,,0,,0,,0,,0,,0,0,0,0,0,0,0,0,0,0
P0540-S02,65,II. Comportamientos críticos nocivos para el Estado,Comportamiento 9. Capacidad fiscal restringida (comportamiento transversal),45,0,,1,podrían,0,,0,,0,,0,,0,,0,,0,0,0,0,0,0,0,0,1,0
P0540-S03,65,II. Comportamientos críticos nocivos para el Estado,Comportamiento 9. Capacidad fiscal restringida (comportamiento transversal),31,0,,0,,0,,0,,0,,0,,0,,1,deterioro,0,0,1,0,0,0,0,0,1,0
P0546-S01,67,III. Hallazgos en materia de corrupción y balance de acciones,Introducción del capítulo,41,0,,0,,0,,0,,0,,0,,0,,0,,0,0,0,0,0,0,0,0,0,0
P0546-S02,67,III. Hallazgos en materia de corrupción y balance de acciones,Introducción del capítulo,37,0,,0,,0,,0,,0,,0,,0,,0,,0,0,0,0,0,0,0,0,0,0
P0547-S01,67,III. Hallazgos en materia de corrupción y balance de acciones,Introducción del capítulo,44,0,,0,,0,,0,,0,,0,,0,,0,,0,0,0,0,0,0,0,0,0,0
P0548-S01,67,III. Hallazgos en materia de corrupción y balance de acciones,Introducción del capítulo,30,0,,0,,0,,0,,0,,1,produjeron,0,,0,,0,0,0,0,0,0,0,0,0,0
P0548-S02,67,III. Hallazgos en materia de corrupción y balance de acciones,Introducción del capítulo,24,0,,1,eventual,0,,0,,0,,0,,0,,0,,0,0,0,0,0,0,0,0,0,0
P0549-S01,67,III. Hallazgos en materia de corrupción y balance de acciones,Introducción del capítulo,27,0,,0,,0,,0,,0,,0,,0,,0,,0,0,0,0,0,0,0,0,0,0
P0549-S02,67,III. Hallazgos en materia de corrupción y balance de acciones,Introducción del capítulo,45,0,,0,,0,,0,,0,,1,se tradujo en,1,transparencia,0,,0,0,0,0,0,0,0,0,0,0
P0551-S01,67,III. Hallazgos en materia de corrupción y balance de acciones,Caso 1. ESSMAR E.S.P.,13,0,,0,,0,,0,,0,,0,,0,,0,,0,0,0,0,0,0,0,0,0,0
P0552-S01,67,III. Hallazgos en materia de corrupción y balance de acciones,Caso 1. ESSMAR E.S.P.,57,0,,0,,0,,0,,0,,0,,0,,0,,0,0,0,0,0,0,0,0,0,0
P0552-S02,67,III. Hallazgos en materia de corrupción y balance de acciones,Caso 1. ESSMAR E.S.P.,56,0,,0,,0,,0,,0,,0,,0,,0,,0,0,0,0,0,0,0,0,0,0
P0553-S01,68,III. Hallazgos en materia de corrupción y balance de acciones,Caso 1. ESSMAR E.S.P.,55,0,,0,,0,,0,,0,,0,,0,,0,,0,0,0,0,0,0,0,0,0,0
P0554-S01,68,III. Hallazgos en materia de corrupción y balance de acciones,Caso 1. ESSMAR E.S.P.,37,0,,0,,0,,0,,0,,0,,0,,0,,0,0,0,0,0,0,0,0,0,0
P0554-S02,68,III. Hallazgos en materia de corrupción y balance de acciones,Caso 1. ESSMAR E.S.P.,22,0,,0,,0,,0,,0,,0,,0,,0,,0,0,0,0,0,0,0,0,0,0
P0555-S01,68,III. Hallazgos en materia de corrupción y balance de acciones,Caso 1. ESSMAR E.S.P.,5,0,,0,,0,,0,,0,,0,,0,,0,,0,0,0,0,0,0,0,0,0,0
P0555-S02,68,III. Hallazgos en materia de corrupción y balance de acciones,Caso 1. ESSMAR E.S.P.,31,0,,0,,0,,0,,0,,0,,0,,0,,0,0,0,0,0,0,0,0,0,0
P0555-S03,68,III. Hallazgos en materia de corrupción y balance de acciones,Caso 1. ESSMAR E.S.P.,25,0,,0,,0,,0,,0,,0,,0,,0,,0,0,0,0,0,0,0,0,0,0
P0557-S01,68,III. Hallazgos en materia de corrupción y balance de acciones,Caso 2. DAPRE,7,0,,0,,0,,0,,0,,0,,0,,0,,0,0,0,0,0,0,0,0,0,0
P0558-S01,68,III. Hallazgos en materia de corrupción y balance de acciones,Caso 2. DAPRE,36,0,,0,,0,,0,,0,,0,,0,,0,,0,0,0,0,0,0,0,0,0,0
P0558-S02,68,III. Hallazgos en materia de corrupción y balance de acciones,Caso 2. DAPRE,48,0,,0,,0,,0,,0,,0,,0,,0,,0,0,0,0,0,0,0,0,0,0
P0559-S01,68,III. Hallazgos en materia de corrupción y balance de acciones,Caso 2. DAPRE,58,0,,0,,0,,0,,0,,0,,0,,0,,0,0,0,0,0,0,0,0,0,0
P0560-S01,68,III. Hallazgos en materia de corrupción y balance de acciones,Caso 2. DAPRE,69,0,,0,,0,,0,,0,,0,,0,,0,,0,0,0,0,0,0,0,0,1,0
P0562-S01,69,III. Hallazgos en materia de corrupción y balance de acciones,"Caso 3. OCAD de ciencia, tecnología e innovación",7,0,,0,,0,,0,,0,,0,,0,,0,,0,0,0,0,0,0,0,0,0,0
P0563-S01,69,III. Hallazgos en materia de corrupción y balance de acciones,"Caso 3. OCAD de ciencia, tecnología e innovación",16,0,,0,,0,,0,,0,,0,,0,,0,,0,0,0,0,0,0,0,0,0,0
P0563-S02,69,III. Hallazgos en materia de corrupción y balance de acciones,"Caso 3. OCAD de ciencia, tecnología e innovación",29,0,,0,,0,,0,,0,,0,,0,,0,,0,0,0,0,0,0,0,0,0,0
P0563-S03,69,III. Hallazgos en materia de corrupción y balance de acciones,"Caso 3. OCAD de ciencia, tecnología e innovación",36,0,,0,,0,,0,,0,,0,,0,,0,,0,0,0,0,0,0,0,0,0,0
P0564-S01,69,III. Hallazgos en materia de corrupción y balance de acciones,"Caso 3. OCAD de ciencia, tecnología e innovación",43,0,,0,,0,,0,,0,,0,,0,,0,,0,0,0,0,0,0,0,0,0,0
P0565-S01,69,III. Hallazgos en materia de corrupción y balance de acciones,"Caso 3. OCAD de ciencia, tecnología e innovación",17,0,,0,,0,,0,,0,,0,,0,,0,,0,0,0,0,0,0,0,0,0,0
P0566-S01,69,III. Hallazgos en materia de corrupción y balance de acciones,"Caso 3. OCAD de ciencia, tecnología e innovación",23,0,,0,,0,,0,,0,,0,,0,,0,,0,0,0,0,0,0,0,0,0,0
P0566-S02,69,III. Hallazgos en materia de corrupción y balance de acciones,"Caso 3. OCAD de ciencia, tecnología e innovación",27,0,,0,,0,,0,,0,,1,derivó en,1,transparencia,0,,0,0,0,0,0,0,0,0,0,0
P0566-S03,69,III. Hallazgos en materia de corrupción y balance de acciones,"Caso 3. OCAD de ciencia, tecnología e innovación",14,0,,0,,2,según; reveló,0,,0,,0,,0,,0,,0,0,0,0,0,0,0,0,0,0
P0568-S01,69,III. Hallazgos en materia de corrupción y balance de acciones,Caso 4. CENIT,14,0,,0,,0,,0,,0,,0,,0,,0,,0,0,0,0,0,0,0,0,0,0
P0569-S01,69,III. Hallazgos en materia de corrupción y balance de acciones,Caso 4. CENIT,20,0,,0,,0,,0,,0,,0,,0,,0,,0,0,0,0,0,0,0,0,0,0
P0569-S02,69,III. Hallazgos en materia de corrupción y balance de acciones,Caso 4. CENIT,36,0,,0,,0,,0,,0,,0,,0,,0,,0,0,0,0,0,0,0,0,0,0
P0570-S01,69,III. Hallazgos en materia de corrupción y balance de acciones,Caso 4. CENIT,20,0,,0,,1,evidenció,0,,0,,0,,0,,0,,0,0,0,0,0,0,0,0,0,0
P0570-S02,69,III. Hallazgos en materia de corrupción y balance de acciones,Caso 4. CENIT,50,0,,0,,1,encontró,0,,0,,0,,0,,0,,0,0,0,0,0,0,0,0,0,0
P0570-S03,69,III. Hallazgos en materia de corrupción y balance de acciones,Caso 4. CENIT,40,0,,1,habría,1,identificó,0,,0,,0,,1,servicio,0,,0,0,0,0,0,1,0,0,0,0
P0570-S04,69,III. Hallazgos en materia de corrupción y balance de acciones,Caso 4. CENIT,27,0,,0,,0,,0,,0,,0,,0,,0,,0,0,0,0,0,0,0,0,0,0
P0571-S01,70,III. Hallazgos en materia de corrupción y balance de acciones,Caso 4. CENIT,14,0,,0,,0,,0,,0,,0,,0,,0,,0,0,0,0,0,0,0,0,0,0
P0572-S01,70,III. Hallazgos en materia de corrupción y balance de acciones,Caso 4. CENIT,48,0,,0,,0,,0,,0,,0,,0,,0,,0,0,0,0,0,0,0,0,0,0
P0573-S01,70,III. Hallazgos en materia de corrupción y balance de acciones,Caso 4. CENIT,21,0,,0,,0,,0,,0,,0,,0,,0,,0,0,0,0,0,0,0,0,0,0
P0573-S02,70,III. Hallazgos en materia de corrupción y balance de acciones,Caso 4. CENIT,46,0,,0,,0,,0,,0,,0,,0,,0,,0,0,0,0,0,0,0,0,0,0
P0575-S01,70,III. Hallazgos en materia de corrupción y balance de acciones,Caso 5. FENOGE,11,0,,1,presunto,0,,0,,0,,0,,0,,0,,0,0,0,0,0,0,0,0,0,0
P0576-S01,70,III. Hallazgos en materia de corrupción y balance de acciones,Caso 5. FENOGE,41,0,,0,,0,,0,,0,,0,,1,eficiente,0,,0,0,0,0,0,0,0,0,0,0
P0576-S02,70,III. Hallazgos en materia de corrupción y balance de acciones,Caso 5. FENOGE,27,0,,0,,0,,0,,0,,0,,0,,0,,0,0,0,0,0,0,0,0,0,0
P0577-S01,70,III. Hallazgos en materia de corrupción y balance de acciones,Caso 5. FENOGE,27,0,,0,,0,,0,,0,,0,,0,,0,,0,0,0,0,0,0,0,0,0,0
P0577-S02,70,III. Hallazgos en materia de corrupción y balance de acciones,Caso 5. FENOGE,42,0,,0,,0,,0,,0,,0,,0,,0,,0,0,0,0,0,0,0,1,0,0
P0577-S03,70,III. Hallazgos en materia de corrupción y balance de acciones,Caso 5. FENOGE,31,0,,0,,1,evidenció,0,,0,,0,,0,,0,,0,0,0,0,0,0,0,0,0,0
P0578-S01,70,III. Hallazgos en materia de corrupción y balance de acciones,Caso 5. FENOGE,39,0,,0,,0,,0,,0,,0,,0,,0,,0,0,0,0,0,0,0,0,0,0
P0578-S02,70,III. Hallazgos en materia de corrupción y balance de acciones,Caso 5. FENOGE,25,0,,0,,0,,0,,0,,0,,0,,0,,0,0,0,0,0,0,0,0,0,0
P0579-S01,70,III. Hallazgos en materia de corrupción y balance de acciones,Caso 5. FENOGE,28,0,,0,,0,,0,,0,,0,,0,,0,,0,0,0,0,0,0,0,0,0,0
P0581-S01,71,III. Hallazgos en materia de corrupción y balance de acciones,Caso 6. Electrohuila,7,0,,0,,0,,0,,0,,0,,0,,0,,0,0,0,0,0,0,0,0,0,0
P0582-S01,71,III. Hallazgos en materia de corrupción y balance de acciones,Caso 6. Electrohuila,47,0,,0,,0,,0,,0,,0,,0,,0,,0,0,0,0,0,0,0,0,0,0
P0582-S02,71,III. Hallazgos en materia de corrupción y balance de acciones,Caso 6. Electrohuila,21,0,,0,,0,,0,,0,,0,,0,,0,,0,0,0,0,0,0,0,0,0,0
P0583-S01,71,III. Hallazgos en materia de corrupción y balance de acciones,Caso 6. Electrohuila,13,0,,0,,1,concluyó,0,,0,,0,,0,,0,,0,0,0,0,0,0,0,0,0,0
P0583-S02,71,III. Hallazgos en materia de corrupción y balance de acciones,Caso 6. Electrohuila,42,0,,0,,0,,0,,0,,0,,0,,0,,0,0,0,0,0,1,0,0,0,0
P0584-S01,71,III. Hallazgos en materia de corrupción y balance de acciones,Caso 6. Electrohuila,20,0,,0,,0,,0,,0,,0,,1,garantizar,0,,0,0,0,0,0,0,0,0,0,0
P0584-S02,71,III. Hallazgos en materia de corrupción y balance de acciones,Caso 6. Electrohuila,38,0,,0,,0,,0,,0,,0,,0,,0,,0,0,0,0,0,0,0,0,0,0
P0585-S01,71,III. Hallazgos en materia de corrupción y balance de acciones,Caso 6. Electrohuila,29,0,,0,,0,,0,,0,,0,,0,,0,,0,0,0,0,0,0,0,0,0,0
P0586-S01,71,III. Hallazgos en materia de corrupción y balance de acciones,Caso 6. Electrohuila,39,0,,1,eventual,0,,0,,0,,0,,0,,0,,0,0,0,0,0,0,0,0,0,0
P0588-S01,71,III. Hallazgos en materia de corrupción y balance de acciones,Caso 7. Páramo de Santurbán,4,0,,0,,0,,0,,0,,0,,0,,0,,0,0,0,0,0,0,0,0,0,0
P0589-S01,71,III. Hallazgos en materia de corrupción y balance de acciones,Caso 7. Páramo de Santurbán,15,0,,0,,0,,0,,0,,0,,0,,1,deuda,0,0,0,0,0,0,0,0,0,0
P0589-S02,71,III. Hallazgos en materia de corrupción y balance de acciones,Caso 7. Páramo de Santurbán,46,0,,0,,0,,0,,0,,0,,0,,0,,0,0,0,0,0,0,0,0,0,0
P0590-S01,71,III. Hallazgos en materia de corrupción y balance de acciones,Caso 7. Páramo de Santurbán,51,0,,1,posible,1,concluyó,0,,0,,0,,0,,1,incumplimiento,0,0,1,0,0,0,0,0,0,0
P0590-S02,71,III. Hallazgos en materia de corrupción y balance de acciones,Caso 7. Páramo de Santurbán,29,0,,0,,0,,0,,0,,0,,0,,1,ilegal,0,0,0,0,0,0,1,0,0,0
P0591-S01,71,III. Hallazgos en materia de corrupción y balance de acciones,Caso 7. Páramo de Santurbán,35,0,,1,presuntas,0,,0,,0,,1,se tradujo en,1,cumplimiento,0,,0,0,0,0,1,0,0,0,0,0
P0592-S01,72,III. Hallazgos en materia de corrupción y balance de acciones,Caso 7. Páramo de Santurbán,27,0,,0,,0,,0,,0,,0,,0,,0,,0,0,0,0,0,0,0,0,0,0
P0594-S01,72,III. Hallazgos en materia de corrupción y balance de acciones,Caso 8. Reforma agraria,11,0,,0,,0,,0,,0,,0,,0,,0,,0,0,0,0,0,0,0,0,0,0
P0595-S01,72,III. Hallazgos en materia de corrupción y balance de acciones,Caso 8. Reforma agraria,22,0,,0,,0,,0,,0,,0,,0,,0,,0,0,0,0,0,0,0,0,0,0
P0595-S02,72,III. Hallazgos en materia de corrupción y balance de acciones,Caso 8. Reforma agraria,38,0,,0,,0,,0,,0,,0,,0,,0,,0,0,0,0,0,0,0,0,0,0
P0596-S01,72,III. Hallazgos en materia de corrupción y balance de acciones,Caso 8. Reforma agraria,27,0,,0,,1,advirtió,0,,0,,0,,0,,0,,0,0,0,0,0,0,0,0,0,0
P0596-S02,72,III. Hallazgos en materia de corrupción y balance de acciones,Caso 8. Reforma agraria,21,0,,0,,1,de acuerdo con,0,,0,,0,,0,,0,,0,0,0,0,0,0,0,0,0,0
P0596-S03,72,III. Hallazgos en materia de corrupción y balance de acciones,Caso 8. Reforma agraria,21,0,,0,,0,,0,,0,,0,,0,,0,,0,0,0,0,0,0,0,0,0,0
P0596-S04,72,III. Hallazgos en materia de corrupción y balance de acciones,Caso 8. Reforma agraria,34,0,,0,,1,concluyó,0,,0,,0,,0,,0,,0,0,0,0,0,0,0,0,0,0
P0597-S01,72,III. Hallazgos en materia de corrupción y balance de acciones,Caso 8. Reforma agraria,34,0,,0,,0,,0,,0,,0,,0,,0,,0,0,0,0,0,0,0,0,0,0
P0597-S02,72,III. Hallazgos en materia de corrupción y balance de acciones,Caso 8. Reforma agraria,27,0,,0,,0,,0,,1,gracias a,0,,1,fortalecer,0,,0,0,0,0,0,0,0,0,0,0
P0599-S01,72,III. Hallazgos en materia de corrupción y balance de acciones,Caso 9. Caminos comunitarios para la paz,6,0,,0,,0,,0,,0,,0,,0,,0,,0,0,0,0,0,0,0,0,0,0
P0600-S01,72,III. Hallazgos en materia de corrupción y balance de acciones,Caso 9. Caminos comunitarios para la paz,19,0,,0,,0,,0,,0,,0,,0,,0,,0,0,0,0,0,0,0,0,0,0
P0600-S02,72,III. Hallazgos en materia de corrupción y balance de acciones,Caso 9. Caminos comunitarios para la paz,31,0,,0,,1,identificaron,0,,0,,1,derivaron en,0,,0,,0,0,0,0,0,0,0,0,0,0
P0601-S01,72,III. Hallazgos en materia de corrupción y balance de acciones,Caso 9. Caminos comunitarios para la paz,15,0,,0,,0,,0,,0,,0,,0,,0,,0,0,0,0,0,0,0,0,0,0
P0601-S02,72,III. Hallazgos en materia de corrupción y balance de acciones,Caso 9. Caminos comunitarios para la paz,20,0,,0,,0,,0,,0,,0,,1,avance,0,,0,0,0,0,1,0,0,0,0,0
P0601-S03,72,III. Hallazgos en materia de corrupción y balance de acciones,Caso 9. Caminos comunitarios para la paz,30,0,,0,,0,,0,,0,,0,,1,avance,0,,0,0,0,0,1,0,0,0,0,0
P0602-S01,73,III. Hallazgos en materia de corrupción y balance de acciones,Caso 9. Caminos comunitarios para la paz,42,0,,1,presuntas,0,,0,,0,,0,,0,,1,irregularidades,0,0,0,1,0,0,0,0,0,0
P0604-S01,73,III. Hallazgos en materia de corrupción y balance de acciones,Caso 10. Servicios de ciberseguridad,7,0,,0,,0,,0,,0,,0,,0,,0,,0,0,0,0,0,0,0,0,0,0
P0605-S01,73,III. Hallazgos en materia de corrupción y balance de acciones,Caso 10. Servicios de ciberseguridad,30,0,,0,,0,,0,,0,,0,,1,eficiente,0,,0,0,0,0,0,0,0,0,0,0
P0605-S02,73,III. Hallazgos en materia de corrupción y balance de acciones,Caso 10. Servicios de ciberseguridad,25,0,,2,estimado; aproximadamente,0,,0,,0,,0,,0,,0,,0,0,0,0,0,0,0,0,0,0
P0606-S01,73,III. Hallazgos en materia de corrupción y balance de acciones,Caso 10. Servicios de ciberseguridad,16,0,,0,,1,reveló,0,,0,,0,,0,,0,,0,0,0,0,0,0,0,0,1,0
P0606-S02,73,III. Hallazgos en materia de corrupción y balance de acciones,Caso 10. Servicios de ciberseguridad,41,0,,0,,0,,0,,0,,0,,0,,0,,0,0,0,0,0,0,0,0,0,0
P0607-S01,73,III. Hallazgos en materia de corrupción y balance de acciones,Caso 10. Servicios de ciberseguridad,29,0,,0,,0,,0,,0,,0,,0,,0,,0,0,0,0,0,0,0,0,0,0
P0608-S01,73,III. Hallazgos en materia de corrupción y balance de acciones,Caso 10. Servicios de ciberseguridad,6,0,,0,,0,,0,,1,produjo,0,,0,,0,,0,0,0,0,0,0,0,0,0,0
P0608-S02,73,III. Hallazgos en materia de corrupción y balance de acciones,Caso 10. Servicios de ciberseguridad,34,0,,0,,0,,0,,0,,0,,1,eficiente,0,,0,0,0,0,0,0,0,0,0,0
P0610-S01,73,III. Hallazgos en materia de corrupción y balance de acciones,Caso 11. Unidad Nacional de Protección (UNP),13,0,,0,,0,,0,,0,,0,,0,,0,,0,0,0,0,0,0,0,0,0,0
P0611-S01,73,III. Hallazgos en materia de corrupción y balance de acciones,Caso 11. Unidad Nacional de Protección (UNP),41,0,,0,,0,,0,,0,,0,,0,,0,,0,0,0,0,0,0,0,0,0,0
P0611-S02,73,III. Hallazgos en materia de corrupción y balance de acciones,Caso 11. Unidad Nacional de Protección (UNP),35,0,,0,,0,,0,,0,,0,,2,garantizar; servicio,0,,0,0,0,0,0,0,0,0,0,0
P0612-S01,73,III. Hallazgos en materia de corrupción y balance de acciones,Caso 11. Unidad Nacional de Protección (UNP),26,0,,0,,1,advirtió,0,,0,,0,,0,,0,,0,0,0,0,0,0,0,0,0,0
P0612-S02,73,III. Hallazgos en materia de corrupción y balance de acciones,Caso 11. Unidad Nacional de Protección (UNP),35,0,,0,,0,,0,,0,,0,,0,,0,,0,0,0,0,0,0,0,0,1,0
P0613-S01,74,III. Hallazgos en materia de corrupción y balance de acciones,Caso 11. Unidad Nacional de Protección (UNP),25,0,,0,,0,,0,,1,resultado de,1,como resultado de,0,,0,,0,0,0,0,0,0,0,0,0,0
P0614-S01,74,III. Hallazgos en materia de corrupción y balance de acciones,Caso 11. Unidad Nacional de Protección (UNP),29,0,,0,,0,,0,,0,,0,,0,,0,,0,0,0,0,0,0,0,0,0,0
P0614-S02,74,III. Hallazgos en materia de corrupción y balance de acciones,Caso 11. Unidad Nacional de Protección (UNP),24,0,,0,,0,,0,,0,,0,,0,,0,,0,0,0,0,0,0,0,0,0,0
P0616-S01,74,III. Hallazgos en materia de corrupción y balance de acciones,Caso 12. FONTUR,10,0,,0,,0,,0,,0,,0,,0,,0,,0,0,0,0,0,0,0,0,0,0
P0617-S01,74,III. Hallazgos en materia de corrupción y balance de acciones,Caso 12. FONTUR,34,0,,0,,0,,0,,0,,0,,0,,0,,0,0,0,0,0,0,0,0,0,0
P0617-S02,74,III. Hallazgos en materia de corrupción y balance de acciones,Caso 12. FONTUR,23,0,,0,,0,,0,,0,,0,,0,,0,,0,0,0,0,0,1,0,0,0,0
P0618-S01,74,III. Hallazgos en materia de corrupción y balance de acciones,Caso 12. FONTUR,40,0,,0,,0,,0,,0,,0,,0,,0,,0,0,0,0,0,0,0,0,0,0
P0618-S02,74,III. Hallazgos en materia de corrupción y balance de acciones,Caso 12. FONTUR,38,0,,0,,0,,0,,0,,0,,0,,0,,0,0,0,0,0,1,0,0,0,0
P0619-S01,74,III. Hallazgos en materia de corrupción y balance de acciones,Caso 12. FONTUR,23,0,,0,,0,,0,,0,,0,,0,,0,,0,0,0,0,0,0,0,0,0,0
P0621-S01,74,III. Hallazgos en materia de corrupción y balance de acciones,"Caso 13. Acuerdo marco para el suministro, adquisición y dispensación de medicamentos II — $3 billones en juego",30,0,,0,,0,,0,,0,,0,,1,eficiente,0,,0,0,0,0,0,0,0,0,0,0
P0622-S01,74,III. Hallazgos en materia de corrupción y balance de acciones,"Caso 13. Acuerdo marco para el suministro, adquisición y dispensación de medicamentos II — $3 billones en juego",44,0,,1,presuntas,0,,0,,0,,0,,0,,0,,0,0,0,0,0,0,0,0,0,0
P0623-S01,74,III. Hallazgos en materia de corrupción y balance de acciones,"Caso 13. Acuerdo marco para el suministro, adquisición y dispensación de medicamentos II — $3 billones en juego",38,0,,0,,0,,0,,0,,0,,1,fortalecer,0,,0,0,0,0,0,0,0,0,0,0
P0625-S01,75,III. Hallazgos en materia de corrupción y balance de acciones,Caso 14. CODALTEC,17,0,,0,,0,,0,,0,,0,,0,,0,,0,0,0,0,0,0,0,0,0,0
P0626-S01,75,III. Hallazgos en materia de corrupción y balance de acciones,Caso 14. CODALTEC,39,0,,0,,0,,0,,0,,0,,1,fortalecer,0,,0,0,0,0,0,0,0,0,0,0
P0626-S02,75,III. Hallazgos en materia de corrupción y balance de acciones,Caso 14. CODALTEC,26,0,,1,aproximadamente,0,,0,,0,,0,,0,,0,,0,0,0,0,0,0,0,0,0,0
P0627-S01,75,III. Hallazgos en materia de corrupción y balance de acciones,Caso 14. CODALTEC,40,0,,0,,1,identificó,0,,0,,0,,0,,0,,0,0,0,0,0,0,0,0,0,0
P0628-S01,75,III. Hallazgos en materia de corrupción y balance de acciones,Caso 14. CODALTEC,35,0,,0,,0,,0,,0,,0,,0,,0,,0,0,0,0,0,0,0,0,0,0
P0630-S01,75,III. Hallazgos en materia de corrupción y balance de acciones,Caso 15. C.I. MEPRECOL S.A.S.,13,0,,0,,0,,0,,0,,0,,0,,0,,0,0,0,0,0,0,0,0,0,0
P0631-S01,75,III. Hallazgos en materia de corrupción y balance de acciones,Caso 15. C.I. MEPRECOL S.A.S.,21,0,,0,,0,,0,,0,,0,,0,,0,,0,0,0,0,0,0,0,0,0,0
P0631-S02,75,III. Hallazgos en materia de corrupción y balance de acciones,Caso 15. C.I. MEPRECOL S.A.S.,60,0,,0,,0,,0,,0,,0,,0,,1,riesgos,0,1,0,0,0,0,0,0,0,0
P0632-S01,75,III. Hallazgos en materia de corrupción y balance de acciones,Caso 15. C.I. MEPRECOL S.A.S.,22,1,confirmó,0,,0,,0,,0,,0,,0,,0,,0,0,0,0,0,0,0,0,0,0
P0632-S02,75,III. Hallazgos en materia de corrupción y balance de acciones,Caso 15. C.I. MEPRECOL S.A.S.,53,0,,0,,0,,0,,0,,0,,1,garantizar,0,,0,0,0,0,0,0,0,0,0,0
P0632-S03,75,III. Hallazgos en materia de corrupción y balance de acciones,Caso 15. C.I. MEPRECOL S.A.S.,14,0,,0,,1,registró,0,,0,,0,,0,,0,,0,0,0,0,0,0,0,0,0,0
P0633-S01,75,III. Hallazgos en materia de corrupción y balance de acciones,Caso 15. C.I. MEPRECOL S.A.S.,28,0,,0,,0,,0,,0,,0,,0,,0,,0,0,0,0,0,0,0,0,0,0
P0634-S01,75,III. Hallazgos en materia de corrupción y balance de acciones,Caso 15. C.I. MEPRECOL S.A.S.,23,0,,0,,0,,0,,0,,0,,1,fortalecer,0,,0,0,0,0,0,0,0,0,0,0
P0634-S02,75,III. Hallazgos en materia de corrupción y balance de acciones,Caso 15. C.I. MEPRECOL S.A.S.,31,0,,0,,0,,0,,0,,0,,1,garantizar,1,riesgos,0,1,0,0,0,0,0,0,0,0
P0636-S01,76,III. Hallazgos en materia de corrupción y balance de acciones,Caso 16. Canal Trece,9,0,,0,,0,,0,,0,,0,,0,,0,,0,0,0,0,0,0,0,0,0,0
P0637-S01,76,III. Hallazgos en materia de corrupción y balance de acciones,Caso 16. Canal Trece,28,0,,0,,0,,0,,0,,0,,0,,0,,0,0,0,0,0,0,0,0,0,0
P0638-S01,76,III. Hallazgos en materia de corrupción y balance de acciones,Caso 16. Canal Trece,19,0,,0,,0,,0,,0,,0,,0,,0,,0,0,0,0,0,0,0,0,0,0
P0638-S02,76,III. Hallazgos en materia de corrupción y balance de acciones,Caso 16. Canal Trece,22,0,,0,,0,,0,,0,,0,,0,,0,,0,0,0,0,0,0,0,0,0,0
P0639-S01,76,III. Hallazgos en materia de corrupción y balance de acciones,Caso 16. Canal Trece,20,0,,0,,0,,0,,0,,0,,0,,0,,0,0,0,0,0,0,0,0,0,0
P0639-S02,76,III. Hallazgos en materia de corrupción y balance de acciones,Caso 16. Canal Trece,29,0,,1,habría,1,encontró,0,,0,,0,,0,,0,,0,0,0,0,0,0,0,0,0,0
P0639-S03,76,III. Hallazgos en materia de corrupción y balance de acciones,Caso 16. Canal Trece,31,0,,0,,1,identificaron,0,,0,,0,,0,,1,sobrecostos,0,0,0,1,0,0,0,0,0,0
P0640-S01,76,III. Hallazgos en materia de corrupción y balance de acciones,Caso 16. Canal Trece,28,0,,0,,0,,0,,0,,0,,0,,0,,0,0,0,0,0,0,0,0,0,0
P0641-S01,76,III. Hallazgos en materia de corrupción y balance de acciones,Caso 16. Canal Trece,21,0,,0,,0,,0,,0,,0,,0,,0,,0,0,0,0,0,0,0,0,0,0
P0641-S02,76,III. Hallazgos en materia de corrupción y balance de acciones,Caso 16. Canal Trece,47,0,,0,,0,,0,,0,,0,,0,,0,,0,0,0,0,0,0,0,0,0,0
P0643-S01,76,III. Hallazgos en materia de corrupción y balance de acciones,Caso 17. ICBF,9,0,,0,,0,,0,,0,,0,,0,,0,,0,0,0,0,0,0,0,0,0,0
P0643-S02,76,III. Hallazgos en materia de corrupción y balance de acciones,Caso 17. ICBF,2,0,,0,,0,,0,,0,,0,,0,,0,,0,0,0,0,0,0,0,0,0,0
P0644-S01,76,III. Hallazgos en materia de corrupción y balance de acciones,Caso 17. ICBF,19,0,,0,,0,,0,,0,,0,,0,,0,,0,0,0,0,0,0,0,0,0,0
P0644-S02,76,III. Hallazgos en materia de corrupción y balance de acciones,Caso 17. ICBF,34,0,,0,,0,,0,,0,,0,,0,,0,,0,0,0,0,0,0,0,0,0,0
P0645-S01,76,III. Hallazgos en materia de corrupción y balance de acciones,Caso 17. ICBF,38,0,,0,,1,evidenció,0,,0,,0,,0,,0,,0,0,0,0,0,0,0,0,0,0
P0645-S02,76,III. Hallazgos en materia de corrupción y balance de acciones,Caso 17. ICBF,26,0,,1,posible,0,,0,,0,,0,,0,,0,,0,0,0,0,0,0,0,0,0,0
P0646-S01,77,III. Hallazgos en materia de corrupción y balance de acciones,Caso 17. ICBF,30,0,,0,,0,,0,,0,,0,,0,,0,,0,0,0,0,0,0,0,0,1,0
P0647-S01,77,III. Hallazgos en materia de corrupción y balance de acciones,Caso 17. ICBF,26,0,,0,,0,,0,,0,,0,,2,servicio; transparencia,0,,0,0,0,0,0,0,0,0,0,0
P0647-S02,77,III. Hallazgos en materia de corrupción y balance de acciones,Caso 17. ICBF,31,0,,0,,0,,0,,0,,0,,0,,0,,0,0,0,0,0,0,0,0,0,0
P0649-S01,77,III. Hallazgos en materia de corrupción y balance de acciones,Caso 18. Agencia Nacional de Defensa Jurídica del Estado (ANDJE) — 48 procesos contractuales bajo vigilancia,15,0,,0,,0,,0,,0,,0,,0,,0,,0,0,0,0,0,0,0,0,0,0
P0649-S02,77,III. Hallazgos en materia de corrupción y balance de acciones,Caso 18. Agencia Nacional de Defensa Jurídica del Estado (ANDJE) — 48 procesos contractuales bajo vigilancia,29,0,,0,,0,,0,,0,,0,,0,,0,,0,0,0,0,0,0,0,0,0,0
P0650-S01,77,III. Hallazgos en materia de corrupción y balance de acciones,Caso 18. Agencia Nacional de Defensa Jurídica del Estado (ANDJE) — 48 procesos contractuales bajo vigilancia,41,0,,0,,0,,0,,0,,0,,0,,0,,0,0,0,0,0,0,0,0,0,0
P0652-S01,77,III. Hallazgos en materia de corrupción y balance de acciones,Caso 19. Hospital San Juan de Dios,12,0,,0,,0,,0,,0,,0,,0,,0,,0,0,0,0,0,0,0,0,0,0
P0653-S01,77,III. Hallazgos en materia de corrupción y balance de acciones,Caso 19. Hospital San Juan de Dios,27,0,,0,,0,,0,,0,,0,,0,,0,,0,0,0,0,0,0,0,0,0,0
P0653-S02,77,III. Hallazgos en materia de corrupción y balance de acciones,Caso 19. Hospital San Juan de Dios,21,0,,0,,0,,0,,0,,0,,0,,0,,0,0,0,0,0,1,0,0,0,0
P0654-S01,77,III. Hallazgos en materia de corrupción y balance de acciones,Caso 19. Hospital San Juan de Dios,28,0,,0,,1,estableció,0,,0,,0,,0,,0,,0,0,0,0,0,0,0,0,0,0
P0654-S02,77,III. Hallazgos en materia de corrupción y balance de acciones,Caso 19. Hospital San Juan de Dios,40,0,,0,,0,,0,,0,,0,,0,,0,,0,0,0,0,0,1,0,0,0,0
P0655-S01,77,III. Hallazgos en materia de corrupción y balance de acciones,Caso 19. Hospital San Juan de Dios,46,0,,0,,0,,0,,0,,0,,0,,0,,0,0,0,0,0,0,0,0,0,0
P0657-S01,77,III. Hallazgos en materia de corrupción y balance de acciones,Caso 20. Cancillería,5,0,,0,,0,,0,,0,,0,,0,,0,,0,0,0,0,0,0,0,0,0,0
P0658-S01,77,III. Hallazgos en materia de corrupción y balance de acciones,Caso 20. Cancillería,19,0,,0,,0,,0,,0,,0,,0,,0,,0,0,0,0,0,0,0,0,0,0
P0658-S02,77,III. Hallazgos en materia de corrupción y balance de acciones,Caso 20. Cancillería,45,1,en efecto,0,,0,,1,gobierno saliente,0,,0,,0,,0,,0,0,0,0,0,0,0,0,0,0
P0659-S01,78,III. Hallazgos en materia de corrupción y balance de acciones,Caso 20. Cancillería,63,0,,0,,0,,0,,0,,0,,0,,1,irregularidades,0,0,0,1,0,0,0,0,0,0
P0660-S01,78,III. Hallazgos en materia de corrupción y balance de acciones,Caso 20. Cancillería,62,0,,0,,0,,0,,0,,0,,0,,0,,0,0,0,0,0,0,0,0,0,0
P0662-S01,78,III. Hallazgos en materia de corrupción y balance de acciones,Caso 21. ASOMUFFAA,6,0,,0,,0,,0,,0,,0,,0,,0,,0,0,0,0,0,0,0,0,0,0
P0663-S01,78,III. Hallazgos en materia de corrupción y balance de acciones,Caso 21. ASOMUFFAA,36,0,,2,alrededor de; presunta,0,,0,,0,,0,,0,,1,pérdida,0,0,1,0,0,0,0,0,0,0
P0663-S02,78,III. Hallazgos en materia de corrupción y balance de acciones,Caso 21. ASOMUFFAA,25,0,,0,,0,,0,,0,,0,,0,,0,,0,0,0,0,0,0,0,0,0,0
P0664-S01,78,III. Hallazgos en materia de corrupción y balance de acciones,Caso 21. ASOMUFFAA,33,0,,1,presunta,1,reveló,0,,0,,0,,0,,0,,0,0,0,0,0,0,0,0,0,0
P0664-S02,78,III. Hallazgos en materia de corrupción y balance de acciones,Caso 21. ASOMUFFAA,19,0,,1,habría,1,de acuerdo con,0,,0,,0,,0,,0,,0,0,0,0,0,0,0,0,0,0
P0665-S01,78,III. Hallazgos en materia de corrupción y balance de acciones,Caso 21. ASOMUFFAA,38,0,,1,eventual,0,,0,,0,,0,,0,,0,,0,0,0,0,0,0,0,0,0,0
P0667-S01,78,III. Hallazgos en materia de corrupción y balance de acciones,Caso 22. FONIGUALDAD,9,0,,0,,0,,0,,0,,0,,0,,0,,0,0,0,0,0,0,0,0,0,0
P0668-S01,78,III. Hallazgos en materia de corrupción y balance de acciones,Caso 22. FONIGUALDAD,16,0,,0,,0,,0,,0,,0,,0,,0,,0,0,0,0,0,0,0,0,0,0
P0668-S02,78,III. Hallazgos en materia de corrupción y balance de acciones,Caso 22. FONIGUALDAD,40,0,,0,,1,identificó,0,,0,,0,,0,,0,,0,0,0,0,0,0,0,0,0,0
P0669-S01,79,III. Hallazgos en materia de corrupción y balance de acciones,Caso 22. FONIGUALDAD,28,0,,0,,1,evidenció,0,,0,,0,,0,,0,,0,0,0,0,0,0,0,0,0,0
P0669-S02,79,III. Hallazgos en materia de corrupción y balance de acciones,Caso 22. FONIGUALDAD,37,0,,0,,0,,0,,0,,0,,0,,0,,0,0,0,0,0,0,0,0,0,0
P0670-S01,79,III. Hallazgos en materia de corrupción y balance de acciones,Caso 22. FONIGUALDAD,31,0,,0,,0,,0,,0,,0,,0,,0,,0,0,0,0,0,0,0,0,0,0
P0672-S01,79,III. Hallazgos en materia de corrupción y balance de acciones,Caso 23. Agencia de Desarrollo Rural (ADR),6,0,,0,,0,,0,,0,,0,,0,,0,,0,0,0,0,0,0,0,0,0,0
P0673-S01,79,III. Hallazgos en materia de corrupción y balance de acciones,Caso 23. Agencia de Desarrollo Rural (ADR),36,0,,0,,0,,0,,0,,0,,0,,0,,0,0,0,0,0,0,0,0,0,0
P0673-S02,79,III. Hallazgos en materia de corrupción y balance de acciones,Caso 23. Agencia de Desarrollo Rural (ADR),34,0,,0,,0,,0,,0,,0,,0,,0,,0,0,0,0,0,0,0,0,0,0
P0674-S01,79,III. Hallazgos en materia de corrupción y balance de acciones,Caso 23. Agencia de Desarrollo Rural (ADR),31,1,en efecto,0,,0,,0,,0,,0,,0,,0,,0,0,0,0,0,0,0,0,0,0
P0675-S01,79,III. Hallazgos en materia de corrupción y balance de acciones,Caso 23. Agencia de Desarrollo Rural (ADR),43,0,,1,presunto,0,,0,,0,,0,,0,,0,,0,0,0,0,0,0,0,0,0,0
P0680-S01,81,IV. Balance sectorial,Sector Agricultura y desarrollo Rural,9,0,,0,,0,,0,,0,,0,,0,,0,,0,0,0,0,0,0,0,0,0,0
P0680-S02,81,IV. Balance sectorial,Sector Agricultura y desarrollo Rural,5,0,,0,,0,,0,,0,,0,,0,,0,,0,0,0,0,0,0,0,0,0,0
P0680-S03,81,IV. Balance sectorial,Sector Agricultura y desarrollo Rural,10,0,,0,,1,encontramos,0,,0,,0,,0,,0,,0,0,0,0,0,0,0,0,1,1
P0681-S01,81,IV. Balance sectorial,Sector Agricultura y desarrollo Rural,30,1,verificables,0,,0,,0,,0,,0,,0,,0,,0,0,0,0,0,0,0,0,0,0
P0681-S02,81,IV. Balance sectorial,Sector Agricultura y desarrollo Rural,17,0,,0,,0,,0,,0,,0,,0,,0,,0,0,0,0,0,0,0,0,0,0
P0681-S03,81,IV. Balance sectorial,Sector Agricultura y desarrollo Rural,24,0,,0,,0,,0,,0,,0,,0,,0,,0,0,0,0,0,0,1,0,0,0
P0682-S01,81,IV. Balance sectorial,Sector Agricultura y desarrollo Rural,9,0,,0,,0,,0,,0,,0,,0,,0,,0,0,0,0,0,0,0,0,0,0
P0682-S02,81,IV. Balance sectorial,Sector Agricultura y desarrollo Rural,23,0,,0,,0,,0,,0,,0,,1,garantizar,0,,0,0,0,0,0,0,0,0,1,0
P0682-S03,81,IV. Balance sectorial,Sector Agricultura y desarrollo Rural,34,0,,0,,0,,0,,0,,0,,0,,0,,0,0,0,0,0,0,0,0,0,0
P0682-S04,81,IV. Balance sectorial,Sector Agricultura y desarrollo Rural,20,0,,0,,0,,0,,0,,0,,0,,0,,0,0,0,0,0,0,0,0,0,0
P0683-S01,81,IV. Balance sectorial,Sector Agricultura y desarrollo Rural,12,0,,0,,0,,0,,0,,0,,0,,0,,0,0,0,0,0,0,0,0,0,0
P0683-S02,81,IV. Balance sectorial,Sector Agricultura y desarrollo Rural,36,0,,0,,0,,0,,0,,0,,0,,0,,0,0,0,0,0,0,0,0,0,0
P0683-S03,81,IV. Balance sectorial,Sector Agricultura y desarrollo Rural,18,0,,0,,0,,0,,0,,0,,0,,0,,0,0,0,0,0,0,0,0,0,0
P0683-S04,81,IV. Balance sectorial,Sector Agricultura y desarrollo Rural,36,1,verificables,0,,0,,0,,0,,0,,1,transparencia,2,riesgos; corrupción,0,1,0,1,0,0,0,0,0,0
P0684-S01,81,IV. Balance sectorial,Sector Agricultura y desarrollo Rural,28,0,,0,,0,,0,,0,,0,,0,,0,,0,0,0,0,0,0,0,0,0,0
P0684-S02,81,IV. Balance sectorial,Sector Agricultura y desarrollo Rural,18,0,,0,,0,,0,,0,,0,,0,,0,,0,0,0,0,0,0,0,0,1,0
P0684-S03,81,IV. Balance sectorial,Sector Agricultura y desarrollo Rural,21,0,,0,,0,,0,,0,,0,,1,transparencia,0,,0,0,0,0,0,0,0,0,0,0
P0685-S01,81,IV. Balance sectorial,Sector Agricultura y desarrollo Rural,14,0,,0,,0,,0,,0,,0,,0,,0,,0,0,0,0,0,0,0,0,0,0
P0685-S02,81,IV. Balance sectorial,Sector Agricultura y desarrollo Rural,9,0,,0,,0,,0,,0,,0,,0,,0,,0,0,0,0,0,0,0,0,0,0
P0685-S03,81,IV. Balance sectorial,Sector Agricultura y desarrollo Rural,1,0,,0,,0,,0,,0,,0,,0,,0,,0,0,0,0,0,0,0,0,0,0
P0688-S01,81,IV. Balance sectorial,Sector Agricultura y desarrollo Rural,3,0,,0,,0,,0,,0,,0,,0,,0,,0,0,0,0,0,0,0,0,0,0
P0689-S01,81,IV. Balance sectorial,Sector Agricultura y desarrollo Rural,19,0,,0,,0,,0,,0,,0,,0,,0,,0,0,0,0,0,0,0,0,0,0
P0689-S02,82,IV. Balance sectorial,Sector Agricultura y desarrollo Rural,22,0,,0,,0,,0,,0,,0,,0,,0,,0,0,0,0,0,1,0,0,0,0
P0689-S03,82,IV. Balance sectorial,Sector Agricultura y desarrollo Rural,13,0,,0,,0,,0,,0,,0,,0,,0,,0,0,0,0,0,0,0,0,0,0
P0689-S04,82,IV. Balance sectorial,Sector Agricultura y desarrollo Rural,11,0,,0,,1,registró,0,,0,,0,,0,,0,,0,0,0,0,0,0,0,0,0,0
P0690-S01,82,IV. Balance sectorial,Sector Agricultura y desarrollo Rural,11,0,,0,,0,,0,,0,,0,,0,,0,,0,0,0,0,0,0,0,0,0,0
P0690-S02,82,IV. Balance sectorial,Sector Agricultura y desarrollo Rural,11,0,,0,,0,,0,,0,,0,,0,,0,,0,0,0,0,0,0,0,0,0,0
P0691-S01,82,IV. Balance sectorial,Sector Agricultura y desarrollo Rural,28,0,,0,,0,,0,,0,,0,,0,,0,,0,0,0,0,0,0,0,0,0,0
P0691-S02,82,IV. Balance sectorial,Sector Agricultura y desarrollo Rural,13,0,,0,,0,,0,,0,,0,,0,,0,,0,0,0,0,0,0,0,0,0,0
P0691-S03,82,IV. Balance sectorial,Sector Agricultura y desarrollo Rural,19,0,,0,,0,,0,,0,,0,,0,,0,,0,0,0,0,0,0,0,0,0,0
P0692-S01,82,IV. Balance sectorial,Sector Agricultura y desarrollo Rural,9,0,,0,,0,,0,,0,,0,,0,,0,,0,0,0,0,0,0,0,0,0,0
P0692-S02,82,IV. Balance sectorial,Sector Agricultura y desarrollo Rural,27,0,,0,,0,,0,,0,,0,,0,,0,,0,0,1,0,0,0,0,0,0,0
P0692-S03,82,IV. Balance sectorial,Sector Agricultura y desarrollo Rural,41,0,,0,,0,,0,,0,,0,,1,cumplimiento,0,,0,0,0,0,1,0,0,0,0,0
P0693-S01,82,IV. Balance sectorial,Sector Agricultura y desarrollo Rural,21,0,,0,,0,,0,,0,,0,,0,,0,,0,0,0,0,0,0,0,0,0,0
P0693-S02,82,IV. Balance sectorial,Sector Agricultura y desarrollo Rural,20,0,,0,,1,advierte,0,,0,,0,,1,avances,0,,0,0,0,0,1,0,0,0,0,0
P0693-S03,82,IV. Balance sectorial,Sector Agricultura y desarrollo Rural,20,0,,0,,0,,0,,0,,0,,0,,0,,0,0,1,0,0,0,0,0,0,0
P0693-S04,82,IV. Balance sectorial,Sector Agricultura y desarrollo Rural,25,0,,0,,0,,0,,0,,0,,1,transparencia,3,riesgos; ineficiencia; corrupción,0,1,1,1,0,0,0,0,0,0
P0694-S01,82,IV. Balance sectorial,Sector Agricultura y desarrollo Rural,53,0,,0,,0,,1,recibimos,1,generó,0,,0,,0,,0,0,0,0,0,0,0,0,0,1
P0695-S01,82,IV. Balance sectorial,Sector Agricultura y desarrollo Rural,5,0,,0,,0,,0,,0,,0,,0,,0,,0,0,0,0,0,0,0,1,0,0
P0695-S02,82,IV. Balance sectorial,Sector Agricultura y desarrollo Rural,12,0,,0,,0,,0,,0,,0,,1,éxito,0,,0,0,0,0,1,0,0,0,0,0
P0695-S03,82,IV. Balance sectorial,Sector Agricultura y desarrollo Rural,11,0,,0,,0,,0,,0,,0,,0,,0,,0,0,0,0,0,0,0,0,0,0
P0695-S04,82,IV. Balance sectorial,Sector Agricultura y desarrollo Rural,37,0,,0,,0,,0,,0,,0,,2,fortalecer; garantizar,0,,0,0,0,0,0,0,0,1,1,0
P0696-S01,83,IV. Balance sectorial,Sector Agricultura y desarrollo Rural,12,0,,0,,0,,0,,0,,0,,1,transparencia,0,,0,0,0,0,0,0,0,1,0,0
P0696-S02,83,IV. Balance sectorial,Sector Agricultura y desarrollo Rural,29,0,,0,,0,,0,,0,,0,,0,,1,corrupción,0,0,0,1,0,0,0,0,1,0
P0696-S03,83,IV. Balance sectorial,Sector Agricultura y desarrollo Rural,13,0,,0,,0,,0,,0,,0,,0,,0,,0,0,0,0,0,0,0,0,1,0
P0697-S01,83,IV. Balance sectorial,Sector Agricultura y desarrollo Rural,13,0,,0,,0,,0,,0,,0,,0,,0,,0,0,0,0,0,0,0,0,0,0
P0698-S01,83,IV. Balance sectorial,Sector Agricultura y desarrollo Rural,39,0,,0,,0,,0,,0,,0,,3,oportuno; transparencia; eficiencia,1,corrupción,0,0,0,1,1,0,0,0,0,0
P0698-S02,83,IV. Balance sectorial,Sector Agricultura y desarrollo Rural,11,0,,0,,0,,0,,0,,0,,0,,0,,0,0,0,0,0,0,0,0,0,0
P0699-S01,84,IV. Balance sectorial,Sector Ambiente y Desarrollo Rural,16,0,,0,,0,,0,,0,,0,,0,,0,,0,0,0,0,0,0,0,0,0,0
P0699-S02,84,IV. Balance sectorial,Sector Ambiente y Desarrollo Rural,27,0,,0,,0,,0,,0,,0,,0,,0,,0,0,0,0,0,0,0,0,0,0
P0699-S03,84,IV. Balance sectorial,Sector Ambiente y Desarrollo Rural,14,0,,0,,0,,0,,0,,0,,0,,0,,0,0,0,0,0,1,0,0,0,0
P0700-S01,84,IV. Balance sectorial,Sector Ambiente y Desarrollo Rural,26,0,,0,,0,,0,,0,,0,,0,,0,,0,0,0,0,0,0,0,0,0,0
P0700-S02,84,IV. Balance sectorial,Sector Ambiente y Desarrollo Rural,14,0,,0,,0,,0,,0,,0,,0,,0,,0,0,0,0,0,0,0,0,0,0
P0700-S03,84,IV. Balance sectorial,Sector Ambiente y Desarrollo Rural,10,0,,0,,0,,0,,0,,0,,0,,0,,0,0,0,0,0,0,0,0,0,0
P0701-S01,84,IV. Balance sectorial,Sector Ambiente y Desarrollo Rural,10,0,,0,,0,,0,,0,,0,,0,,0,,0,0,0,0,0,0,0,0,0,0
P0701-S02,84,IV. Balance sectorial,Sector Ambiente y Desarrollo Rural,29,0,,0,,0,,0,,0,,0,,0,,0,,0,0,0,0,0,0,0,0,0,0
P0701-S03,84,IV. Balance sectorial,Sector Ambiente y Desarrollo Rural,21,1,nunca,0,,0,,0,,0,,0,,0,,0,,0,0,0,0,0,0,0,1,0,0
P0702-S01,84,IV. Balance sectorial,Sector Ambiente y Desarrollo Rural,9,1,siempre,0,,0,,0,,0,,0,,0,,0,,0,0,0,0,0,0,0,0,0,0
P0702-S02,84,IV. Balance sectorial,Sector Ambiente y Desarrollo Rural,29,0,,0,,0,,0,,0,,0,,0,,0,,0,0,0,0,0,0,0,1,0,0
P0702-S03,84,IV. Balance sectorial,Sector Ambiente y Desarrollo Rural,31,0,,0,,0,,0,,0,,0,,0,,0,,0,0,0,0,0,0,0,0,0,0
P0702-S04,84,IV. Balance sectorial,Sector Ambiente y Desarrollo Rural,23,0,,0,,1,identificó,0,,0,,0,,0,,0,,0,0,0,0,0,0,0,0,0,0
P0703-S01,84,IV. Balance sectorial,Sector Ambiente y Desarrollo Rural,30,0,,0,,1,registró,0,,0,,0,,0,,0,,0,0,0,0,0,0,1,0,1,0
P0703-S02,84,IV. Balance sectorial,Sector Ambiente y Desarrollo Rural,20,0,,0,,0,,0,,0,,0,,0,,0,,0,0,0,0,0,0,0,0,0,0
P0704-S01,84,IV. Balance sectorial,Sector Ambiente y Desarrollo Rural,6,0,,0,,0,,0,,0,,0,,0,,0,,0,0,0,0,0,0,0,0,0,0
P0704-S02,84,IV. Balance sectorial,Sector Ambiente y Desarrollo Rural,34,0,,0,,0,,0,,0,,0,,0,,0,,0,0,0,0,0,0,0,0,0,0
P0704-S03,84,IV. Balance sectorial,Sector Ambiente y Desarrollo Rural,29,0,,0,,0,,0,,0,,0,,0,,0,,0,0,0,0,0,0,0,0,0,0
P0704-S04,84,IV. Balance sectorial,Sector Ambiente y Desarrollo Rural,50,0,,0,,0,,0,,0,,0,,0,,1,grave,0,0,0,0,0,0,0,0,0,0
P0705-S01,84,IV. Balance sectorial,Sector Ambiente y Desarrollo Rural,18,0,,0,,0,,0,,0,,0,,0,,0,,0,0,0,0,0,0,0,0,0,0
P0705-S02,84,IV. Balance sectorial,Sector Ambiente y Desarrollo Rural,15,0,,0,,0,,0,,0,,0,,0,,0,,0,0,0,0,0,0,0,0,0,0
P0708-S01,84,IV. Balance sectorial,Sector Ambiente y Desarrollo Rural,4,0,,0,,0,,0,,0,,0,,0,,0,,0,0,0,0,0,0,0,0,0,0
P0709-S01,84,IV. Balance sectorial,Sector Ambiente y Desarrollo Rural,64,0,,0,,0,,0,,0,,0,,1,proteger,0,,0,0,0,0,0,0,1,0,1,0
P0710-S01,85,IV. Balance sectorial,Sector Ambiente y Desarrollo Rural,27,0,,0,,0,,0,,0,,0,,0,,0,,0,0,0,0,0,0,0,0,0,0
P0710-S02,85,IV. Balance sectorial,Sector Ambiente y Desarrollo Rural,20,0,,0,,0,,0,,0,,0,,0,,0,,0,0,0,0,0,0,0,0,0,0
P0711-S01,85,IV. Balance sectorial,Sector Ambiente y Desarrollo Rural,10,0,,0,,0,,1,recibimos,0,,0,,0,,0,,0,0,0,0,0,0,0,0,0,1
P0711-S02,85,IV. Balance sectorial,Sector Ambiente y Desarrollo Rural,54,0,,0,,0,,0,,0,,0,,0,,1,criminal,0,0,0,0,0,0,1,1,0,0
P0711-S03,85,IV. Balance sectorial,Sector Ambiente y Desarrollo Rural,8,0,,0,,0,,0,,0,,0,,0,,0,,0,0,0,0,0,0,0,0,0,0
P0712-S01,86,IV. Balance sectorial,"Sector Ciencia, Tecnología e Innovación",12,0,,0,,0,,0,,0,,0,,0,,1,parálisis,0,0,1,0,0,0,0,0,0,0
P0712-S02,86,IV. Balance sectorial,"Sector Ciencia, Tecnología e Innovación",31,0,,1,cerca de,0,,0,,0,,0,,0,,0,,0,0,0,0,0,0,0,0,0,0
P0712-S03,86,IV. Balance sectorial,"Sector Ciencia, Tecnología e Innovación",41,0,,0,,0,,0,,0,,0,,0,,0,,0,0,0,0,0,0,0,0,0,0
P0713-S01,86,IV. Balance sectorial,"Sector Ciencia, Tecnología e Innovación",18,0,,0,,0,,0,,0,,0,,0,,0,,0,0,0,0,0,0,0,0,0,0
P0713-S02,86,IV. Balance sectorial,"Sector Ciencia, Tecnología e Innovación",55,0,,0,,1,identificó,1,obstáculos,0,,0,,0,,1,fallas,0,0,1,0,0,0,0,0,0,0
P0713-S03,86,IV. Balance sectorial,"Sector Ciencia, Tecnología e Innovación",12,0,,0,,0,,0,,0,,0,,0,,0,,0,0,0,0,0,0,0,0,0,0
P0714-S01,86,IV. Balance sectorial,"Sector Ciencia, Tecnología e Innovación",15,0,,0,,0,,0,,0,,0,,0,,0,,0,0,0,0,0,0,0,0,0,0
P0714-S02,86,IV. Balance sectorial,"Sector Ciencia, Tecnología e Innovación",28,0,,0,,0,,0,,0,,0,,0,,0,,0,0,0,0,0,0,0,0,0,0
P0714-S03,86,IV. Balance sectorial,"Sector Ciencia, Tecnología e Innovación",21,0,,0,,0,,0,,0,,0,,0,,0,,0,0,0,0,0,0,0,0,1,0
P0714-S04,86,IV. Balance sectorial,"Sector Ciencia, Tecnología e Innovación",20,0,,0,,0,,0,,0,,0,,1,responsable,0,,0,0,0,0,0,0,0,0,0,0
P0714-S05,86,IV. Balance sectorial,"Sector Ciencia, Tecnología e Innovación",36,0,,0,,0,,0,,0,,0,,0,,0,,0,0,0,0,0,0,0,0,0,0
P0715-S01,86,IV. Balance sectorial,"Sector Ciencia, Tecnología e Innovación",17,0,,0,,0,,0,,0,,0,,0,,0,,0,0,0,0,0,0,0,0,0,0
P0715-S02,86,IV. Balance sectorial,"Sector Ciencia, Tecnología e Innovación",101,0,,0,,0,,0,,0,,0,,1,fortalecimiento,0,,0,0,0,0,1,0,0,0,0,0
P0715-S03,86,IV. Balance sectorial,"Sector Ciencia, Tecnología e Innovación",25,0,,0,,0,,0,,0,,0,,0,,0,,0,0,0,0,0,0,0,0,0,0
P0716-S01,86,IV. Balance sectorial,"Sector Ciencia, Tecnología e Innovación",52,0,,0,,0,,1,gobierno saliente,0,,0,,0,,0,,0,0,0,0,0,0,0,0,0,0
P0718-S01,86,IV. Balance sectorial,"Sector Ciencia, Tecnología e Innovación",3,0,,0,,0,,0,,0,,0,,0,,0,,0,0,0,0,0,0,0,0,0,0
P0719-S01,86,IV. Balance sectorial,"Sector Ciencia, Tecnología e Innovación",36,0,,0,,0,,0,,0,,0,,0,,0,,0,0,0,0,0,0,0,0,0,0
P0720-S01,87,IV. Balance sectorial,"Sector Ciencia, Tecnología e Innovación",8,0,,0,,0,,0,,0,,0,,0,,1,parálisis,0,0,1,0,0,0,0,0,0,0
P0720-S02,87,IV. Balance sectorial,"Sector Ciencia, Tecnología e Innovación",29,0,,0,,0,,0,,0,,0,,0,,0,,0,0,0,0,0,0,0,0,0,0
P0720-S03,87,IV. Balance sectorial,"Sector Ciencia, Tecnología e Innovación",21,0,,0,,0,,0,,0,,0,,0,,0,,0,0,0,0,0,0,0,0,0,0
P0720-S04,87,IV. Balance sectorial,"Sector Ciencia, Tecnología e Innovación",37,1,nunca,0,,0,,0,,0,,0,,0,,1,fracaso,0,0,1,0,0,0,0,0,0,0
P0721-S01,87,IV. Balance sectorial,"Sector Ciencia, Tecnología e Innovación",53,0,,0,,0,,0,,0,,0,,0,,1,deuda,0,0,0,0,0,0,0,1,1,0
P0721-S02,87,IV. Balance sectorial,"Sector Ciencia, Tecnología e Innovación",21,0,,1,posible,0,,0,,0,,0,,0,,0,,0,0,0,0,0,0,0,0,0,1
P0722-S01,87,IV. Balance sectorial,"Sector Ciencia, Tecnología e Innovación",32,0,,0,,0,,0,,0,,0,,0,,0,,0,0,0,0,0,0,0,0,0,0
P0723-S01,88,IV. Balance sectorial,"Sector Comercio, Industria y Turismo",31,0,,0,,0,,0,,0,,0,,0,,0,,0,0,1,0,0,0,0,0,0,0
P0724-S01,88,IV. Balance sectorial,"Sector Comercio, Industria y Turismo",29,0,,0,,0,,1,recibimos,0,,0,,0,,0,,0,0,0,0,0,0,0,1,0,1
P0725-S01,88,IV. Balance sectorial,"Sector Comercio, Industria y Turismo",45,0,,0,,0,,0,,0,,0,,0,,0,,0,0,0,0,0,0,0,0,0,0
P0726-S01,88,IV. Balance sectorial,"Sector Comercio, Industria y Turismo",32,0,,0,,0,,0,,0,,0,,1,fortalecimiento,0,,0,0,0,0,1,0,0,0,0,0
P0726-S02,88,IV. Balance sectorial,"Sector Comercio, Industria y Turismo",13,0,,0,,0,,0,,0,,0,,0,,0,,0,0,0,0,0,0,0,0,0,0
P0727-S01,88,IV. Balance sectorial,"Sector Comercio, Industria y Turismo",16,0,,0,,0,,0,,0,,0,,0,,0,,0,0,0,0,0,0,0,0,0,0
P0727-S02,88,IV. Balance sectorial,"Sector Comercio, Industria y Turismo",11,0,,0,,0,,0,,0,,0,,0,,0,,0,0,0,0,0,0,0,0,0,0
P0727-S03,88,IV. Balance sectorial,"Sector Comercio, Industria y Turismo",21,0,,0,,0,,0,,0,,0,,0,,1,riesgo,0,1,0,0,0,0,0,0,0,0
P0727-S04,88,IV. Balance sectorial,"Sector Comercio, Industria y Turismo",14,0,,0,,0,,0,,0,,0,,0,,0,,0,0,0,0,0,0,0,0,0,0
P0727-S05,88,IV. Balance sectorial,"Sector Comercio, Industria y Turismo",9,0,,0,,0,,0,,0,,0,,0,,0,,0,0,0,0,0,0,0,0,0,0
P0727-S06,88,IV. Balance sectorial,"Sector Comercio, Industria y Turismo",26,0,,0,,0,,0,,0,,0,,0,,0,,0,0,0,0,0,0,0,0,0,0
P0727-S07,88,IV. Balance sectorial,"Sector Comercio, Industria y Turismo",28,0,,1,presunto,1,reportó,0,,0,,0,,0,,1,detrimento,0,0,0,2,0,0,0,0,0,0
P0728-S01,88,IV. Balance sectorial,"Sector Comercio, Industria y Turismo",17,0,,0,,0,,0,,0,,0,,0,,0,,0,0,0,0,0,0,0,0,0,0
P0728-S02,88,IV. Balance sectorial,"Sector Comercio, Industria y Turismo",21,0,,0,,0,,0,,0,,0,,0,,0,,0,0,0,0,0,0,0,0,0,0
P0728-S03,88,IV. Balance sectorial,"Sector Comercio, Industria y Turismo",11,0,,0,,0,,0,,0,,0,,0,,0,,0,0,0,0,0,0,0,0,0,0
P0729-S01,88,IV. Balance sectorial,"Sector Comercio, Industria y Turismo",10,0,,0,,0,,0,,0,,0,,0,,0,,0,0,0,0,0,0,0,0,0,0
P0729-S02,88,IV. Balance sectorial,"Sector Comercio, Industria y Turismo",15,0,,0,,0,,0,,0,,0,,0,,0,,0,0,0,0,0,0,0,0,0,0
P0729-S03,88,IV. Balance sectorial,"Sector Comercio, Industria y Turismo",28,0,,0,,0,,0,,0,,0,,0,,0,,0,0,0,0,0,0,0,0,0,0
P0729-S04,88,IV. Balance sectorial,"Sector Comercio, Industria y Turismo",10,0,,0,,0,,0,,0,,0,,0,,0,,0,0,0,0,0,0,0,0,1,0
P0729-S05,88,IV. Balance sectorial,"Sector Comercio, Industria y Turismo",9,0,,1,presunto,0,,0,,0,,0,,0,,1,detrimento,0,0,0,1,0,0,0,0,0,0
P0730-S01,88,IV. Balance sectorial,"Sector Comercio, Industria y Turismo",23,0,,0,,0,,0,,0,,0,,0,,0,,0,0,0,0,0,0,0,0,0,0
P0730-S02,88,IV. Balance sectorial,"Sector Comercio, Industria y Turismo",1,0,,0,,0,,0,,0,,0,,0,,0,,0,0,0,0,0,0,0,0,0,0
P0733-S01,88,IV. Balance sectorial,"Sector Comercio, Industria y Turismo",3,0,,0,,0,,0,,0,,0,,0,,0,,0,0,0,0,0,0,0,0,0,0
P0734-S01,88,IV. Balance sectorial,"Sector Comercio, Industria y Turismo",33,0,,1,cerca de,0,,0,,0,,0,,0,,0,,0,0,0,0,0,0,0,0,0,0
P0735-S01,89,IV. Balance sectorial,"Sector Comercio, Industria y Turismo",20,1,nunca,0,,0,,0,,0,,0,,1,servicio,0,,0,0,0,0,0,0,0,0,0,0
P0735-S02,89,IV. Balance sectorial,"Sector Comercio, Industria y Turismo",23,0,,1,podrían,0,,0,,0,,1,se tradujeron en,0,,0,,0,0,0,0,0,0,0,0,1,0
P0735-S03,89,IV. Balance sectorial,"Sector Comercio, Industria y Turismo",26,0,,0,,0,,0,,0,,0,,0,,0,,0,0,0,0,0,0,0,0,0,0
P0736-S01,89,IV. Balance sectorial,"Sector Comercio, Industria y Turismo",13,0,,0,,0,,0,,0,,0,,0,,0,,0,0,1,0,0,0,0,0,1,0
P0736-S02,89,IV. Balance sectorial,"Sector Comercio, Industria y Turismo",30,0,,0,,0,,0,,0,,0,,0,,0,,0,0,0,0,0,0,0,0,0,0
P0736-S03,89,IV. Balance sectorial,"Sector Comercio, Industria y Turismo",6,0,,0,,0,,0,,0,,0,,0,,0,,0,0,0,0,0,0,0,0,0,0
P0736-S04,89,IV. Balance sectorial,"Sector Comercio, Industria y Turismo",30,0,,0,,0,,0,,0,,0,,0,,0,,0,0,0,0,0,0,0,0,0,0
P0737-S01,89,IV. Balance sectorial,"Sector Comercio, Industria y Turismo",15,0,,0,,0,,0,,0,,0,,0,,0,,0,0,0,0,0,0,0,0,0,2
P0737-S02,89,IV. Balance sectorial,"Sector Comercio, Industria y Turismo",15,0,,0,,0,,0,,0,,0,,0,,0,,0,0,0,0,0,0,0,0,0,1
P0737-S03,89,IV. Balance sectorial,"Sector Comercio, Industria y Turismo",34,0,,0,,0,,0,,0,,0,,0,,0,,0,0,0,0,0,0,0,0,1,0
P0738-S01,89,IV. Balance sectorial,"Sector Comercio, Industria y Turismo",13,1,verificables,0,,0,,0,,0,,0,,1,confianza,0,,0,0,0,0,0,0,0,0,0,0
P0738-S02,89,IV. Balance sectorial,"Sector Comercio, Industria y Turismo",8,0,,0,,0,,0,,0,,0,,0,,0,,0,0,0,0,0,0,0,1,0,0
P0739-S01,90,IV. Balance sectorial,Sector Cultura,21,0,,0,,0,,0,,0,,0,,0,,0,,0,0,0,0,0,0,0,0,0,0
P0739-S02,90,IV. Balance sectorial,Sector Cultura,8,0,,0,,0,,1,recibimos,0,,0,,0,,0,,0,0,0,0,0,0,0,0,0,1
P0739-S03,90,IV. Balance sectorial,Sector Cultura,16,0,,0,,0,,0,,0,,0,,0,,0,,0,0,0,0,0,0,0,0,0,0
P0739-S04,90,IV. Balance sectorial,Sector Cultura,24,0,,0,,0,,0,,0,,0,,0,,0,,0,0,0,0,0,0,0,0,0,0
P0740-S01,90,IV. Balance sectorial,Sector Cultura,8,0,,0,,0,,0,,0,,0,,0,,0,,0,0,0,0,0,0,0,0,0,0
P0740-S02,90,IV. Balance sectorial,Sector Cultura,33,0,,0,,0,,0,,0,,0,,0,,0,,0,0,0,0,0,0,0,0,0,0
P0740-S03,90,IV. Balance sectorial,Sector Cultura,45,0,,0,,0,,0,,0,,0,,0,,0,,0,0,0,0,0,1,0,0,1,0
P0741-S01,90,IV. Balance sectorial,Sector Cultura,12,0,,0,,0,,0,,0,,0,,0,,0,,0,0,0,0,0,0,0,0,0,0
P0741-S02,90,IV. Balance sectorial,Sector Cultura,49,0,,0,,0,,0,,0,,0,,0,,0,,0,0,0,0,0,0,0,0,0,0
P0742-S01,90,IV. Balance sectorial,Sector Cultura,21,0,,0,,0,,0,,0,,0,,0,,0,,0,0,0,0,0,0,0,0,0,0
P0742-S02,90,IV. Balance sectorial,Sector Cultura,23,0,,0,,0,,0,,0,,0,,0,,0,,0,0,0,0,0,0,0,0,0,0
P0742-S03,90,IV. Balance sectorial,Sector Cultura,18,0,,0,,0,,0,,0,,0,,0,,0,,0,0,0,0,0,0,0,0,0,0
P0743-S01,90,IV. Balance sectorial,Sector Cultura,9,0,,0,,0,,0,,1,resultado de,0,,0,,0,,0,0,0,0,0,0,0,0,0,0
P0743-S02,90,IV. Balance sectorial,Sector Cultura,15,1,nunca,0,,0,,0,,0,,0,,0,,0,,0,0,0,0,0,0,0,0,0,0
P0743-S03,90,IV. Balance sectorial,Sector Cultura,50,0,,0,,0,,0,,0,,0,,0,,0,,0,0,0,0,0,0,0,0,0,0
P0744-S01,90,IV. Balance sectorial,Sector Cultura,21,0,,0,,0,,0,,0,,0,,0,,0,,0,0,0,0,0,0,0,0,0,0
P0745-S01,90,IV. Balance sectorial,Sector Cultura,35,0,,0,,0,,0,,0,,0,,0,,0,,0,0,0,0,0,0,0,0,0,0
P0748-S01,90,IV. Balance sectorial,Sector Cultura,2,0,,0,,0,,0,,0,,0,,0,,0,,0,0,0,0,0,0,0,0,0,0
P0749-S01,90,IV. Balance sectorial,Sector Cultura,25,0,,0,,0,,0,,0,,0,,0,,0,,0,0,0,0,0,0,0,0,0,0
P0749-S02,91,IV. Balance sectorial,Sector Cultura,46,0,,0,,1,registra,0,,0,,0,,0,,0,,0,0,0,0,0,0,0,0,1,0
P0749-S03,91,IV. Balance sectorial,Sector Cultura,17,0,,0,,0,,0,,0,,0,,0,,0,,0,0,0,0,0,0,0,0,0,0
P0749-S04,91,IV. Balance sectorial,Sector Cultura,37,0,,1,cerca de,0,,0,,0,,0,,0,,0,,0,0,0,0,0,0,0,0,0,0
P0749-S05,91,IV. Balance sectorial,Sector Cultura,25,0,,0,,0,,0,,0,,0,,0,,0,,0,0,0,0,0,0,0,0,0,0
P0749-S06,91,IV. Balance sectorial,Sector Cultura,25,0,,0,,0,,0,,0,,0,,0,,0,,0,0,0,0,0,0,0,0,0,0
P0750-S01,91,IV. Balance sectorial,Sector Cultura,38,0,,0,,0,,0,,0,,0,,0,,0,,0,0,0,1,0,0,0,0,0,0
P0750-S02,91,IV. Balance sectorial,Sector Cultura,23,0,,0,,0,,0,,0,,0,,0,,0,,0,0,0,0,0,0,0,0,0,0
P0751-S01,91,IV. Balance sectorial,Sector Cultura,22,0,,0,,0,,0,,0,,0,,0,,0,,0,0,0,0,0,0,0,0,0,0
P0751-S02,91,IV. Balance sectorial,Sector Cultura,24,0,,0,,0,,0,,0,,0,,0,,0,,0,0,0,0,0,0,0,0,1,0
P0751-S03,91,IV. Balance sectorial,Sector Cultura,15,0,,0,,0,,0,,0,,0,,0,,0,,0,0,0,0,0,0,0,0,0,1
P0752-S01,91,IV. Balance sectorial,Sector Cultura,23,0,,0,,0,,0,,0,,0,,0,,0,,0,0,0,0,0,0,0,0,0,0
P0752-S02,91,IV. Balance sectorial,Sector Cultura,52,0,,0,,0,,0,,0,,0,,0,,0,,0,0,0,0,0,0,0,0,0,1
P0753-S01,91,IV. Balance sectorial,Sector Cultura,6,0,,0,,0,,0,,0,,0,,0,,0,,0,0,0,0,0,0,0,0,0,0
P0753-S02,91,IV. Balance sectorial,Sector Cultura,22,0,,0,,0,,0,,0,,0,,0,,0,,0,0,0,0,0,0,0,0,2,0
P0754-S01,92,IV. Balance sectorial,Sector Defensa Nacional,37,0,,0,,0,,0,,0,,0,,1,servicio,0,,0,0,0,0,0,0,0,0,0,0
P0754-S02,92,IV. Balance sectorial,Sector Defensa Nacional,30,0,,0,,0,,0,,0,,0,,0,,1,déficit,1,0,0,0,0,0,0,0,0,0
P0754-S03,92,IV. Balance sectorial,Sector Defensa Nacional,32,0,,0,,0,,0,,0,,0,,0,,0,,0,0,0,0,0,0,0,0,0,0
P0755-S01,92,IV. Balance sectorial,Sector Defensa Nacional,26,0,,0,,0,,0,,0,,0,,0,,0,,0,0,0,0,0,0,0,0,0,0
P0756-S01,92,IV. Balance sectorial,Sector Defensa Nacional,74,0,,0,,0,,0,,1,debido a,0,,0,,1,déficit,1,0,0,0,0,1,0,1,0,0
P0757-S01,92,IV. Balance sectorial,Sector Defensa Nacional,16,0,,0,,0,,0,,0,,0,,0,,1,deterioro,0,0,1,0,0,0,0,0,0,0
P0757-S02,92,IV. Balance sectorial,Sector Defensa Nacional,33,0,,0,,0,,0,,0,,0,,0,,1,violencia,0,0,0,0,0,0,2,0,0,0
P0757-S03,92,IV. Balance sectorial,Sector Defensa Nacional,55,0,,3,cerca de; aproximadamente; aproximadamente,1,según,0,,0,,0,,0,,0,,0,0,0,0,0,0,0,0,0,0
P0758-S01,92,IV. Balance sectorial,Sector Defensa Nacional,18,0,,0,,0,,0,,0,,0,,0,,0,,0,0,0,0,0,0,0,0,1,2
P0758-S02,92,IV. Balance sectorial,Sector Defensa Nacional,61,0,,1,aproximadamente,1,según,0,,0,,0,,0,,0,,0,0,0,0,0,3,0,0,0,0
P0758-S03,92,IV. Balance sectorial,Sector Defensa Nacional,49,0,,0,,0,,0,,0,,0,,0,,1,violencia,0,0,0,0,0,0,3,0,0,3
P0761-S01,92,IV. Balance sectorial,Sector Defensa Nacional,7,0,,0,,0,,0,,0,,0,,0,,0,,0,0,0,0,0,0,0,0,0,0
P0762-S01,92,IV. Balance sectorial,Sector Defensa Nacional,17,0,,0,,0,,0,,0,,0,,0,,0,,0,0,0,0,0,0,0,0,0,0
P0763-S01,93,IV. Balance sectorial,Sector Defensa Nacional,26,0,,0,,0,,0,,0,,0,,0,,0,,0,0,0,0,0,1,0,0,0,0
P0764-S01,93,IV. Balance sectorial,Sector Defensa Nacional,17,0,,0,,0,,0,,0,,0,,1,confianza,1,pérdida,0,0,1,0,0,0,0,0,0,0
P0764-S02,93,IV. Balance sectorial,Sector Defensa Nacional,53,0,,0,,1,estableció,0,,0,,0,,0,,0,,0,0,0,0,0,0,0,0,0,0
P0764-S03,93,IV. Balance sectorial,Sector Defensa Nacional,81,0,,0,,1,identificó,1,gobierno saliente,0,,0,,0,,2,fallas; riesgo,0,1,1,0,0,0,0,0,0,0
P0765-S01,93,IV. Balance sectorial,Sector Defensa Nacional,21,0,,1,cerca de,0,,0,,0,,0,,0,,0,,0,0,0,0,0,0,0,0,0,0
P0765-S02,93,IV. Balance sectorial,Sector Defensa Nacional,10,0,,0,,0,,0,,0,,0,,0,,0,,0,0,0,0,0,0,0,0,1,0
P0765-S03,93,IV. Balance sectorial,Sector Defensa Nacional,42,0,,0,,0,,0,,0,,0,,0,,0,,0,0,0,0,0,0,1,0,0,0
P0765-S04,93,IV. Balance sectorial,Sector Defensa Nacional,34,0,,0,,0,,0,,0,,0,,0,,0,,0,0,0,0,0,0,0,0,0,0
P0766-S01,93,IV. Balance sectorial,Sector Defensa Nacional,12,0,,0,,0,,0,,0,,0,,0,,0,,0,0,0,0,0,0,0,0,0,0
P0766-S02,93,IV. Balance sectorial,Sector Defensa Nacional,50,0,,0,,0,,0,,0,,0,,1,fortalecer,0,,0,0,0,0,0,0,1,1,0,2
P0766-S03,93,IV. Balance sectorial,Sector Defensa Nacional,79,0,,0,,0,,1,heredado,0,,0,,3,rigor; transparencia; cumplimiento,0,,0,0,0,0,1,0,0,0,0,6
P0767-S01,93,IV. Balance sectorial,Sector Defensa Nacional,35,0,,0,,0,,0,,0,,0,,0,,0,,0,0,0,0,0,0,0,0,0,1
P0767-S02,93,IV. Balance sectorial,Sector Defensa Nacional,47,0,,0,,0,,0,,0,,0,,1,fortalecer,0,,0,1,0,0,0,0,0,3,0,2
P0767-S03,94,IV. Balance sectorial,Sector Defensa Nacional,28,0,,0,,0,,0,,0,,0,,0,,0,,0,0,0,0,0,0,0,0,0,3
P0767-S04,94,IV. Balance sectorial,Sector Defensa Nacional,32,0,,0,,0,,0,,0,,0,,2,fortalecer; proteger,0,,0,0,0,0,0,0,1,1,0,0
P0768-S01,95,IV. Balance sectorial,Sector Deporte,25,0,,0,,0,,0,,0,,0,,0,,0,,0,0,0,0,0,0,0,0,0,0
P0769-S01,95,IV. Balance sectorial,Sector Deporte,15,0,,0,,0,,0,,0,,0,,0,,0,,0,0,0,0,0,0,0,0,1,0
P0769-S02,95,IV. Balance sectorial,Sector Deporte,50,0,,0,,1,encontramos,0,,0,,0,,0,,0,,0,0,0,0,0,0,0,0,0,1
P0770-S01,95,IV. Balance sectorial,Sector Deporte,10,0,,0,,0,,0,,0,,0,,0,,0,,0,0,0,0,0,0,0,0,0,0
P0770-S02,95,IV. Balance sectorial,Sector Deporte,15,0,,1,cerca de,1,identificó,0,,0,,0,,0,,1,deudas,0,0,0,0,0,0,0,0,0,0
P0771-S01,95,IV. Balance sectorial,Sector Deporte,35,0,,0,,0,,0,,0,,0,,0,,0,,0,0,0,0,0,0,0,0,0,0
P0772-S01,95,IV. Balance sectorial,Sector Deporte,6,0,,0,,0,,0,,0,,0,,0,,0,,0,0,0,0,0,0,0,0,0,0
P0772-S02,95,IV. Balance sectorial,Sector Deporte,16,0,,0,,0,,0,,0,,0,,0,,0,,0,0,0,0,0,0,0,0,0,0
P0772-S03,95,IV. Balance sectorial,Sector Deporte,16,0,,0,,0,,0,,0,,0,,0,,0,,0,0,0,0,0,0,0,0,0,0
P0772-S04,95,IV. Balance sectorial,Sector Deporte,21,0,,0,,0,,0,,0,,0,,0,,0,,0,0,0,0,0,0,0,0,0,0
P0772-S05,95,IV. Balance sectorial,Sector Deporte,18,0,,0,,0,,0,,0,,0,,0,,0,,0,0,0,0,0,0,0,0,0,0
P0773-S01,95,IV. Balance sectorial,Sector Deporte,7,0,,0,,0,,0,,0,,0,,0,,1,deterioro,0,0,1,0,0,0,0,0,0,0
P0773-S02,95,IV. Balance sectorial,Sector Deporte,31,0,,0,,1,registra,0,,0,,0,,0,,0,,0,0,0,0,0,0,0,0,0,0
P0773-S03,95,IV. Balance sectorial,Sector Deporte,31,0,,1,cerca de,0,,0,,0,,0,,0,,0,,0,0,0,0,0,0,0,0,0,0
P0773-S04,95,IV. Balance sectorial,Sector Deporte,14,0,,0,,0,,0,,0,,0,,0,,0,,0,0,0,0,0,0,0,0,0,0
P0774-S01,95,IV. Balance sectorial,Sector Deporte,19,0,,0,,0,,0,,0,,0,,0,,0,,0,0,0,0,0,1,0,0,0,0
P0774-S02,95,IV. Balance sectorial,Sector Deporte,8,0,,0,,0,,0,,0,,0,,0,,0,,0,0,0,0,0,0,0,0,0,0
P0776-S01,95,IV. Balance sectorial,Sector Deporte,3,0,,0,,0,,0,,0,,0,,0,,0,,0,0,0,0,0,0,0,0,0,0
P0777-S01,95,IV. Balance sectorial,Sector Deporte,26,0,,0,,0,,0,,0,,0,,0,,0,,0,0,0,0,0,0,0,0,0,0
P0777-S02,96,IV. Balance sectorial,Sector Deporte,10,0,,0,,0,,0,,0,,0,,0,,0,,0,0,0,0,0,0,0,0,0,0
P0778-S01,96,IV. Balance sectorial,Sector Deporte,9,0,,0,,0,,0,,0,,0,,0,,0,,0,0,0,0,0,0,0,0,0,0
P0778-S02,96,IV. Balance sectorial,Sector Deporte,26,0,,0,,0,,0,,0,,0,,0,,0,,0,0,0,0,0,0,0,0,0,0
P0778-S03,96,IV. Balance sectorial,Sector Deporte,32,0,,0,,0,,0,,0,,0,,0,,0,,0,0,0,0,0,0,0,1,0,0
P0778-S04,96,IV. Balance sectorial,Sector Deporte,20,0,,0,,0,,0,,0,,0,,0,,1,deterioro,0,0,1,0,0,0,0,0,0,0
P0779-S01,96,IV. Balance sectorial,Sector Deporte,9,0,,0,,0,,0,,0,,0,,0,,0,,0,0,0,0,0,0,0,0,0,0
P0779-S02,96,IV. Balance sectorial,Sector Deporte,12,0,,0,,0,,0,,0,,0,,0,,0,,0,0,0,0,0,0,0,0,0,0
P0779-S03,96,IV. Balance sectorial,Sector Deporte,8,0,,0,,0,,0,,0,,0,,0,,0,,0,0,0,0,0,0,0,0,1,0
P0779-S04,96,IV. Balance sectorial,Sector Deporte,31,0,,0,,1,reporta,0,,0,,0,,0,,0,,0,0,0,0,0,0,0,0,0,0
P0779-S05,96,IV. Balance sectorial,Sector Deporte,27,0,,0,,0,,0,,0,,0,,0,,0,,0,0,0,0,0,0,0,0,1,0
P0780-S01,96,IV. Balance sectorial,Sector Deporte,64,0,,0,,1,evidenció,0,,0,,0,,0,,0,,0,0,0,0,0,0,0,0,0,0
P0780-S02,96,IV. Balance sectorial,Sector Deporte,27,0,,0,,0,,0,,0,,0,,0,,0,,0,0,0,0,0,0,0,0,0,0
P0781-S01,96,IV. Balance sectorial,Sector Deporte,20,0,,0,,0,,0,,0,,0,,0,,0,,0,0,0,0,0,0,0,0,0,0
P0781-S02,96,IV. Balance sectorial,Sector Deporte,27,0,,0,,0,,0,,0,,0,,1,rigor,0,,0,0,0,0,0,0,0,0,0,0
P0781-S03,96,IV. Balance sectorial,Sector Deporte,13,0,,0,,0,,0,,0,,0,,0,,0,,0,0,0,0,0,0,0,0,0,0
P0782-S01,96,IV. Balance sectorial,Sector Deporte,14,0,,0,,0,,0,,0,,0,,0,,0,,0,0,0,0,0,0,0,0,0,0
P0782-S02,96,IV. Balance sectorial,Sector Deporte,6,0,,0,,0,,0,,0,,0,,0,,0,,0,0,0,0,0,0,0,1,0,0
P0782-S03,96,IV. Balance sectorial,Sector Deporte,20,0,,0,,0,,0,,0,,0,,0,,0,,0,0,0,0,0,0,0,0,0,0
P0783-S01,97,IV. Balance sectorial,Sector Educación Nacional,26,0,,0,,0,,0,,0,,0,,0,,0,,0,0,0,0,0,0,0,0,0,0
P0784-S01,97,IV. Balance sectorial,Sector Educación Nacional,10,0,,0,,0,,0,,0,,0,,0,,0,,0,0,0,0,0,0,0,0,0,0
P0784-S02,97,IV. Balance sectorial,Sector Educación Nacional,12,0,,0,,0,,0,,0,,0,,0,,0,,0,0,0,0,0,0,0,0,0,0
P0784-S03,97,IV. Balance sectorial,Sector Educación Nacional,15,0,,0,,0,,0,,0,,0,,0,,0,,0,0,0,0,0,0,0,0,0,0
P0785-S01,97,IV. Balance sectorial,Sector Educación Nacional,25,0,,0,,0,,1,gobierno saliente,0,,0,,1,calidad,0,,0,0,0,0,0,1,0,0,0,0
P0786-S01,97,IV. Balance sectorial,Sector Educación Nacional,66,0,,1,cerca de,0,,0,,0,,0,,0,,0,,0,0,0,0,0,0,0,0,0,0
P0787-S01,97,IV. Balance sectorial,Sector Educación Nacional,47,0,,1,estimado,0,,0,,0,,0,,0,,0,,0,0,0,0,0,0,0,0,0,0
P0787-S02,97,IV. Balance sectorial,Sector Educación Nacional,40,0,,0,,0,,0,,0,,0,,0,,0,,0,0,0,0,0,0,0,0,0,0
P0787-S03,97,IV. Balance sectorial,Sector Educación Nacional,31,0,,0,,0,,0,,0,,0,,0,,0,,0,0,0,0,0,0,0,0,0,0
P0787-S04,97,IV. Balance sectorial,Sector Educación Nacional,18,0,,0,,0,,0,,0,,0,,1,rigor,0,,0,0,0,0,0,0,0,0,0,0
P0788-S01,97,IV. Balance sectorial,Sector Educación Nacional,53,0,,0,,0,,0,,0,,0,,0,,0,,0,0,0,0,0,0,0,0,0,0
P0788-S02,97,IV. Balance sectorial,Sector Educación Nacional,7,0,,0,,0,,0,,0,,0,,0,,0,,0,0,0,0,0,0,0,0,0,0
P0790-S01,97,IV. Balance sectorial,Sector Educación Nacional,4,0,,0,,0,,0,,0,,0,,0,,0,,0,0,0,0,0,0,0,0,0,0
P0791-S01,97,IV. Balance sectorial,Sector Educación Nacional,22,0,,0,,0,,0,,0,,0,,0,,0,,0,0,0,0,0,0,0,0,0,0
P0791-S02,98,IV. Balance sectorial,Sector Educación Nacional,62,0,,0,,0,,0,,0,,0,,0,,0,,0,0,0,0,0,0,0,0,0,0
P0791-S03,98,IV. Balance sectorial,Sector Educación Nacional,18,0,,0,,0,,0,,0,,0,,0,,0,,0,0,0,0,0,0,0,0,0,0
P0792-S01,98,IV. Balance sectorial,Sector Educación Nacional,14,0,,0,,0,,0,,0,,0,,0,,0,,0,0,0,0,0,0,0,0,0,0
P0793-S01,98,IV. Balance sectorial,Sector Educación Nacional,55,0,,0,,0,,0,,0,,0,,0,,0,,0,0,0,0,0,0,0,0,0,0
P0794-S01,98,IV. Balance sectorial,Sector Educación Nacional,8,0,,0,,0,,0,,0,,0,,0,,0,,0,0,0,0,0,0,0,0,0,0
P0794-S02,98,IV. Balance sectorial,Sector Educación Nacional,30,0,,0,,1,identificó,0,,0,,0,,0,,1,riesgo,0,1,1,0,0,0,0,0,1,0
P0794-S03,98,IV. Balance sectorial,Sector Educación Nacional,12,0,,0,,1,reportaron,0,,0,,0,,0,,0,,0,0,0,0,0,0,0,0,0,0
P0794-S04,98,IV. Balance sectorial,Sector Educación Nacional,11,0,,0,,0,,0,,0,,0,,0,,0,,0,0,0,0,0,0,0,0,0,0
P0794-S05,98,IV. Balance sectorial,Sector Educación Nacional,28,0,,0,,0,,0,,0,,0,,0,,0,,0,0,0,0,0,0,0,0,0,0
P0795-S01,98,IV. Balance sectorial,Sector Educación Nacional,19,0,,0,,0,,0,,0,,0,,0,,0,,0,0,0,0,0,0,0,0,0,0
P0795-S02,98,IV. Balance sectorial,Sector Educación Nacional,34,0,,0,,0,,0,,0,,0,,0,,0,,0,0,0,0,0,0,0,0,1,0
P0795-S03,98,IV. Balance sectorial,Sector Educación Nacional,24,0,,0,,1,reportó,0,,0,,0,,0,,0,,0,0,0,0,0,0,0,0,0,0
P0796-S01,98,IV. Balance sectorial,Sector Educación Nacional,5,0,,0,,0,,0,,0,,0,,0,,0,,0,0,0,0,0,0,0,0,0,0
P0796-S02,98,IV. Balance sectorial,Sector Educación Nacional,27,0,,0,,0,,0,,0,,0,,0,,0,,0,0,0,0,0,0,0,0,0,0
P0796-S03,98,IV. Balance sectorial,Sector Educación Nacional,22,0,,0,,0,,0,,0,,0,,0,,0,,0,0,0,0,0,0,0,0,0,0
P0797-S01,98,IV. Balance sectorial,Sector Educación Nacional,27,0,,1,cerca de,0,,0,,0,,0,,0,,0,,0,0,0,0,0,0,0,0,0,0
P0797-S02,98,IV. Balance sectorial,Sector Educación Nacional,26,0,,0,,0,,0,,0,,0,,0,,0,,0,0,1,0,0,0,0,0,0,0
P0798-S01,98,IV. Balance sectorial,Sector Educación Nacional,15,0,,0,,0,,0,,0,,0,,0,,0,,0,0,0,0,0,0,0,0,0,0
P0798-S02,98,IV. Balance sectorial,Sector Educación Nacional,37,0,,1,cerca de,2,documentó; estableció,0,,0,,0,,0,,0,,0,0,0,1,0,0,0,0,0,0
P0798-S03,99,IV. Balance sectorial,Sector Educación Nacional,17,0,,0,,1,identificó,0,,0,,0,,0,,0,,0,0,0,1,0,0,0,0,0,0
P0798-S04,99,IV. Balance sectorial,Sector Educación Nacional,16,0,,0,,0,,0,,0,,0,,0,,0,,0,0,0,0,0,0,0,0,0,0
P0798-S05,99,IV. Balance sectorial,Sector Educación Nacional,22,0,,0,,0,,0,,0,,0,,0,,0,,0,0,0,0,0,0,0,0,1,0
P0799-S01,99,IV. Balance sectorial,Sector Educación Nacional,11,0,,0,,0,,1,recibimos,0,,0,,0,,0,,0,0,0,0,0,0,0,0,0,1
P0799-S02,99,IV. Balance sectorial,Sector Educación Nacional,92,1,nunca,0,,0,,1,improvisación,0,,0,,2,garantizar; garantizar,1,improvisación,0,0,0,0,0,0,0,0,1,0
P0799-S03,99,IV. Balance sectorial,Sector Educación Nacional,23,0,,0,,0,,0,,0,,0,,0,,0,,0,0,0,0,0,0,0,0,1,0
P0800-S01,100,IV. Balance sectorial,Sector Hacienda y Crédito Público,19,0,,0,,0,,0,,0,,0,,0,,1,deuda,0,0,0,0,0,0,0,0,0,0
P0800-S02,100,IV. Balance sectorial,Sector Hacienda y Crédito Público,11,0,,0,,0,,0,,0,,0,,0,,0,,0,0,0,0,0,0,0,0,0,0
P0801-S01,100,IV. Balance sectorial,Sector Hacienda y Crédito Público,32,0,,0,,1,reportó,0,,0,,0,,0,,0,,0,0,0,0,0,0,0,0,0,0
P0801-S02,100,IV. Balance sectorial,Sector Hacienda y Crédito Público,24,0,,0,,0,,0,,0,,0,,0,,1,déficit,1,0,0,0,0,0,0,0,1,0
P0801-S03,100,IV. Balance sectorial,Sector Hacienda y Crédito Público,18,0,,0,,0,,0,,0,,0,,0,,0,,0,0,0,0,0,0,0,0,0,0
P0802-S01,100,IV. Balance sectorial,Sector Hacienda y Crédito Público,7,0,,0,,0,,0,,0,,0,,0,,1,deuda,0,0,0,0,0,0,0,0,0,0
P0802-S02,100,IV. Balance sectorial,Sector Hacienda y Crédito Público,67,0,,0,,1,encontró,0,,0,,0,,0,,2,deuda; deuda,0,0,0,0,0,0,0,0,0,0
P0803-S01,100,IV. Balance sectorial,Sector Hacienda y Crédito Público,23,0,,0,,0,,0,,0,,0,,0,,0,,0,0,0,0,0,0,0,0,0,0
P0803-S02,100,IV. Balance sectorial,Sector Hacienda y Crédito Público,14,0,,1,posible,1,advirtió,0,,0,,0,,0,,1,detrimento,0,0,0,1,0,0,0,0,0,0
P0803-S03,100,IV. Balance sectorial,Sector Hacienda y Crédito Público,20,0,,1,podrían,1,identificó,0,,0,,0,,0,,0,,0,0,0,0,0,0,0,0,1,0
P0804-S01,100,IV. Balance sectorial,Sector Hacienda y Crédito Público,18,0,,0,,0,,0,,0,,0,,0,,0,,0,0,0,0,0,0,0,0,0,0
P0804-S02,100,IV. Balance sectorial,Sector Hacienda y Crédito Público,30,0,,1,estimado,0,,0,,0,,0,,0,,0,,0,0,0,0,0,0,0,0,0,0
P0804-S03,100,IV. Balance sectorial,Sector Hacienda y Crédito Público,45,0,,0,,0,,0,,0,,0,,1,avance,0,,0,0,0,0,1,0,0,0,0,0
P0804-S04,100,IV. Balance sectorial,Sector Hacienda y Crédito Público,28,0,,0,,0,,0,,0,,0,,0,,0,,0,0,0,0,0,0,0,0,0,0
P0805-S01,100,IV. Balance sectorial,Sector Hacienda y Crédito Público,9,0,,0,,0,,0,,0,,0,,0,,1,deterioro,0,0,1,0,0,0,0,0,0,0
P0805-S02,100,IV. Balance sectorial,Sector Hacienda y Crédito Público,42,0,,0,,0,,0,,0,,0,,0,,1,deterioro,0,0,1,0,0,1,0,0,0,0
P0808-S01,100,IV. Balance sectorial,Sector Hacienda y Crédito Público,3,0,,0,,0,,0,,0,,0,,0,,0,,0,0,0,0,0,0,0,0,0,0
P0809-S01,100,IV. Balance sectorial,Sector Hacienda y Crédito Público,7,0,,0,,0,,0,,0,,0,,0,,0,,0,0,0,0,0,0,0,0,0,0
P0809-S02,101,IV. Balance sectorial,Sector Hacienda y Crédito Público,42,0,,0,,0,,0,,0,,0,,0,,1,riesgo,0,1,0,1,0,0,0,0,0,0
P0809-S03,101,IV. Balance sectorial,Sector Hacienda y Crédito Público,17,0,,0,,0,,0,,0,,0,,0,,0,,0,0,0,1,0,0,0,0,0,0
P0810-S01,101,IV. Balance sectorial,Sector Hacienda y Crédito Público,8,0,,0,,0,,0,,0,,0,,0,,0,,0,0,0,0,0,0,0,0,0,0
P0810-S02,101,IV. Balance sectorial,Sector Hacienda y Crédito Público,29,0,,1,cerca de,0,,0,,0,,0,,0,,1,ilegal,0,0,0,0,0,0,0,0,0,0
P0810-S03,101,IV. Balance sectorial,Sector Hacienda y Crédito Público,47,0,,0,,0,,0,,0,,0,,0,,1,deuda,0,0,0,0,0,0,0,0,0,0
P0811-S01,101,IV. Balance sectorial,Sector Hacienda y Crédito Público,12,0,,0,,0,,0,,0,,0,,1,transparencia,0,,0,0,0,0,0,0,0,1,0,0
P0811-S02,101,IV. Balance sectorial,Sector Hacienda y Crédito Público,15,0,,0,,0,,0,,0,,0,,0,,0,,0,0,0,0,0,0,0,0,0,0
P0812-S01,101,IV. Balance sectorial,Sector Hacienda y Crédito Público,57,0,,0,,0,,0,,0,,0,,1,cumplimiento,0,,0,0,0,0,1,0,0,0,0,0
P0813-S01,101,IV. Balance sectorial,Sector Hacienda y Crédito Público,19,0,,0,,0,,0,,0,,0,,0,,0,,0,0,0,0,0,0,0,0,0,0
P0813-S02,101,IV. Balance sectorial,Sector Hacienda y Crédito Público,3,0,,0,,0,,0,,0,,0,,0,,0,,0,0,0,0,0,0,0,0,0,1
P0814-S01,102,IV. Balance sectorial,Sector Inclusión Social y Reconciliación,23,0,,0,,1,encontramos,0,,0,,0,,0,,0,,0,0,0,0,0,0,0,0,0,1
P0814-S02,102,IV. Balance sectorial,Sector Inclusión Social y Reconciliación,27,0,,0,,0,,0,,0,,0,,0,,0,,0,0,0,0,0,0,0,0,0,0
P0814-S03,102,IV. Balance sectorial,Sector Inclusión Social y Reconciliación,12,0,,0,,0,,0,,0,,0,,0,,0,,0,0,0,0,0,0,0,0,0,0
P0814-S04,102,IV. Balance sectorial,Sector Inclusión Social y Reconciliación,26,0,,0,,0,,0,,0,,0,,0,,0,,0,0,0,0,0,0,0,0,0,1
P0815-S01,102,IV. Balance sectorial,Sector Inclusión Social y Reconciliación,27,0,,0,,0,,0,,0,,0,,0,,0,,0,0,0,0,0,0,0,0,0,1
P0815-S02,102,IV. Balance sectorial,Sector Inclusión Social y Reconciliación,9,0,,0,,0,,0,,0,,0,,0,,0,,0,0,0,0,0,0,0,0,0,1
P0816-S01,102,IV. Balance sectorial,Sector Inclusión Social y Reconciliación,39,0,,1,cerca de,0,,0,,0,,0,,0,,0,,0,0,0,0,0,0,0,0,0,0
P0816-S02,102,IV. Balance sectorial,Sector Inclusión Social y Reconciliación,17,0,,0,,0,,0,,0,,0,,0,,0,,0,0,0,0,0,0,0,0,0,0
P0816-S03,102,IV. Balance sectorial,Sector Inclusión Social y Reconciliación,22,0,,1,cerca de,0,,0,,0,,0,,0,,0,,0,0,0,0,0,0,0,0,0,0
P0816-S04,102,IV. Balance sectorial,Sector Inclusión Social y Reconciliación,19,1,nunca,0,,0,,0,,0,,0,,0,,0,,0,0,0,0,0,0,0,0,0,0
P0817-S01,102,IV. Balance sectorial,Sector Inclusión Social y Reconciliación,25,0,,0,,0,,0,,0,,0,,0,,1,riesgo,0,1,0,0,0,0,0,0,1,0
P0817-S02,102,IV. Balance sectorial,Sector Inclusión Social y Reconciliación,8,0,,0,,0,,0,,0,,0,,0,,0,,0,0,0,0,0,0,0,0,0,0
P0817-S03,102,IV. Balance sectorial,Sector Inclusión Social y Reconciliación,37,0,,0,,2,reporta; advierte,0,,0,,0,,0,,0,,0,0,0,0,0,0,0,0,0,0
P0818-S01,102,IV. Balance sectorial,Sector Inclusión Social y Reconciliación,14,0,,0,,0,,0,,0,,0,,0,,0,,0,0,0,0,0,0,0,0,0,0
P0818-S02,102,IV. Balance sectorial,Sector Inclusión Social y Reconciliación,22,0,,0,,0,,0,,0,,0,,0,,0,,0,0,0,0,0,0,0,0,0,0
P0818-S03,102,IV. Balance sectorial,Sector Inclusión Social y Reconciliación,23,0,,0,,0,,0,,0,,0,,0,,0,,0,0,0,0,0,0,0,0,0,0
P0818-S04,102,IV. Balance sectorial,Sector Inclusión Social y Reconciliación,32,0,,0,,0,,0,,0,,0,,0,,0,,0,0,0,0,0,1,0,0,0,0
P0818-S05,102,IV. Balance sectorial,Sector Inclusión Social y Reconciliación,14,0,,0,,0,,0,,0,,0,,0,,0,,0,0,0,0,0,0,0,0,0,0
P0819-S01,102,IV. Balance sectorial,Sector Inclusión Social y Reconciliación,22,0,,0,,0,,0,,0,,0,,0,,0,,1,0,0,0,0,0,0,0,0,0
P0822-S01,102,IV. Balance sectorial,Sector Inclusión Social y Reconciliación,3,0,,0,,0,,0,,0,,0,,0,,0,,0,0,0,0,0,0,0,0,0,0
P0823-S01,102,IV. Balance sectorial,Sector Inclusión Social y Reconciliación,30,0,,0,,0,,0,,0,,0,,0,,0,,0,0,0,0,0,0,0,0,0,0
P0823-S02,103,IV. Balance sectorial,Sector Inclusión Social y Reconciliación,9,0,,0,,0,,0,,0,,0,,0,,0,,0,0,0,0,0,0,0,0,0,0
P0824-S01,103,IV. Balance sectorial,Sector Inclusión Social y Reconciliación,11,0,,0,,0,,0,,0,,0,,0,,0,,0,0,0,0,0,0,0,0,0,0
P0824-S02,103,IV. Balance sectorial,Sector Inclusión Social y Reconciliación,20,0,,0,,0,,0,,0,,0,,0,,0,,0,0,0,0,0,0,0,0,0,0
P0824-S03,103,IV. Balance sectorial,Sector Inclusión Social y Reconciliación,18,0,,0,,0,,0,,0,,0,,0,,0,,0,0,0,0,0,0,0,0,0,0
P0825-S01,103,IV. Balance sectorial,Sector Inclusión Social y Reconciliación,13,0,,0,,0,,0,,0,,0,,0,,0,,0,0,0,0,0,0,0,0,0,0
P0826-S01,103,IV. Balance sectorial,Sector Inclusión Social y Reconciliación,38,0,,0,,0,,0,,0,,0,,0,,0,,0,0,0,0,0,0,0,0,0,0
P0826-S02,103,IV. Balance sectorial,Sector Inclusión Social y Reconciliación,28,0,,0,,0,,0,,0,,0,,0,,0,,0,0,0,0,0,0,0,0,0,0
P0826-S03,103,IV. Balance sectorial,Sector Inclusión Social y Reconciliación,26,0,,0,,0,,0,,0,,0,,0,,0,,0,0,0,0,0,0,0,0,0,0
P0826-S04,103,IV. Balance sectorial,Sector Inclusión Social y Reconciliación,9,0,,0,,0,,0,,0,,0,,0,,0,,0,0,0,0,0,0,0,0,0,0
P0827-S01,103,IV. Balance sectorial,Sector Inclusión Social y Reconciliación,45,0,,1,estimada,0,,0,,0,,0,,0,,0,,0,0,1,0,0,0,0,0,0,0
P0828-S01,103,IV. Balance sectorial,Sector Inclusión Social y Reconciliación,18,0,,0,,0,,0,,0,,0,,0,,0,,0,0,0,0,0,0,0,0,0,0
P0829-S01,103,IV. Balance sectorial,Sector Inclusión Social y Reconciliación,32,0,,0,,0,,0,,0,,0,,0,,0,,0,0,0,0,0,0,0,0,0,0
P0829-S02,103,IV. Balance sectorial,Sector Inclusión Social y Reconciliación,7,0,,0,,0,,0,,0,,0,,0,,0,,0,0,0,0,0,0,0,0,0,0
P0830-S01,103,IV. Balance sectorial,Sector Inclusión Social y Reconciliación,30,0,,0,,0,,0,,0,,0,,0,,0,,0,0,0,0,0,0,0,0,0,0
P0830-S02,103,IV. Balance sectorial,Sector Inclusión Social y Reconciliación,50,1,verificable,0,,0,,0,,0,,0,,0,,0,,0,0,0,0,0,0,0,0,0,0
P0831-S01,103,IV. Balance sectorial,Sector Inclusión Social y Reconciliación,24,0,,0,,0,,0,,0,,0,,0,,0,,0,0,0,0,0,0,0,0,0,0
P0831-S02,103,IV. Balance sectorial,Sector Inclusión Social y Reconciliación,32,0,,0,,0,,0,,0,,0,,1,rigor,0,,0,0,0,0,0,0,0,0,0,1
P0831-S03,103,IV. Balance sectorial,Sector Inclusión Social y Reconciliación,22,0,,0,,1,evidencia,0,,0,,0,,0,,0,,0,0,0,0,0,0,0,0,1,0
P0832-S01,104,IV. Balance sectorial,Sector Interior,33,0,,0,,0,,0,,0,,0,,0,,0,,0,0,0,0,0,0,0,0,0,0
P0832-S02,104,IV. Balance sectorial,Sector Interior,37,0,,0,,0,,0,,0,,0,,0,,0,,0,0,0,0,0,0,0,0,0,0
P0832-S03,104,IV. Balance sectorial,Sector Interior,30,0,,0,,0,,0,,0,,0,,0,,0,,0,0,0,0,0,0,0,0,1,0
P0833-S01,104,IV. Balance sectorial,Sector Interior,7,0,,0,,0,,0,,0,,0,,0,,0,,0,0,0,0,0,0,0,0,0,0
P0833-S02,104,IV. Balance sectorial,Sector Interior,29,0,,0,,0,,0,,0,,0,,0,,0,,0,0,0,0,0,0,0,0,0,0
P0833-S03,104,IV. Balance sectorial,Sector Interior,40,0,,1,presunto,0,,0,,0,,0,,0,,0,,0,0,0,0,0,0,0,0,0,0
P0833-S04,104,IV. Balance sectorial,Sector Interior,48,0,,1,podrían,0,,0,,0,,0,,0,,0,,0,0,0,0,0,0,0,0,1,1
P0834-S01,104,IV. Balance sectorial,Sector Interior,17,0,,0,,0,,0,,0,,0,,0,,0,,0,0,0,0,0,0,0,0,0,0
P0834-S02,104,IV. Balance sectorial,Sector Interior,25,0,,0,,0,,0,,0,,0,,0,,0,,0,0,0,0,0,0,0,0,0,0
P0834-S03,104,IV. Balance sectorial,Sector Interior,24,0,,0,,0,,0,,0,,0,,0,,0,,0,0,0,0,0,0,0,0,0,0
P0834-S04,104,IV. Balance sectorial,Sector Interior,48,0,,2,cerca de; presuntamente,0,,0,,0,,0,,0,,0,,0,0,0,0,0,0,0,0,0,0
P0835-S01,104,IV. Balance sectorial,Sector Interior,15,0,,0,,0,,0,,0,,0,,0,,0,,0,0,0,0,0,0,0,0,0,0
P0835-S02,104,IV. Balance sectorial,Sector Interior,39,0,,0,,0,,0,,0,,0,,0,,0,,0,0,0,0,0,0,0,0,0,0
P0835-S03,104,IV. Balance sectorial,Sector Interior,24,0,,0,,0,,0,,0,,0,,0,,1,riesgo,0,1,0,0,0,0,0,0,0,0
P0838-S01,104,IV. Balance sectorial,Sector Interior,3,0,,0,,0,,0,,0,,0,,0,,0,,0,0,0,0,0,0,0,0,0,0
P0839-S01,104,IV. Balance sectorial,Sector Interior,20,0,,0,,0,,0,,0,,0,,0,,1,riesgo,0,1,0,0,0,0,0,0,0,0
P0839-S02,105,IV. Balance sectorial,Sector Interior,45,0,,0,,0,,0,,0,,0,,0,,0,,0,0,0,0,0,0,0,0,0,0
P0840-S01,105,IV. Balance sectorial,Sector Interior,33,0,,0,,0,,0,,0,,0,,1,servicio,0,,0,0,0,0,0,0,0,0,0,0
P0840-S02,105,IV. Balance sectorial,Sector Interior,27,0,,0,,0,,0,,0,,0,,1,garantizar,0,,0,0,0,0,0,0,0,0,0,0
P0841-S01,106,IV. Balance sectorial,Sector Justicia y del Derecho,16,0,,0,,0,,0,,0,,0,,0,,0,,0,0,0,0,0,0,0,0,0,0
P0842-S01,106,IV. Balance sectorial,Sector Justicia y del Derecho,11,0,,0,,0,,0,,0,,0,,0,,0,,0,0,0,0,0,0,0,0,0,0
P0843-S01,106,IV. Balance sectorial,Sector Justicia y del Derecho,16,0,,0,,0,,0,,0,,0,,0,,0,,0,0,0,0,0,0,0,0,0,0
P0843-S02,106,IV. Balance sectorial,Sector Justicia y del Derecho,20,0,,0,,0,,0,,0,,0,,0,,0,,0,0,0,0,0,0,0,0,0,0
P0843-S03,106,IV. Balance sectorial,Sector Justicia y del Derecho,10,0,,0,,0,,0,,0,,0,,0,,0,,0,0,0,0,0,0,0,0,0,0
P0843-S04,106,IV. Balance sectorial,Sector Justicia y del Derecho,0,0,,0,,0,,0,,0,,0,,0,,0,,0,0,0,0,0,0,0,0,0,0
P0844-S01,106,IV. Balance sectorial,Sector Justicia y del Derecho,8,0,,0,,0,,0,,0,,0,,0,,0,,0,0,0,0,0,0,0,0,0,0
P0845-S01,106,IV. Balance sectorial,Sector Justicia y del Derecho,11,0,,0,,0,,0,,0,,0,,0,,1,grave,0,0,0,0,0,0,0,0,0,0
P0845-S02,106,IV. Balance sectorial,Sector Justicia y del Derecho,33,0,,0,,1,identificó,0,,0,,0,,0,,0,,0,0,0,0,0,0,0,0,0,0
P0845-S03,106,IV. Balance sectorial,Sector Justicia y del Derecho,23,0,,0,,0,,0,,0,,0,,0,,0,,0,0,0,0,0,0,0,0,0,0
P0845-S04,106,IV. Balance sectorial,Sector Justicia y del Derecho,25,0,,0,,0,,0,,0,,0,,1,servicio,0,,0,0,0,0,0,0,0,0,0,0
P0845-S05,106,IV. Balance sectorial,Sector Justicia y del Derecho,23,0,,0,,1,registra,0,,0,,0,,0,,1,detrimento,0,0,0,1,0,0,0,0,0,0
P0846-S01,106,IV. Balance sectorial,Sector Justicia y del Derecho,22,0,,0,,0,,0,,0,,0,,0,,0,,0,0,0,0,0,0,0,0,0,0
P0846-S02,106,IV. Balance sectorial,Sector Justicia y del Derecho,29,0,,0,,0,,0,,0,,0,,0,,0,,0,0,0,0,0,0,0,0,0,0
P0847-S01,106,IV. Balance sectorial,Sector Justicia y del Derecho,11,0,,0,,0,,0,,0,,0,,0,,0,,0,0,0,0,0,0,0,0,0,0
P0847-S02,106,IV. Balance sectorial,Sector Justicia y del Derecho,27,0,,0,,0,,0,,0,,0,,0,,0,,0,0,0,0,0,0,0,0,0,0
P0847-S03,106,IV. Balance sectorial,Sector Justicia y del Derecho,24,0,,0,,0,,0,,0,,0,,0,,0,,0,0,0,0,0,0,0,0,0,0
P0847-S04,106,IV. Balance sectorial,Sector Justicia y del Derecho,18,0,,0,,0,,0,,0,,0,,0,,0,,0,0,0,0,0,0,0,0,0,0
P0847-S05,106,IV. Balance sectorial,Sector Justicia y del Derecho,28,0,,1,habrían,0,,0,,0,,0,,0,,0,,0,0,0,0,0,0,0,0,0,0
P0848-S01,106,IV. Balance sectorial,Sector Justicia y del Derecho,9,0,,0,,0,,0,,0,,0,,0,,0,,0,0,0,0,0,0,0,0,0,0
P0848-S02,106,IV. Balance sectorial,Sector Justicia y del Derecho,20,0,,0,,0,,0,,0,,0,,0,,1,deuda,0,0,0,0,0,0,0,0,0,0
P0848-S03,106,IV. Balance sectorial,Sector Justicia y del Derecho,16,0,,0,,0,,0,,0,,0,,0,,0,,0,0,0,0,0,0,0,0,0,0
P0851-S01,106,IV. Balance sectorial,Sector Justicia y del Derecho,4,0,,0,,0,,0,,0,,0,,0,,0,,0,0,0,0,0,0,0,0,0,0
P0852-S01,106,IV. Balance sectorial,Sector Justicia y del Derecho,44,0,,1,cerca de,0,,0,,0,,0,,0,,1,criminal,0,0,0,0,0,0,1,0,0,0
P0852-S02,107,IV. Balance sectorial,Sector Justicia y del Derecho,38,0,,0,,1,identificó,0,,0,,0,,0,,0,,0,0,0,0,0,0,1,0,0,0
P0852-S03,107,IV. Balance sectorial,Sector Justicia y del Derecho,17,0,,0,,0,,0,,0,,0,,0,,1,ilegal,0,0,0,0,0,0,0,0,0,0
P0853-S01,107,IV. Balance sectorial,Sector Justicia y del Derecho,20,0,,0,,0,,0,,0,,0,,0,,0,,0,0,0,0,0,0,0,0,0,0
P0853-S02,107,IV. Balance sectorial,Sector Justicia y del Derecho,9,0,,0,,0,,0,,0,,0,,0,,0,,0,0,0,0,0,0,0,0,0,0
P0854-S01,107,IV. Balance sectorial,Sector Justicia y del Derecho,15,1,verificables,0,,0,,0,,0,,0,,0,,0,,0,0,0,0,0,0,0,0,0,0
P0855-S01,107,IV. Balance sectorial,Sector Justicia y del Derecho,62,0,,0,,0,,0,,0,,0,,0,,2,criminal; deuda,0,0,0,0,0,0,1,0,0,0
P0855-S02,107,IV. Balance sectorial,Sector Justicia y del Derecho,20,0,,0,,0,,0,,0,,0,,0,,0,,0,0,0,0,0,0,0,0,0,0
P0858-S01,108,IV. Balance sectorial,Sector Minas y Energía,4,0,,0,,0,,0,,0,,0,,0,,0,,0,0,0,0,0,0,0,0,0,0
P0859-S01,108,IV. Balance sectorial,Sector Minas y Energía,44,0,,0,,0,,1,recibimos,0,,0,,1,responsable,0,,0,0,0,0,0,0,1,0,0,1
P0859-S02,108,IV. Balance sectorial,Sector Minas y Energía,13,0,,0,,0,,0,,0,,0,,0,,0,,0,0,0,0,0,0,0,0,0,0
P0860-S01,108,IV. Balance sectorial,Sector Minas y Energía,23,0,,0,,0,,1,recibimos,0,,0,,0,,0,,0,0,0,0,0,0,0,0,0,2
P0860-S02,108,IV. Balance sectorial,Sector Minas y Energía,30,0,,0,,0,,0,,0,,0,,1,servicio,0,,0,0,0,0,0,0,1,0,0,0
P0861-S01,108,IV. Balance sectorial,Sector Minas y Energía,53,0,,0,,0,,0,,0,,0,,1,servicio,3,riesgos; déficit; crisis,2,2,0,0,0,0,0,0,0,0
P0861-S02,108,IV. Balance sectorial,Sector Minas y Energía,32,0,,0,,0,,0,,0,,0,,1,transparencia,0,,0,0,0,0,0,0,0,0,0,0
P0862-S01,108,IV. Balance sectorial,Sector Minas y Energía,37,0,,0,,0,,0,,0,,0,,0,,0,,0,1,0,0,0,0,1,0,0,0
P0862-S02,108,IV. Balance sectorial,Sector Minas y Energía,35,0,,0,,0,,0,,0,,0,,1,proteger,0,,0,0,0,0,0,0,2,1,1,0
P0863-S01,108,IV. Balance sectorial,Sector Minas y Energía,6,0,,0,,0,,0,,0,,0,,0,,0,,0,0,0,0,0,0,0,0,0,0
P0864-S01,108,IV. Balance sectorial,Sector Minas y Energía,16,0,,0,,0,,0,,0,,0,,0,,1,déficit,1,0,0,0,0,0,0,0,0,0
P0865-S01,108,IV. Balance sectorial,Sector Minas y Energía,24,0,,0,,0,,0,,0,,0,,0,,0,,0,0,0,0,0,0,0,0,0,0
P0866-S01,108,IV. Balance sectorial,Sector Minas y Energía,20,0,,1,posible,0,,0,,0,,0,,0,,1,déficit,1,0,0,0,0,0,0,0,0,0
P0867-S01,108,IV. Balance sectorial,Sector Minas y Energía,15,0,,0,,0,,0,,0,,0,,0,,0,,0,0,0,0,0,0,0,0,0,0
P0868-S01,109,IV. Balance sectorial,Sector Minas y Energía,22,0,,0,,0,,0,,0,,0,,0,,0,,0,0,0,0,0,0,0,0,0,0
P0869-S01,109,IV. Balance sectorial,Sector Minas y Energía,1,0,,0,,0,,0,,0,,0,,0,,0,,0,0,0,0,0,0,0,0,0,0
P0869-S02,109,IV. Balance sectorial,Sector Minas y Energía,3,0,,0,,0,,0,,0,,0,,0,,0,,0,0,0,0,0,0,0,0,0,0
P0869-S03,109,IV. Balance sectorial,Sector Minas y Energía,43,0,,1,riesgo de,1,según,0,,0,,0,,0,,3,déficit; riesgo; déficit,2,1,0,0,0,0,0,0,1,0
P0869-S04,109,IV. Balance sectorial,Sector Minas y Energía,42,0,,0,,0,,0,,0,,0,,0,,0,,0,0,0,0,0,0,0,0,0,0
P0869-S05,109,IV. Balance sectorial,Sector Minas y Energía,8,0,,0,,0,,0,,0,,0,,0,,0,,0,1,0,0,0,1,0,0,0,0
P0870-S01,109,IV. Balance sectorial,Sector Minas y Energía,7,0,,0,,0,,0,,0,,0,,0,,0,,0,0,0,0,0,0,0,0,0,0
P0870-S02,109,IV. Balance sectorial,Sector Minas y Energía,30,0,,0,,0,,0,,0,,0,,0,,0,,0,0,1,0,0,1,0,0,0,0
P0870-S03,109,IV. Balance sectorial,Sector Minas y Energía,35,0,,1,cerca de,0,,0,,0,,0,,0,,0,,0,0,0,0,0,0,0,0,0,0
P0871-S01,109,IV. Balance sectorial,Sector Minas y Energía,15,0,,0,,0,,0,,0,,0,,0,,0,,0,0,0,0,0,0,0,0,0,0
P0871-S02,109,IV. Balance sectorial,Sector Minas y Energía,24,0,,0,,0,,0,,0,,0,,0,,0,,0,0,0,0,0,0,0,0,0,0
P0871-S03,109,IV. Balance sectorial,Sector Minas y Energía,16,0,,1,aproximadamente,0,,0,,0,,0,,0,,0,,0,0,0,0,0,0,0,0,0,0
P0871-S04,109,IV. Balance sectorial,Sector Minas y Energía,40,0,,1,podría,0,,0,,0,,0,,0,,1,déficit,1,0,0,0,0,0,0,0,1,0
P0871-S05,109,IV. Balance sectorial,Sector Minas y Energía,39,0,,1,aproximadamente,0,,0,,0,,0,,0,,1,riesgo,0,1,0,0,0,0,0,0,0,0
P0872-S01,109,IV. Balance sectorial,Sector Minas y Energía,17,0,,1,podrían,0,,0,,0,,0,,0,,0,,0,0,0,0,0,0,0,0,1,0
P0872-S02,109,IV. Balance sectorial,Sector Minas y Energía,16,0,,0,,0,,0,,0,,0,,0,,1,déficit,1,0,0,0,0,0,0,0,0,0
P0872-S03,109,IV. Balance sectorial,Sector Minas y Energía,24,0,,0,,0,,0,,0,,0,,0,,0,,0,0,0,0,0,0,0,0,0,0
P0873-S01,109,IV. Balance sectorial,Sector Minas y Energía,24,0,,0,,0,,0,,0,,0,,0,,0,,0,0,0,0,0,0,0,0,0,0
P0873-S02,109,IV. Balance sectorial,Sector Minas y Energía,39,0,,0,,0,,0,,0,,0,,0,,0,,0,0,0,0,0,0,0,0,0,0
P0873-S03,109,IV. Balance sectorial,Sector Minas y Energía,8,0,,0,,0,,0,,0,,0,,0,,0,,0,0,0,0,0,0,0,0,0,0
P0874-S01,110,IV. Balance sectorial,Sector Minas y Energía,12,0,,0,,0,,0,,0,,0,,0,,1,crisis,1,0,0,0,0,0,0,0,0,0
P0874-S02,110,IV. Balance sectorial,Sector Minas y Energía,30,0,,0,,0,,0,,0,,1,han generado,0,,0,,0,1,0,0,0,0,0,0,0,0
P0875-S01,110,IV. Balance sectorial,Sector Minas y Energía,6,0,,0,,0,,0,,0,,0,,0,,0,,0,0,0,0,0,0,0,0,0,0
P0875-S02,110,IV. Balance sectorial,Sector Minas y Energía,36,0,,0,,0,,0,,0,,0,,1,servicio,1,pérdida,0,0,1,0,0,0,0,0,0,0
P0875-S03,110,IV. Balance sectorial,Sector Minas y Energía,31,0,,0,,0,,0,,0,,0,,0,,2,pérdidas; riesgo,0,2,0,0,0,0,0,0,0,0
P0876-S01,110,IV. Balance sectorial,Sector Minas y Energía,19,0,,0,,0,,0,,0,,0,,0,,0,,0,0,0,0,0,0,0,0,0,0
P0876-S02,110,IV. Balance sectorial,Sector Minas y Energía,15,0,,0,,0,,0,,0,,0,,0,,1,deuda,0,0,0,0,0,0,0,0,0,0
P0876-S03,110,IV. Balance sectorial,Sector Minas y Energía,31,0,,0,,0,,0,,0,,0,,3,garantizar; transparencia; eficiencia,0,,0,1,0,0,1,0,0,0,1,0
P0877-S01,110,IV. Balance sectorial,Sector Minas y Energía,18,0,,0,,0,,0,,0,,0,,0,,0,,0,0,0,0,0,0,0,0,1,0
P0877-S02,110,IV. Balance sectorial,Sector Minas y Energía,38,0,,0,,0,,0,,0,,0,,1,servicio,0,,0,0,0,0,0,0,0,0,0,0
P0878-S01,110,IV. Balance sectorial,Sector Minas y Energía,7,0,,0,,0,,0,,0,,0,,0,,0,,0,0,0,0,0,0,0,0,0,1
P0879-S01,110,IV. Balance sectorial,Sector Minas y Energía,24,0,,0,,0,,0,,0,,0,,0,,0,,0,0,0,0,0,0,1,0,0,0
P0880-S01,110,IV. Balance sectorial,Sector Minas y Energía,12,0,,0,,0,,0,,0,,0,,0,,0,,0,0,0,0,0,0,0,0,0,0
P0881-S01,110,IV. Balance sectorial,Sector Minas y Energía,5,0,,0,,0,,0,,0,,0,,1,proteger,0,,0,0,0,0,0,0,0,0,0,0
P0882-S01,110,IV. Balance sectorial,Sector Minas y Energía,31,0,,1,eventual,0,,0,,0,,0,,1,eficiente,0,,0,0,0,0,0,0,0,0,0,0
P0883-S01,110,IV. Balance sectorial,Sector Minas y Energía,21,0,,0,,0,,0,,0,,0,,0,,0,,0,1,0,0,0,0,1,1,0,0
P0883-S02,110,IV. Balance sectorial,Sector Minas y Energía,35,0,,0,,0,,0,,0,,0,,0,,0,,0,0,0,0,0,0,0,1,0,0
P0883-S03,110,IV. Balance sectorial,Sector Minas y Energía,27,0,,0,,0,,0,,0,,0,,1,garantizar,0,,0,0,0,0,0,0,0,1,0,0
P0884-S01,111,IV. Balance sectorial,Sector Minas y Energía,15,0,,0,,0,,0,,0,,0,,0,,0,,0,0,0,0,0,0,1,0,0,0
P0884-S02,111,IV. Balance sectorial,Sector Minas y Energía,26,0,,0,,0,,0,,0,,0,,0,,0,,0,0,0,0,0,0,0,0,1,0
P0885-S01,111,IV. Balance sectorial,Sector Minas y Energía,14,0,,0,,0,,1,recibimos,0,,0,,0,,0,,0,0,0,0,0,0,0,0,0,1
P0886-S01,111,IV. Balance sectorial,Sector Minas y Energía,47,0,,0,,0,,0,,0,,0,,0,,0,,0,0,0,0,0,0,0,0,0,0
P0886-S02,111,IV. Balance sectorial,Sector Minas y Energía,16,0,,0,,0,,0,,0,,0,,0,,0,,0,0,0,0,0,0,0,0,0,0
P0887-S01,111,IV. Balance sectorial,Sector Minas y Energía,20,0,,0,,0,,0,,0,,0,,0,,0,,0,0,0,0,0,0,1,0,0,0
P0887-S02,111,IV. Balance sectorial,Sector Minas y Energía,18,0,,0,,0,,0,,0,,0,,0,,0,,0,0,0,0,0,0,0,1,0,0
P0887-S03,111,IV. Balance sectorial,Sector Minas y Energía,7,0,,0,,0,,0,,0,,0,,0,,0,,0,0,0,0,0,0,0,0,0,0
P0888-S01,111,IV. Balance sectorial,Sector Minas y Energía,26,0,,1,alrededor de,0,,0,,0,,0,,0,,0,,0,0,0,0,0,0,0,1,0,0
P0889-S01,111,IV. Balance sectorial,Sector Minas y Energía,27,0,,0,,1,según,0,,0,,0,,0,,0,,0,0,0,0,0,0,0,0,0,0
P0890-S01,111,IV. Balance sectorial,Sector Minas y Energía,14,0,,0,,0,,0,,0,,0,,0,,0,,0,0,0,0,0,0,0,0,0,0
P0890-S02,111,IV. Balance sectorial,Sector Minas y Energía,32,0,,0,,0,,0,,0,,0,,0,,0,,0,0,0,0,0,0,0,0,0,0
P0891-S01,111,IV. Balance sectorial,Sector Minas y Energía,7,0,,0,,0,,0,,0,,0,,0,,0,,0,0,0,0,0,0,0,0,0,1
P0892-S01,111,IV. Balance sectorial,Sector Minas y Energía,37,0,,0,,0,,0,,0,,0,,0,,0,,0,0,0,0,0,0,0,1,0,0
P0893-S01,111,IV. Balance sectorial,Sector Minas y Energía,25,0,,0,,0,,0,,0,,0,,0,,0,,0,0,0,0,0,0,0,0,0,0
P0894-S01,111,IV. Balance sectorial,Sector Minas y Energía,15,0,,0,,0,,0,,0,,0,,0,,0,,0,0,0,0,0,0,0,0,0,0
P0894-S02,111,IV. Balance sectorial,Sector Minas y Energía,7,0,,0,,0,,0,,0,,0,,0,,1,criminal,0,0,0,0,0,0,1,0,0,0
P0895-S01,111,IV. Balance sectorial,Sector Minas y Energía,52,0,,0,,0,,0,,0,,0,,1,responsable,0,,0,0,0,0,0,0,1,0,0,0
P0896-S01,112,IV. Balance sectorial,Sector Minas y Energía,13,0,,0,,1,encontramos,0,,0,,0,,0,,0,,0,0,0,0,0,0,0,0,0,1
P0896-S02,112,IV. Balance sectorial,Sector Minas y Energía,33,0,,0,,0,,0,,0,,0,,0,,0,,0,0,0,0,0,1,0,0,0,0
P0897-S01,112,IV. Balance sectorial,Sector Minas y Energía,9,0,,0,,0,,0,,0,,0,,0,,0,,0,0,0,0,0,1,0,0,0,0
P0897-S02,112,IV. Balance sectorial,Sector Minas y Energía,53,0,,0,,0,,0,,0,,0,,0,,0,,0,0,0,0,0,0,0,0,1,3
P0897-S03,112,IV. Balance sectorial,Sector Minas y Energía,7,0,,0,,0,,0,,0,,0,,0,,0,,0,0,0,0,0,0,0,0,0,0
P0898-S01,112,IV. Balance sectorial,Sector Minas y Energía,8,0,,0,,0,,1,recibimos,0,,0,,0,,0,,0,0,0,0,0,0,0,0,1,1
P0898-S02,112,IV. Balance sectorial,Sector Minas y Energía,26,0,,0,,0,,0,,0,,0,,0,,1,crisis,1,0,0,0,0,0,0,0,0,0
P0898-S03,112,IV. Balance sectorial,Sector Minas y Energía,26,0,,0,,0,,0,,0,,0,,0,,0,,0,0,0,0,0,0,0,0,0,1
P0898-S04,112,IV. Balance sectorial,Sector Minas y Energía,25,0,,0,,0,,0,,0,,0,,2,fortalecer; garantizar,1,riesgos,0,1,0,0,0,0,0,0,1,1
P0899-S01,112,IV. Balance sectorial,Sector Minas y Energía,14,0,,0,,0,,0,,0,,0,,0,,0,,0,0,0,0,0,0,0,0,1,0
P0899-S02,112,IV. Balance sectorial,Sector Minas y Energía,19,1,nunca,0,,0,,0,,0,,0,,0,,0,,0,0,0,0,0,0,1,0,0,0
P0900-S01,112,IV. Balance sectorial,Sector Minas y Energía,25,0,,0,,0,,0,,0,,0,,0,,0,,0,0,0,0,0,0,0,0,0,2
P0903-S01,113,IV. Balance sectorial,Sector Presidencia de la República,4,0,,0,,0,,0,,0,,0,,0,,0,,0,0,0,0,0,0,0,0,0,0
P0904-S01,113,IV. Balance sectorial,Sector Presidencia de la República,33,0,,0,,0,,0,,0,,0,,0,,0,,0,0,0,0,0,0,0,0,0,0
P0905-S01,113,IV. Balance sectorial,Sector Presidencia de la República,18,0,,0,,0,,0,,0,,0,,0,,0,,0,0,0,0,0,0,0,0,0,0
P0905-S02,113,IV. Balance sectorial,Sector Presidencia de la República,5,0,,0,,0,,0,,0,,0,,0,,0,,0,0,0,0,0,0,0,0,0,0
P0905-S03,113,IV. Balance sectorial,Sector Presidencia de la República,14,0,,1,cerca de,0,,0,,0,,0,,0,,0,,0,0,0,0,0,0,0,0,0,0
P0905-S04,113,IV. Balance sectorial,Sector Presidencia de la República,40,0,,0,,0,,0,,0,,0,,0,,0,,0,0,0,0,0,0,0,0,0,0
P0906-S01,113,IV. Balance sectorial,Sector Presidencia de la República,59,0,,0,,1,según,0,,0,,0,,0,,1,riesgo,0,1,0,0,0,0,0,0,1,0
P0907-S01,113,IV. Balance sectorial,Sector Presidencia de la República,16,0,,0,,0,,0,,0,,0,,0,,0,,0,0,0,0,0,0,0,0,0,0
P0907-S02,113,IV. Balance sectorial,Sector Presidencia de la República,79,1,siempre,0,,1,registra,0,,0,,1,responsable de,1,responsable,1,riesgo,0,1,0,1,0,0,0,0,0,0
P0908-S01,113,IV. Balance sectorial,Sector Presidencia de la República,12,0,,0,,0,,0,,0,,0,,0,,0,,0,0,0,0,0,0,0,0,0,0
P0908-S02,113,IV. Balance sectorial,Sector Presidencia de la República,32,0,,1,cerca de,0,,0,,0,,0,,0,,0,,1,0,0,0,0,0,0,0,0,0
P0908-S03,113,IV. Balance sectorial,Sector Presidencia de la República,23,0,,0,,0,,0,,0,,0,,0,,0,,0,0,0,0,0,0,0,0,0,0
P0909-S01,113,IV. Balance sectorial,Sector Presidencia de la República,17,0,,0,,0,,0,,0,,0,,0,,0,,0,0,0,0,0,0,0,0,1,0
P0910-S01,113,IV. Balance sectorial,Sector Presidencia de la República,29,0,,0,,0,,0,,0,,0,,0,,0,,0,0,0,0,0,0,0,0,0,0
P0910-S02,113,IV. Balance sectorial,Sector Presidencia de la República,43,0,,0,,0,,0,,0,,0,,0,,0,,0,0,0,0,0,0,0,0,0,0
P0910-S03,114,IV. Balance sectorial,Sector Presidencia de la República,50,0,,1,cerca de,0,,0,,0,,0,,1,fortalecer,0,,0,0,0,0,0,0,0,0,0,0
P0911-S01,114,IV. Balance sectorial,Sector Presidencia de la República,21,0,,2,cerca de; aproximadamente,0,,0,,0,,0,,0,,0,,0,0,0,0,0,0,0,0,0,0
P0911-S02,114,IV. Balance sectorial,Sector Presidencia de la República,22,0,,0,,1,según,0,,0,,0,,0,,0,,0,0,0,0,0,0,0,0,0,0
P0911-S03,114,IV. Balance sectorial,Sector Presidencia de la República,23,0,,0,,1,reporta,0,,0,,0,,0,,0,,0,0,0,0,0,0,0,0,0,0
P0912-S01,114,IV. Balance sectorial,Sector Presidencia de la República,11,0,,0,,0,,0,,0,,0,,0,,0,,0,0,0,0,0,0,0,0,0,0
P0912-S02,114,IV. Balance sectorial,Sector Presidencia de la República,38,0,,0,,0,,0,,0,,0,,0,,0,,0,0,0,0,0,0,0,0,0,0
P0913-S01,114,IV. Balance sectorial,Sector Presidencia de la República,21,0,,0,,0,,0,,0,,0,,0,,0,,0,0,0,0,0,0,0,0,0,0
P0913-S02,114,IV. Balance sectorial,Sector Presidencia de la República,15,0,,0,,0,,0,,0,,0,,0,,0,,0,0,0,0,0,0,0,0,0,0
P0914-S01,114,IV. Balance sectorial,Sector Presidencia de la República,21,0,,0,,0,,0,,0,,0,,0,,0,,0,0,0,0,0,0,0,0,0,0
P0914-S02,114,IV. Balance sectorial,Sector Presidencia de la República,31,0,,0,,0,,0,,0,,0,,0,,0,,0,0,0,0,0,0,0,0,0,0
P0914-S03,114,IV. Balance sectorial,Sector Presidencia de la República,32,0,,0,,0,,0,,0,,0,,0,,0,,0,0,0,0,0,0,0,0,0,0
P0915-S01,114,IV. Balance sectorial,Sector Presidencia de la República,51,0,,0,,0,,0,,0,,0,,2,fortalecer; proteger,0,,0,0,0,0,0,0,1,0,0,0
P0916-S01,114,IV. Balance sectorial,Sector Presidencia de la República,12,0,,0,,0,,1,recibimos,0,,0,,0,,0,,0,0,0,0,0,0,0,0,0,1
P0916-S02,114,IV. Balance sectorial,Sector Presidencia de la República,44,0,,0,,0,,0,,0,,0,,0,,1,riesgo,1,1,0,0,0,0,0,0,0,0
P0916-S03,114,IV. Balance sectorial,Sector Presidencia de la República,18,0,,0,,0,,0,,0,,0,,1,transparencia,0,,0,0,0,0,0,0,0,0,0,0
P0917-S01,115,IV. Balance sectorial,Sector Relaciones Exteriores,26,0,,0,,0,,0,,0,,0,,0,,0,,0,0,0,0,0,0,0,0,1,0
P0918-S01,115,IV. Balance sectorial,Sector Relaciones Exteriores,36,0,,0,,0,,0,,0,,0,,0,,0,,0,0,0,0,0,0,0,0,1,0
P0918-S02,115,IV. Balance sectorial,Sector Relaciones Exteriores,41,0,,0,,0,,0,,0,,0,,0,,0,,0,0,0,0,0,1,0,0,0,0
P0919-S01,115,IV. Balance sectorial,Sector Relaciones Exteriores,7,0,,0,,0,,0,,0,,0,,0,,0,,0,0,0,0,0,1,0,0,0,0
P0919-S02,115,IV. Balance sectorial,Sector Relaciones Exteriores,29,0,,0,,1,reporta,0,,0,,0,,0,,2,déficit; déficit,2,0,0,0,0,0,0,0,0,0
P0919-S03,115,IV. Balance sectorial,Sector Relaciones Exteriores,28,0,,1,tendría,0,,0,,0,,0,,0,,0,,0,0,0,0,0,0,0,0,0,0
P0919-S04,115,IV. Balance sectorial,Sector Relaciones Exteriores,10,0,,0,,0,,0,,0,,0,,0,,0,,0,0,0,0,0,0,0,0,0,0
P0920-S01,115,IV. Balance sectorial,Sector Relaciones Exteriores,6,0,,0,,0,,0,,0,,0,,0,,0,,0,0,0,0,0,0,0,0,0,0
P0920-S02,115,IV. Balance sectorial,Sector Relaciones Exteriores,47,0,,1,habrían,0,,0,,0,,0,,0,,0,,0,0,0,0,0,0,0,0,0,0
P0920-S03,115,IV. Balance sectorial,Sector Relaciones Exteriores,21,0,,0,,0,,0,,0,,0,,0,,0,,0,0,0,0,0,0,0,0,0,0
P0920-S04,115,IV. Balance sectorial,Sector Relaciones Exteriores,27,0,,0,,0,,0,,0,,0,,0,,0,,0,0,0,0,0,0,0,0,0,0
P0920-S05,115,IV. Balance sectorial,Sector Relaciones Exteriores,36,0,,2,aproximadamente; se estima,0,,0,,0,,0,,0,,0,,0,0,0,0,0,0,0,0,0,0
P0921-S01,115,IV. Balance sectorial,Sector Relaciones Exteriores,8,0,,0,,0,,0,,0,,0,,0,,1,riesgo,0,1,0,0,0,0,0,0,0,0
P0921-S02,115,IV. Balance sectorial,Sector Relaciones Exteriores,45,0,,0,,0,,0,,0,,0,,0,,0,,0,0,0,0,0,0,0,0,0,0
P0921-S03,115,IV. Balance sectorial,Sector Relaciones Exteriores,11,0,,0,,0,,0,,0,,0,,1,servicio,0,,0,0,0,0,0,0,0,0,0,0
P0921-S04,115,IV. Balance sectorial,Sector Relaciones Exteriores,1,0,,0,,0,,0,,0,,0,,0,,0,,0,0,0,0,0,0,0,0,0,0
P0924-S01,115,IV. Balance sectorial,Sector Relaciones Exteriores,4,0,,0,,0,,0,,0,,0,,0,,0,,0,0,0,0,0,0,0,0,0,0
P0925-S01,115,IV. Balance sectorial,Sector Relaciones Exteriores,31,0,,0,,0,,0,,0,,0,,0,,1,falla,0,0,1,0,0,0,0,0,1,0
P0926-S01,116,IV. Balance sectorial,Sector Relaciones Exteriores,6,0,,0,,0,,0,,0,,0,,0,,0,,0,0,0,0,0,0,0,0,0,0
P0926-S02,116,IV. Balance sectorial,Sector Relaciones Exteriores,26,0,,1,alrededor de,0,,0,,0,,0,,0,,0,,0,0,0,0,0,0,0,0,0,0
P0926-S03,116,IV. Balance sectorial,Sector Relaciones Exteriores,42,0,,0,,1,identificó,0,,0,,0,,0,,0,,0,0,0,0,0,0,0,0,0,0
P0926-S04,116,IV. Balance sectorial,Sector Relaciones Exteriores,21,0,,0,,0,,0,,0,,0,,0,,0,,0,0,0,0,0,0,0,0,0,0
P0927-S01,116,IV. Balance sectorial,Sector Relaciones Exteriores,9,0,,0,,0,,0,,0,,0,,0,,0,,0,0,0,0,0,0,0,0,0,0
P0927-S02,116,IV. Balance sectorial,Sector Relaciones Exteriores,42,0,,0,,1,registra,0,,0,,0,,0,,0,,0,0,0,0,0,0,0,0,0,0
P0928-S01,116,IV. Balance sectorial,Sector Relaciones Exteriores,27,0,,0,,0,,0,,0,,0,,0,,1,riesgos,0,1,0,0,0,0,0,0,0,0
P0928-S02,116,IV. Balance sectorial,Sector Relaciones Exteriores,13,0,,0,,0,,0,,0,,0,,0,,0,,0,0,0,0,0,0,0,0,0,0
P0929-S01,116,IV. Balance sectorial,Sector Relaciones Exteriores,7,0,,0,,0,,0,,0,,0,,0,,0,,0,0,0,0,0,0,0,0,0,0
P0929-S02,116,IV. Balance sectorial,Sector Relaciones Exteriores,54,0,,0,,0,,0,,0,,0,,1,servicio,0,,1,0,0,0,0,0,0,0,0,2
P0929-S03,116,IV. Balance sectorial,Sector Relaciones Exteriores,11,0,,0,,0,,0,,0,,0,,0,,0,,0,0,0,0,0,0,0,0,0,0
P0930-S01,117,IV. Balance sectorial,Sector Salud y Protección Social,10,0,,0,,0,,0,,0,,0,,0,,0,,0,0,0,0,0,0,0,0,0,0
P0930-S02,117,IV. Balance sectorial,Sector Salud y Protección Social,8,0,,0,,1,concluyó,0,,0,,0,,0,,0,,0,0,0,0,0,0,0,0,0,0
P0931-S01,117,IV. Balance sectorial,Sector Salud y Protección Social,28,0,,0,,0,,0,,0,,0,,0,,0,,0,0,0,0,0,0,0,0,0,0
P0931-S02,117,IV. Balance sectorial,Sector Salud y Protección Social,28,0,,0,,0,,0,,0,,0,,0,,0,,0,0,0,0,0,0,0,0,0,0
P0931-S03,117,IV. Balance sectorial,Sector Salud y Protección Social,43,0,,0,,0,,0,,0,,0,,1,servicio,0,,0,0,0,0,0,0,0,0,0,0
P0932-S01,117,IV. Balance sectorial,Sector Salud y Protección Social,5,0,,0,,0,,0,,0,,0,,0,,0,,0,0,0,0,0,0,0,0,0,0
P0932-S02,117,IV. Balance sectorial,Sector Salud y Protección Social,36,0,,0,,1,según,0,,0,,0,,0,,0,,0,0,0,0,0,0,0,0,0,0
P0932-S03,117,IV. Balance sectorial,Sector Salud y Protección Social,33,0,,0,,1,advirtió,0,,0,,0,,0,,0,,0,0,0,0,0,0,0,0,0,0
P0933-S01,117,IV. Balance sectorial,Sector Salud y Protección Social,48,0,,0,,0,,0,,0,,0,,0,,0,,0,0,1,0,0,0,0,0,0,0
P0934-S01,117,IV. Balance sectorial,Sector Salud y Protección Social,9,0,,0,,0,,0,,0,,0,,0,,2,deuda; crisis,1,0,0,0,0,0,0,0,0,0
P0934-S02,117,IV. Balance sectorial,Sector Salud y Protección Social,39,0,,0,,1,de acuerdo con,0,,0,,0,,0,,0,,0,0,0,0,0,1,0,0,0,0
P0934-S03,117,IV. Balance sectorial,Sector Salud y Protección Social,17,0,,0,,0,,0,,0,,0,,0,,0,,0,0,0,0,0,1,0,0,0,0
P0935-S01,117,IV. Balance sectorial,Sector Salud y Protección Social,24,0,,0,,0,,0,,0,,0,,0,,0,,0,0,0,0,0,1,0,0,0,0
P0935-S02,117,IV. Balance sectorial,Sector Salud y Protección Social,27,0,,0,,0,,0,,0,,0,,0,,0,,0,0,0,0,0,1,0,0,0,0
P0935-S03,117,IV. Balance sectorial,Sector Salud y Protección Social,33,0,,0,,0,,0,,0,,0,,0,,0,,0,0,0,0,0,1,0,0,0,0
P0938-S01,117,IV. Balance sectorial,Sector Salud y Protección Social,4,0,,0,,0,,0,,0,,0,,0,,0,,0,0,0,0,0,0,0,0,0,0
P0939-S01,117,IV. Balance sectorial,Sector Salud y Protección Social,27,0,,0,,0,,0,,0,,0,,0,,0,,0,0,0,0,0,1,0,0,0,0
P0939-S02,118,IV. Balance sectorial,Sector Salud y Protección Social,20,0,,0,,0,,0,,0,,0,,0,,0,,0,0,0,0,0,1,0,0,0,0
P0939-S03,118,IV. Balance sectorial,Sector Salud y Protección Social,28,0,,0,,0,,0,,0,,0,,0,,0,,0,0,0,0,0,1,0,0,0,0
P0940-S01,118,IV. Balance sectorial,Sector Salud y Protección Social,64,0,,0,,0,,0,,0,,0,,0,,0,,0,0,0,0,0,1,0,0,0,0
P0941-S01,118,IV. Balance sectorial,Sector Salud y Protección Social,43,0,,0,,0,,0,,0,,0,,0,,0,,0,0,0,0,0,0,0,0,0,0
P0941-S02,118,IV. Balance sectorial,Sector Salud y Protección Social,56,0,,0,,1,de acuerdo con,0,,0,,0,,0,,0,,0,0,0,0,0,0,0,0,0,0
P0941-S03,118,IV. Balance sectorial,Sector Salud y Protección Social,14,0,,0,,0,,0,,0,,0,,0,,0,,0,0,0,0,0,0,0,0,0,0
P0941-S04,118,IV. Balance sectorial,Sector Salud y Protección Social,34,0,,0,,0,,0,,0,,0,,0,,0,,0,0,0,0,0,0,0,0,0,0
P0941-S05,118,IV. Balance sectorial,Sector Salud y Protección Social,42,0,,0,,1,reconoció,0,,0,,0,,0,,0,,0,0,0,0,0,0,0,0,0,0
P0941-S06,118,IV. Balance sectorial,Sector Salud y Protección Social,16,0,,0,,0,,0,,0,,0,,0,,0,,0,0,0,0,0,0,0,0,1,0
P0942-S01,118,IV. Balance sectorial,Sector Salud y Protección Social,73,0,,0,,0,,0,,0,,1,produjeron,0,,0,,0,0,0,0,0,0,0,0,0,0
P0942-S02,118,IV. Balance sectorial,Sector Salud y Protección Social,18,0,,0,,0,,1,gobierno saliente,0,,0,,0,,0,,0,0,0,0,0,0,0,0,2,0
P0943-S01,118,IV. Balance sectorial,Sector Salud y Protección Social,7,1,confirma,0,,0,,0,,0,,0,,0,,1,deterioro,0,0,1,0,0,0,0,0,0,0
P0943-S02,118,IV. Balance sectorial,Sector Salud y Protección Social,19,0,,0,,0,,0,,0,,0,,0,,0,,0,0,0,0,0,0,0,0,0,0
P0943-S03,118,IV. Balance sectorial,Sector Salud y Protección Social,35,0,,0,,0,,0,,1,como consecuencia de,0,,0,,0,,0,0,1,0,0,0,0,0,0,0
P0943-S04,118,IV. Balance sectorial,Sector Salud y Protección Social,29,0,,1,riesgo de,0,,0,,0,,0,,0,,2,riesgo; riesgo,0,2,0,0,0,0,0,0,0,0
P0943-S05,118,IV. Balance sectorial,Sector Salud y Protección Social,21,0,,0,,0,,0,,0,,0,,0,,0,,1,0,0,0,0,0,0,0,0,0
P0944-S01,119,IV. Balance sectorial,Sector Salud y Protección Social,13,0,,0,,0,,0,,0,,0,,0,,0,,0,0,0,0,0,0,0,0,0,0
P0944-S02,119,IV. Balance sectorial,Sector Salud y Protección Social,59,0,,0,,0,,0,,0,,0,,1,garantizar,0,,0,0,0,0,0,0,0,0,0,0
P0944-S03,119,IV. Balance sectorial,Sector Salud y Protección Social,9,0,,0,,0,,1,improvisación,0,,0,,0,,1,improvisación,0,0,0,0,0,0,0,0,0,0
P0945-S01,120,IV. Balance sectorial,Sector Tecnologías de la Información y las Comunicaciones,35,0,,0,,0,,0,,0,,0,,0,,0,,0,0,0,0,0,0,0,0,0,0
P0945-S02,120,IV. Balance sectorial,Sector Tecnologías de la Información y las Comunicaciones,25,0,,0,,0,,0,,0,,0,,1,responsable,0,,0,0,0,0,0,0,0,0,0,0
P0946-S01,120,IV. Balance sectorial,Sector Tecnologías de la Información y las Comunicaciones,14,0,,0,,0,,0,,0,,0,,0,,0,,0,0,0,0,0,0,0,0,0,1
P0946-S02,120,IV. Balance sectorial,Sector Tecnologías de la Información y las Comunicaciones,21,0,,0,,0,,0,,0,,0,,0,,0,,0,0,0,0,0,0,0,0,0,0
P0946-S03,120,IV. Balance sectorial,Sector Tecnologías de la Información y las Comunicaciones,30,0,,0,,0,,0,,0,,0,,0,,0,,0,0,0,0,0,0,0,0,0,0
P0947-S01,120,IV. Balance sectorial,Sector Tecnologías de la Información y las Comunicaciones,61,0,,0,,0,,0,,0,,0,,1,calidad,0,,0,0,0,0,0,0,0,0,0,0
P0948-S01,120,IV. Balance sectorial,Sector Tecnologías de la Información y las Comunicaciones,37,0,,0,,0,,0,,0,,0,,0,,0,,0,0,0,0,0,0,1,0,0,0
P0948-S02,120,IV. Balance sectorial,Sector Tecnologías de la Información y las Comunicaciones,23,0,,0,,0,,0,,0,,0,,0,,0,,0,0,0,0,0,0,0,0,0,0
P0949-S01,120,IV. Balance sectorial,Sector Tecnologías de la Información y las Comunicaciones,13,0,,0,,0,,0,,0,,0,,1,garantizar,0,,0,0,0,0,0,0,0,0,0,0
P0950-S01,120,IV. Balance sectorial,Sector Tecnologías de la Información y las Comunicaciones,18,0,,0,,0,,0,,0,,0,,0,,0,,0,0,0,0,0,0,0,0,0,0
P0950-S02,120,IV. Balance sectorial,Sector Tecnologías de la Información y las Comunicaciones,18,0,,0,,1,encontramos,0,,0,,0,,0,,0,,0,0,0,0,0,0,0,0,0,1
P0950-S03,120,IV. Balance sectorial,Sector Tecnologías de la Información y las Comunicaciones,22,0,,0,,0,,0,,0,,0,,1,confianza,0,,0,0,0,0,0,0,0,0,1,0
P0950-S04,120,IV. Balance sectorial,Sector Tecnologías de la Información y las Comunicaciones,17,0,,0,,0,,0,,0,,0,,0,,0,,0,0,0,0,0,0,0,0,0,0
P0951-S01,120,IV. Balance sectorial,Sector Tecnologías de la Información y las Comunicaciones,38,0,,0,,0,,0,,0,,0,,2,transparente; cumplimiento,0,,0,0,0,0,1,0,0,0,0,0
P0951-S02,120,IV. Balance sectorial,Sector Tecnologías de la Información y las Comunicaciones,2,0,,0,,0,,0,,0,,0,,0,,0,,0,0,0,0,0,0,0,0,0,0
P0954-S01,120,IV. Balance sectorial,Sector Tecnologías de la Información y las Comunicaciones,3,0,,0,,0,,0,,0,,0,,0,,1,falla,0,0,1,0,0,0,0,0,0,0
P0955-S01,120,IV. Balance sectorial,Sector Tecnologías de la Información y las Comunicaciones,32,0,,0,,0,,0,,0,,0,,1,rigor,0,,0,0,0,0,0,0,0,0,0,0
P0956-S01,121,IV. Balance sectorial,Sector Tecnologías de la Información y las Comunicaciones,58,0,,0,,0,,0,,0,,0,,1,avance,0,,0,0,0,0,1,0,0,0,0,0
P0957-S01,121,IV. Balance sectorial,Sector Tecnologías de la Información y las Comunicaciones,41,1,verificables,0,,0,,0,,0,,0,,1,transparente,0,,0,0,0,0,0,0,0,0,1,1
P0958-S01,121,IV. Balance sectorial,Sector Tecnologías de la Información y las Comunicaciones,55,0,,0,,2,encontramos; registra,0,,0,,0,,0,,0,,0,0,0,0,0,0,0,0,0,2
P0959-S01,121,IV. Balance sectorial,Sector Tecnologías de la Información y las Comunicaciones,25,0,,0,,0,,0,,0,,0,,0,,0,,0,0,0,0,0,0,0,0,0,0
P0959-S02,121,IV. Balance sectorial,Sector Tecnologías de la Información y las Comunicaciones,35,0,,0,,1,encontramos,0,,0,,0,,1,transparencia,0,,0,0,0,0,0,0,0,0,0,1
P0960-S01,121,IV. Balance sectorial,Sector Tecnologías de la Información y las Comunicaciones,32,0,,0,,0,,0,,0,,0,,0,,0,,0,0,0,0,0,0,0,0,0,0
P0960-S02,121,IV. Balance sectorial,Sector Tecnologías de la Información y las Comunicaciones,22,1,verificable,0,,0,,0,,0,,0,,0,,0,,0,0,0,0,0,0,0,0,1,1
P0961-S01,121,IV. Balance sectorial,Sector Tecnologías de la Información y las Comunicaciones,7,0,,0,,0,,0,,0,,0,,0,,0,,0,0,0,0,0,0,0,0,0,0
P0961-S02,121,IV. Balance sectorial,Sector Tecnologías de la Información y las Comunicaciones,42,0,,0,,0,,0,,0,,0,,2,confianza; calidad,1,riesgo,0,1,0,0,0,0,0,0,1,1
P0961-S03,121,IV. Balance sectorial,Sector Tecnologías de la Información y las Comunicaciones,22,0,,0,,0,,0,,0,,0,,0,,0,,0,0,0,0,0,0,0,0,0,0
P0961-S04,121,IV. Balance sectorial,Sector Tecnologías de la Información y las Comunicaciones,39,0,,0,,0,,0,,0,,0,,0,,0,,0,0,0,0,0,0,0,0,2,0
P0962-S01,121,IV. Balance sectorial,Sector Tecnologías de la Información y las Comunicaciones,39,0,,0,,0,,0,,0,,0,,0,,0,,0,0,0,0,0,0,0,0,0,1
P0962-S02,121,IV. Balance sectorial,Sector Tecnologías de la Información y las Comunicaciones,46,0,,0,,0,,0,,0,,0,,0,,0,,0,0,0,0,0,0,0,0,0,0
P0963-S01,122,IV. Balance sectorial,Sector Tecnologías de la Información y las Comunicaciones,12,0,,0,,1,según,0,,0,,0,,0,,0,,0,0,0,0,0,0,0,0,0,0
P0963-S02,122,IV. Balance sectorial,Sector Tecnologías de la Información y las Comunicaciones,16,0,,0,,0,,0,,0,,0,,0,,0,,0,0,0,0,0,0,0,0,0,0
P0963-S03,122,IV. Balance sectorial,Sector Tecnologías de la Información y las Comunicaciones,11,0,,0,,0,,0,,0,,0,,0,,0,,0,0,0,0,0,0,0,0,0,0
P0964-S01,122,IV. Balance sectorial,Sector Tecnologías de la Información y las Comunicaciones,24,0,,1,podrían,1,identificaron,0,,1,resultado de,1,como resultado de,0,,2,graves; riesgos,0,1,0,0,0,0,0,0,1,0
P0964-S02,122,IV. Balance sectorial,Sector Tecnologías de la Información y las Comunicaciones,10,0,,0,,0,,0,,0,,1,llevaron a,0,,0,,0,0,0,0,0,0,0,0,0,0
P0965-S01,122,IV. Balance sectorial,Sector Tecnologías de la Información y las Comunicaciones,21,0,,0,,0,,0,,0,,0,,1,confianza,0,,0,0,0,0,0,0,0,0,1,1
P0965-S02,122,IV. Balance sectorial,Sector Tecnologías de la Información y las Comunicaciones,21,0,,0,,0,,0,,0,,0,,1,proteger,0,,0,0,0,0,0,0,1,0,0,0
P0966-S01,122,IV. Balance sectorial,Sector Tecnologías de la Información y las Comunicaciones,25,0,,0,,0,,0,,0,,0,,0,,0,,0,0,0,0,0,0,0,0,0,3
P0966-S02,122,IV. Balance sectorial,Sector Tecnologías de la Información y las Comunicaciones,39,0,,0,,0,,0,,0,,0,,1,calidad,0,,0,0,0,0,0,0,0,0,0,1
P0969-S01,123,IV. Balance sectorial,Sector Trabajo,4,0,,0,,0,,0,,0,,0,,0,,0,,0,0,0,0,0,0,0,0,0,0
P0970-S01,123,IV. Balance sectorial,Sector Trabajo,53,0,,0,,0,,0,,0,,0,,0,,0,,0,0,0,0,0,0,0,0,0,0
P0971-S01,123,IV. Balance sectorial,Sector Trabajo,90,0,,0,,0,,0,,1,resultado de,0,,0,,0,,0,0,0,0,0,0,0,0,0,0
P0971-S02,123,IV. Balance sectorial,Sector Trabajo,65,0,,0,,0,,0,,0,,0,,0,,0,,0,0,0,0,0,0,0,0,0,0
P0972-S01,123,IV. Balance sectorial,Sector Trabajo,72,0,,0,,0,,0,,0,,0,,0,,0,,0,0,0,0,0,0,0,0,0,0
P0973-S01,123,IV. Balance sectorial,Sector Trabajo,53,0,,0,,0,,0,,1,resultado de,0,,0,,1,ilegal,0,0,0,0,0,0,0,0,0,0
P0973-S02,123,IV. Balance sectorial,Sector Trabajo,45,0,,0,,1,evidencia,0,,1,resultado de,0,,0,,0,,0,0,0,0,0,0,0,0,0,0
P0974-S01,123,IV. Balance sectorial,Sector Trabajo,28,0,,0,,0,,0,,0,,0,,0,,0,,0,0,0,0,0,0,0,0,0,0
P0975-S01,124,IV. Balance sectorial,Sector Trabajo,49,0,,0,,1,según,0,,0,,0,,0,,0,,0,0,0,0,0,0,0,0,0,0
P0976-S01,124,IV. Balance sectorial,Sector Trabajo,8,0,,0,,0,,0,,0,,0,,0,,0,,0,0,0,0,0,0,0,0,0,0
P0976-S02,124,IV. Balance sectorial,Sector Trabajo,28,0,,0,,0,,0,,0,,0,,0,,0,,0,0,0,0,0,0,0,0,0,0
P0976-S03,124,IV. Balance sectorial,Sector Trabajo,9,0,,0,,0,,0,,0,,0,,0,,0,,0,0,0,0,0,0,0,0,0,0
P0976-S04,124,IV. Balance sectorial,Sector Trabajo,69,0,,0,,0,,0,,0,,0,,0,,0,,0,0,0,0,0,0,0,0,0,0
P0976-S05,124,IV. Balance sectorial,Sector Trabajo,10,1,verificable,0,,0,,0,,0,,0,,0,,0,,0,0,0,0,0,0,0,0,0,0
P0976-S06,124,IV. Balance sectorial,Sector Trabajo,26,0,,0,,0,,0,,0,,0,,0,,0,,0,0,0,0,0,0,0,0,0,0
P0977-S01,124,IV. Balance sectorial,Sector Trabajo,7,0,,0,,0,,0,,0,,0,,0,,0,,0,0,0,0,0,0,0,0,0,0
P0977-S02,124,IV. Balance sectorial,Sector Trabajo,41,0,,0,,1,reportó,0,,0,,0,,0,,1,pérdida,0,0,1,0,0,0,0,0,0,0
P0978-S01,124,IV. Balance sectorial,Sector Trabajo,33,1,nunca,0,,0,,0,,0,,0,,0,,0,,0,0,0,0,0,0,0,0,0,0
P0978-S02,124,IV. Balance sectorial,Sector Trabajo,24,0,,0,,0,,0,,0,,0,,0,,0,,0,0,0,0,0,0,0,0,1,1
P0979-S01,124,IV. Balance sectorial,Sector Trabajo,21,0,,0,,0,,0,,0,,0,,0,,0,,0,0,0,0,0,0,0,0,0,0
P0980-S01,124,IV. Balance sectorial,Sector Trabajo,18,0,,0,,0,,0,,0,,0,,0,,0,,0,0,0,0,0,0,0,0,0,0
P0980-S02,124,IV. Balance sectorial,Sector Trabajo,26,0,,0,,0,,0,,0,,0,,1,oportuno,0,,0,0,0,0,0,0,0,0,0,0
P0980-S03,124,IV. Balance sectorial,Sector Trabajo,28,0,,0,,1,identificó,0,,0,,0,,0,,0,,0,0,0,0,0,0,0,0,0,0
P0980-S04,124,IV. Balance sectorial,Sector Trabajo,16,0,,0,,0,,0,,0,,0,,0,,0,,0,0,0,0,0,0,0,0,1,0
P0981-S01,124,IV. Balance sectorial,Sector Trabajo,10,0,,0,,0,,0,,0,,0,,0,,0,,0,0,0,0,0,0,0,0,0,1
P0981-S02,124,IV. Balance sectorial,Sector Trabajo,18,0,,0,,0,,0,,0,,0,,1,servicio,0,,0,0,0,0,0,0,0,0,0,0
P0982-S01,124,IV. Balance sectorial,Sector Trabajo,19,0,,0,,0,,0,,0,,0,,0,,0,,0,0,0,0,0,0,0,0,0,0
P0982-S02,124,IV. Balance sectorial,Sector Trabajo,23,0,,1,cerca de,0,,0,,0,,0,,0,,0,,0,0,0,0,0,0,0,0,0,0
P0982-S03,125,IV. Balance sectorial,Sector Trabajo,13,0,,0,,0,,0,,0,,0,,0,,0,,0,0,0,0,0,0,0,0,0,0
P0983-S01,125,IV. Balance sectorial,Sector Trabajo,31,0,,0,,0,,0,,0,,0,,0,,0,,0,0,0,0,0,0,0,0,0,0
P0983-S02,125,IV. Balance sectorial,Sector Trabajo,47,0,,0,,0,,0,,0,,0,,0,,0,,0,0,0,0,0,0,0,1,0,0
P0983-S03,125,IV. Balance sectorial,Sector Trabajo,12,0,,0,,0,,0,,0,,0,,0,,0,,0,0,0,0,0,0,0,0,0,0
P0984-S01,126,IV. Balance sectorial,Sector Transporte,17,0,,0,,1,encontramos,0,,0,,0,,1,confianza,0,,0,0,0,0,0,0,0,0,1,1
P0984-S02,126,IV. Balance sectorial,Sector Transporte,25,0,,0,,0,,0,,0,,0,,0,,0,,0,0,0,0,0,0,0,0,1,1
P0985-S01,126,IV. Balance sectorial,Sector Transporte,9,0,,0,,0,,0,,0,,0,,0,,0,,0,0,0,0,0,0,0,0,0,0
P0985-S02,126,IV. Balance sectorial,Sector Transporte,13,0,,0,,0,,0,,0,,0,,0,,0,,0,0,0,0,0,0,0,0,0,0
P0985-S03,126,IV. Balance sectorial,Sector Transporte,13,0,,1,cerca de,0,,0,,0,,0,,0,,0,,0,0,0,0,0,0,0,0,0,0
P0985-S04,126,IV. Balance sectorial,Sector Transporte,8,0,,0,,0,,0,,0,,0,,0,,0,,0,0,0,0,0,0,0,0,0,0
P0986-S01,126,IV. Balance sectorial,Sector Transporte,11,0,,0,,0,,0,,0,,0,,0,,0,,0,0,0,0,0,0,0,0,0,0
P0986-S02,126,IV. Balance sectorial,Sector Transporte,13,0,,0,,0,,0,,0,,0,,0,,0,,0,0,0,0,0,0,0,0,0,0
P0986-S03,126,IV. Balance sectorial,Sector Transporte,22,0,,0,,0,,0,,0,,0,,0,,0,,0,0,0,0,0,0,0,0,0,0
P0987-S01,126,IV. Balance sectorial,Sector Transporte,8,0,,0,,1,encontramos,0,,0,,0,,1,confianza,1,deterioro,0,0,1,0,0,0,0,0,0,1
P0987-S02,126,IV. Balance sectorial,Sector Transporte,22,0,,0,,0,,0,,0,,0,,0,,0,,0,0,0,0,0,0,0,1,0,0
P0987-S03,126,IV. Balance sectorial,Sector Transporte,21,1,siempre,0,,0,,0,,0,,0,,1,garantizar,0,,0,0,0,0,0,0,0,0,0,0
P0988-S01,126,IV. Balance sectorial,Sector Transporte,30,0,,0,,0,,1,gobierno anterior,0,,0,,0,,0,,0,0,0,0,0,0,0,0,0,0
P0988-S02,126,IV. Balance sectorial,Sector Transporte,20,0,,0,,0,,0,,0,,0,,1,rigor,0,,0,0,0,0,0,0,0,0,1,1
P0989-S01,126,IV. Balance sectorial,Sector Transporte,9,0,,0,,0,,0,,0,,0,,1,confianza,0,,0,0,0,0,0,0,0,1,1,1
P0989-S02,126,IV. Balance sectorial,Sector Transporte,16,0,,0,,0,,0,,0,,0,,0,,0,,0,0,0,0,0,0,1,0,0,0
P0989-S03,126,IV. Balance sectorial,Sector Transporte,17,0,,0,,0,,0,,0,,0,,1,confianza,0,,0,0,0,0,0,0,0,0,0,0
P0990-S01,126,IV. Balance sectorial,Sector Transporte,6,0,,0,,0,,0,,0,,0,,0,,0,,0,0,0,0,0,0,0,0,0,0
P0990-S02,126,IV. Balance sectorial,Sector Transporte,27,0,,0,,0,,0,,0,,0,,1,mejora,0,,0,0,0,0,1,0,0,0,1,0
P0990-S03,126,IV. Balance sectorial,Sector Transporte,24,0,,0,,0,,0,,0,,0,,1,eficiente,0,,0,0,0,0,0,0,0,0,0,1
P0993-S01,126,IV. Balance sectorial,Sector Transporte,3,0,,0,,0,,0,,0,,0,,0,,0,,0,0,0,0,0,0,0,0,0,0
P0994-S01,126,IV. Balance sectorial,Sector Transporte,34,0,,0,,0,,0,,0,,0,,0,,0,,0,0,0,0,0,0,0,0,0,1
P0995-S01,127,IV. Balance sectorial,Sector Transporte,20,0,,0,,0,,0,,0,,0,,0,,0,,0,0,0,0,0,0,0,0,0,1
P0995-S02,127,IV. Balance sectorial,Sector Transporte,15,0,,0,,0,,0,,0,,0,,0,,0,,0,0,0,0,0,0,0,0,0,3
P0996-S01,127,IV. Balance sectorial,Sector Transporte,32,0,,0,,0,,0,,0,,0,,1,confianza,0,,0,0,0,0,0,0,0,1,0,0
P0997-S01,128,IV. Balance sectorial,"Sector Vivienda, Ciudad y Territorio",22,0,,0,,0,,0,,0,,0,,0,,0,,0,0,0,0,0,0,0,0,0,0
P0997-S02,128,IV. Balance sectorial,"Sector Vivienda, Ciudad y Territorio",37,0,,0,,0,,0,,0,,0,,1,calidad,0,,0,0,0,0,1,0,0,0,0,0
P0998-S01,128,IV. Balance sectorial,"Sector Vivienda, Ciudad y Territorio",8,0,,0,,0,,0,,0,,0,,0,,0,,0,0,0,0,0,0,0,0,0,0
P0999-S01,128,IV. Balance sectorial,"Sector Vivienda, Ciudad y Territorio",16,0,,0,,0,,0,,0,,0,,0,,0,,0,0,0,0,0,0,0,0,0,1
P0999-S02,128,IV. Balance sectorial,"Sector Vivienda, Ciudad y Territorio",7,0,,0,,0,,0,,0,,0,,0,,0,,0,0,0,0,0,0,0,0,0,0
P0999-S03,128,IV. Balance sectorial,"Sector Vivienda, Ciudad y Territorio",21,0,,0,,0,,0,,0,,0,,1,calidad,0,,0,0,0,0,0,0,0,0,0,0
P0999-S04,128,IV. Balance sectorial,"Sector Vivienda, Ciudad y Territorio",36,0,,0,,0,,0,,0,,0,,0,,0,,0,0,0,0,0,0,0,0,0,0
P1000-S01,128,IV. Balance sectorial,"Sector Vivienda, Ciudad y Territorio",13,0,,0,,0,,0,,0,,0,,0,,0,,0,0,0,0,0,0,0,0,0,1
P1000-S02,128,IV. Balance sectorial,"Sector Vivienda, Ciudad y Territorio",37,0,,0,,1,según,0,,0,,0,,0,,0,,0,0,0,0,0,0,0,0,0,0
P1000-S03,128,IV. Balance sectorial,"Sector Vivienda, Ciudad y Territorio",35,0,,0,,0,,0,,0,,0,,0,,0,,0,0,0,0,0,0,0,0,0,0
P1001-S01,128,IV. Balance sectorial,"Sector Vivienda, Ciudad y Territorio",47,0,,0,,0,,0,,0,,0,,0,,0,,0,0,0,0,0,0,0,0,0,0
P1001-S02,128,IV. Balance sectorial,"Sector Vivienda, Ciudad y Territorio",41,0,,0,,1,evidencia,0,,0,,0,,1,fortalecer,0,,0,0,0,0,0,0,0,0,0,0
P1002-S01,128,IV. Balance sectorial,"Sector Vivienda, Ciudad y Territorio",12,0,,0,,0,,0,,0,,0,,0,,0,,0,0,0,0,0,0,0,0,0,0
P1003-S01,128,IV. Balance sectorial,"Sector Vivienda, Ciudad y Territorio",14,0,,0,,0,,0,,0,,0,,0,,0,,0,0,0,0,0,0,0,0,0,0
P1006-S01,128,IV. Balance sectorial,"Sector Vivienda, Ciudad y Territorio",4,0,,0,,0,,0,,0,,0,,0,,0,,0,0,0,0,0,0,0,0,0,0
P1007-S01,128,IV. Balance sectorial,"Sector Vivienda, Ciudad y Territorio",39,0,,0,,0,,0,,0,,0,,2,servicio; responsable,0,,0,0,0,0,0,0,0,0,0,0
P1007-S02,129,IV. Balance sectorial,"Sector Vivienda, Ciudad y Territorio",50,1,siempre,0,,0,,0,,0,,0,,1,garantizar,0,,0,0,0,0,0,0,0,0,0,0
P1008-S01,129,IV. Balance sectorial,"Sector Vivienda, Ciudad y Territorio",16,0,,0,,0,,0,,0,,0,,0,,0,,0,0,0,0,0,0,0,0,0,0
P1009-S01,129,IV. Balance sectorial,"Sector Vivienda, Ciudad y Territorio",15,0,,0,,0,,0,,0,,0,,0,,0,,0,0,0,0,0,0,0,0,0,0
P1009-S02,129,IV. Balance sectorial,"Sector Vivienda, Ciudad y Territorio",77,0,,0,,1,encontramos,0,,0,,0,,1,transparencia,0,,0,0,0,0,0,0,0,0,0,1
P1009-S03,129,IV. Balance sectorial,"Sector Vivienda, Ciudad y Territorio",36,1,verificables,0,,0,,0,,0,,0,,1,confianza,0,,0,0,0,0,0,0,0,0,0,0
P1010-S01,129,IV. Balance sectorial,"Sector Vivienda, Ciudad y Territorio",12,0,,0,,0,,0,,0,,0,,0,,0,,0,0,0,0,0,0,0,0,0,0
P1010-S02,129,IV. Balance sectorial,"Sector Vivienda, Ciudad y Territorio",20,0,,0,,0,,0,,0,,0,,2,transparencia; eficiencia,0,,0,0,0,0,1,0,0,0,0,0
P1010-S03,129,IV. Balance sectorial,"Sector Vivienda, Ciudad y Territorio",56,0,,0,,0,,0,,0,,0,,1,confianza,0,,0,0,0,0,0,0,0,0,1,0
P1011-S01,129,IV. Balance sectorial,"Sector Vivienda, Ciudad y Territorio",90,0,,0,,0,,0,,0,,0,,1,fortalecer,0,,0,0,0,0,0,0,0,0,0,0
P1012-S01,129,IV. Balance sectorial,"Sector Vivienda, Ciudad y Territorio",7,0,,0,,0,,0,,0,,0,,0,,0,,0,0,0,0,0,0,0,0,0,0
P1012-S02,129,IV. Balance sectorial,"Sector Vivienda, Ciudad y Territorio",16,0,,0,,0,,0,,0,,0,,0,,0,,0,0,0,0,0,0,0,0,0,0
P1012-S03,129,IV. Balance sectorial,"Sector Vivienda, Ciudad y Territorio",32,0,,0,,0,,0,,0,,0,,3,calidad; responsable; confianza,0,,0,0,0,0,0,0,0,0,0,0
P1013-S01,130,IV. Balance sectorial,"Sector Vivienda, Ciudad y Territorio",14,0,,0,,0,,0,,0,,0,,1,confianza,0,,0,0,0,0,0,0,0,0,0,1
P1013-S02,130,IV. Balance sectorial,"Sector Vivienda, Ciudad y Territorio",2,0,,0,,0,,0,,0,,0,,0,,0,,0,0,0,0,0,0,0,0,0,0
P1013-S03,130,IV. Balance sectorial,"Sector Vivienda, Ciudad y Territorio",7,0,,0,,0,,0,,0,,0,,0,,0,,0,0,0,0,0,0,0,0,0,0
P1014-S01,130,IV. Balance sectorial,"Sector Vivienda, Ciudad y Territorio",24,0,,0,,0,,0,,0,,0,,0,,0,,0,0,0,0,0,0,0,0,0,0
P1014-S02,130,IV. Balance sectorial,"Sector Vivienda, Ciudad y Territorio",36,1,siempre,0,,0,,0,,0,,0,,1,confianza,0,,0,0,0,0,0,0,0,0,0,0
P1015-S01,130,IV. Balance sectorial,"Sector Vivienda, Ciudad y Territorio",39,0,,0,,0,,0,,0,,0,,1,transparencia,0,,0,0,0,0,0,0,0,0,0,0
P1016-S01,130,IV. Balance sectorial,"Sector Vivienda, Ciudad y Territorio",14,1,siempre,0,,0,,0,,0,,0,,0,,0,,0,0,0,0,0,0,0,0,0,0
P1022-S01,132,V. Principios de Gobierno de la Patria Milagro,Introducción del capítulo,69,0,,0,,1,documentaron,0,,0,,0,,0,,2,discrecionalidad; corrupción,0,0,0,1,0,0,0,1,0,0
P1022-S02,132,V. Principios de Gobierno de la Patria Milagro,Introducción del capítulo,9,0,,0,,0,,0,,0,,0,,0,,0,,0,0,0,0,0,0,0,0,0,0
P1022-S03,132,V. Principios de Gobierno de la Patria Milagro,Introducción del capítulo,9,0,,0,,0,,0,,0,,0,,0,,0,,0,0,0,0,0,0,0,0,0,0
P1023-S01,132,V. Principios de Gobierno de la Patria Milagro,Introducción del capítulo,20,0,,0,,0,,0,,0,,0,,0,,0,,0,0,0,0,0,0,0,1,0,0
P1023-S02,132,V. Principios de Gobierno de la Patria Milagro,Introducción del capítulo,51,0,,0,,0,,0,,0,,0,,0,,0,,0,0,0,0,0,0,0,1,0,0
P1023-S03,132,V. Principios de Gobierno de la Patria Milagro,Introducción del capítulo,30,0,,0,,0,,0,,0,,0,,0,,1,falla,0,0,1,0,0,0,0,1,0,0
P1025-S01,132,V. Principios de Gobierno de la Patria Milagro,De los valores presidenciales a los principios de gobierno,29,0,,0,,0,,0,,0,,0,,0,,0,,0,0,0,0,0,0,0,1,0,0
P1025-S02,132,V. Principios de Gobierno de la Patria Milagro,De los valores presidenciales a los principios de gobierno,53,0,,0,,0,,0,,0,,0,,1,honestidad,1,corrupción,0,0,0,1,0,0,1,0,0,0
P1026-S01,132,V. Principios de Gobierno de la Patria Milagro,De los valores presidenciales a los principios de gobierno,105,0,,0,,0,,0,,0,,0,,4,legítima; proteger; honesto; eficiente,1,corrupción,0,0,0,1,0,0,1,0,0,0
P1027-S01,132,V. Principios de Gobierno de la Patria Milagro,De los valores presidenciales a los principios de gobierno,54,0,,0,,0,,0,,0,,0,,3,transparencia; legítima; servicio,0,,0,0,0,0,0,0,0,1,0,0
P1031-S01,133,V. Principios de Gobierno de la Patria Milagro,Los principios rectores frente a los comportamientos críticos,34,0,,0,,0,,0,,0,,0,,0,,1,fallas,0,0,1,0,0,0,0,2,0,0
P1032-S01,133,V. Principios de Gobierno de la Patria Milagro,Los principios rectores frente a los comportamientos críticos,11,0,,0,,0,,0,,0,,0,,1,rigor,1,destrucción,0,0,0,0,0,0,0,0,0,0
P1033-S01,133,V. Principios de Gobierno de la Patria Milagro,Los principios rectores frente a los comportamientos críticos,25,1,verificable,0,,0,,0,,0,,0,,0,,0,,0,0,0,0,0,0,0,0,0,0
P1033-S02,133,V. Principios de Gobierno de la Patria Milagro,Los principios rectores frente a los comportamientos críticos,56,0,,0,,0,,0,,0,,0,,1,servicio,0,,0,0,0,0,0,0,0,1,0,0
P1034-S01,133,V. Principios de Gobierno de la Patria Milagro,Los principios rectores frente a los comportamientos críticos,13,0,,0,,0,,0,,0,,0,,1,transparencia,1,opacidad,0,0,0,0,0,0,0,0,0,0
P1035-S01,133,V. Principios de Gobierno de la Patria Milagro,Los principios rectores frente a los comportamientos críticos,31,0,,0,,0,,0,,0,,0,,0,,0,,0,0,0,0,0,0,0,0,0,0
P1035-S02,133,V. Principios de Gobierno de la Patria Milagro,Los principios rectores frente a los comportamientos críticos,28,0,,0,,0,,0,,0,,0,,0,,0,,0,0,0,0,0,0,0,1,0,0
P1036-S01,133,V. Principios de Gobierno de la Patria Milagro,Los principios rectores frente a los comportamientos críticos,7,0,,0,,0,,0,,0,,0,,0,,1,parálisis,0,0,1,0,0,0,0,0,0,0
P1037-S01,133,V. Principios de Gobierno de la Patria Milagro,Los principios rectores frente a los comportamientos críticos,13,0,,0,,0,,0,,0,,0,,0,,0,,0,0,0,0,0,0,0,0,0,0
P1037-S02,133,V. Principios de Gobierno de la Patria Milagro,Los principios rectores frente a los comportamientos críticos,38,0,,0,,0,,1,heredado,0,,0,,0,,0,,0,0,0,0,0,0,0,0,0,0
P1038-S01,133,V. Principios de Gobierno de la Patria Milagro,Los principios rectores frente a los comportamientos críticos,13,0,,0,,0,,1,captura,0,,0,,1,legítima,1,captura,0,0,0,0,0,0,0,0,0,0
P1039-S01,133,V. Principios de Gobierno de la Patria Milagro,Los principios rectores frente a los comportamientos críticos,36,0,,0,,0,,0,,0,,0,,0,,0,,0,0,0,0,0,0,0,1,0,0
P1040-S01,133,V. Principios de Gobierno de la Patria Milagro,Los principios rectores frente a los comportamientos críticos,9,0,,0,,0,,0,,0,,0,,0,,1,riesgo,0,1,0,0,0,1,0,0,0,0
P1041-S01,133,V. Principios de Gobierno de la Patria Milagro,Los principios rectores frente a los comportamientos críticos,39,0,,0,,0,,0,,0,,0,,0,,0,,0,0,0,0,0,0,0,1,0,0
P1042-S01,134,V. Principios de Gobierno de la Patria Milagro,Los principios rectores frente a los comportamientos críticos,5,0,,0,,0,,0,,0,,0,,0,,0,,0,0,0,0,0,0,0,0,0,0
P1042-S02,134,V. Principios de Gobierno de la Patria Milagro,Los principios rectores frente a los comportamientos críticos,7,0,,0,,0,,0,,0,,0,,0,,1,pérdida,0,0,1,0,0,0,1,0,0,0
P1043-S01,134,V. Principios de Gobierno de la Patria Milagro,Los principios rectores frente a los comportamientos críticos,18,1,verificable,0,,0,,0,,0,,0,,0,,0,,0,0,0,0,0,0,0,0,0,0
P1044-S01,134,V. Principios de Gobierno de la Patria Milagro,Los principios rectores frente a los comportamientos críticos,15,0,,0,,0,,0,,0,,0,,0,,1,fracaso,0,0,1,0,0,0,0,0,0,0
P1045-S01,134,V. Principios de Gobierno de la Patria Milagro,Los principios rectores frente a los comportamientos críticos,30,0,,0,,0,,0,,0,,0,,0,,0,,0,0,0,0,0,0,0,0,0,0
P1046-S01,134,V. Principios de Gobierno de la Patria Milagro,Los principios rectores frente a los comportamientos críticos,9,0,,0,,0,,0,,0,,0,,0,,0,,0,0,0,0,0,0,0,0,0,0
P1047-S01,134,V. Principios de Gobierno de la Patria Milagro,Los principios rectores frente a los comportamientos críticos,25,0,,0,,0,,0,,0,,0,,0,,0,,0,0,0,0,0,0,0,0,2,0
P1047-S02,134,V. Principios de Gobierno de la Patria Milagro,Los principios rectores frente a los comportamientos críticos,37,0,,0,,0,,0,,0,,0,,0,,0,,0,0,0,0,0,0,0,1,0,0
P1049-S01,134,V. Principios de Gobierno de la Patria Milagro,Síntesis: un gobierno que corrige desde sus principios,11,0,,0,,0,,0,,0,,0,,0,,0,,0,0,0,0,0,0,0,0,0,0
P1050-S01,134,V. Principios de Gobierno de la Patria Milagro,Síntesis: un gobierno que corrige desde sus principios,24,0,,0,,1,identificaron,0,,0,,0,,0,,1,corrupción,0,0,0,1,0,0,0,0,0,0
P1050-S02,134,V. Principios de Gobierno de la Patria Milagro,Síntesis: un gobierno que corrige desde sus principios,9,0,,0,,0,,0,,0,,0,,1,rigor,0,,0,0,0,0,0,0,0,0,0,0
P1050-S03,134,V. Principios de Gobierno de la Patria Milagro,Síntesis: un gobierno que corrige desde sus principios,11,0,,0,,0,,0,,0,,0,,1,servicio,0,,1,0,0,0,0,0,0,1,0,0
P1050-S04,134,V. Principios de Gobierno de la Patria Milagro,Síntesis: un gobierno que corrige desde sus principios,9,0,,0,,0,,0,,0,,0,,0,,0,,0,0,0,0,0,0,0,0,0,0
P1050-S05,134,V. Principios de Gobierno de la Patria Milagro,Síntesis: un gobierno que corrige desde sus principios,11,0,,0,,0,,0,,0,,0,,0,,0,,0,0,0,0,0,0,0,0,0,0
P1051-S01,134,V. Principios de Gobierno de la Patria Milagro,Síntesis: un gobierno que corrige desde sus principios,9,0,,0,,0,,0,,0,,0,,1,legítima,0,,0,0,0,0,0,0,0,0,0,0
P1051-S02,134,V. Principios de Gobierno de la Patria Milagro,Síntesis: un gobierno que corrige desde sus principios,15,0,,0,,0,,0,,0,,0,,0,,1,riesgo,0,1,0,0,0,0,0,0,0,0
P1051-S03,134,V. Principios de Gobierno de la Patria Milagro,Síntesis: un gobierno que corrige desde sus principios,12,0,,0,,0,,0,,0,,0,,0,,0,,0,0,0,0,0,0,0,0,0,0
P1051-S04,134,V. Principios de Gobierno de la Patria Milagro,Síntesis: un gobierno que corrige desde sus principios,8,0,,0,,0,,0,,0,,0,,0,,0,,0,0,0,0,0,0,0,0,0,0
P1051-S05,134,V. Principios de Gobierno de la Patria Milagro,Síntesis: un gobierno que corrige desde sus principios,12,0,,0,,0,,0,,0,,0,,0,,0,,0,0,0,0,0,0,0,0,0,0
P1052-S01,134,V. Principios de Gobierno de la Patria Milagro,Síntesis: un gobierno que corrige desde sus principios,56,0,,0,,1,documentó,0,,0,,0,,1,servicio,0,,0,0,0,0,0,0,0,2,0,0
P1054-S01,135,V. Principios de Gobierno de la Patria Milagro,Firmas,4,0,,0,,0,,0,,0,,0,,0,,0,,0,0,0,0,0,0,0,0,0,1
P1054-S02,135,V. Principios de Gobierno de la Patria Milagro,Firmas,2,0,,0,,0,,0,,0,,0,,0,,0,,0,0,0,0,0,0,0,0,0,0
P1056-S01,135,V. Principios de Gobierno de la Patria Milagro,Firmas,6,0,,0,,0,,0,,0,,0,,0,,0,,0,0,0,0,0,0,0,0,0,0
