chapter,section,term,tfidf
0. Preliminares,Carta de Presentación A los colombianos:,gobernar,0.1938
0. Preliminares,Carta de Presentación A los colombianos:,justicia,0.1857
0. Preliminares,Carta de Presentación A los colombianos:,hecho,0.1793
0. Preliminares,Carta de Presentación A los colombianos:,servir,0.1564
0. Preliminares,Carta de Presentación A los colombianos:,finanza,0.1564
0. Preliminares,Carta de Presentación A los colombianos:,corrupción,0.1404
0. Preliminares,Carta de Presentación A los colombianos:,república,0.1368
0. Preliminares,Carta de Presentación A los colombianos:,libro,0.1318
0. Preliminares,Carta de Presentación A los colombianos:,ejercer,0.1318
0. Preliminares,Carta de Presentación A los colombianos:,confianza,0.1234
0. Preliminares,Carta de Presentación A los colombianos:,futuro,0.1164
0. Preliminares,Carta de Presentación A los colombianos:,patrimonio,0.1164
0. Preliminares,Carta de Presentación A los colombianos:,corresponder,0.1051
0. Preliminares,Carta de Presentación A los colombianos:,competente,0.1051
0. Preliminares,Carta de Presentación A los colombianos:,rigurosidad,0.105
0. Preliminares,PRESENTACIÓN DEL LIBRO DE LA VERDAD,capítulo,0.1837
0. Preliminares,PRESENTACIÓN DEL LIBRO DE LA VERDAD,verdad,0.1741
0. Preliminares,PRESENTACIÓN DEL LIBRO DE LA VERDAD,libro,0.1569
0. Preliminares,PRESENTACIÓN DEL LIBRO DE LA VERDAD,manejar,0.1373
0. Preliminares,PRESENTACIÓN DEL LIBRO DE LA VERDAD,anticorrupción,0.1362
0. Preliminares,PRESENTACIÓN DEL LIBRO DE LA VERDAD,estándar,0.1208
0. Preliminares,PRESENTACIÓN DEL LIBRO DE LA VERDAD,balance,0.1208
0. Preliminares,PRESENTACIÓN DEL LIBRO DE LA VERDAD,gobernar,0.1208
0. Preliminares,PRESENTACIÓN DEL LIBRO DE LA VERDAD,verificable,0.1202
0. Preliminares,PRESENTACIÓN DEL LIBRO DE LA VERDAD,fin,0.1149
0. Preliminares,PRESENTACIÓN DEL LIBRO DE LA VERDAD,ejercicio,0.1118
0. Preliminares,PRESENTACIÓN DEL LIBRO DE LA VERDAD,dirigir,0.1099
0. Preliminares,PRESENTACIÓN DEL LIBRO DE LA VERDAD,fuente,0.1057
0. Preliminares,PRESENTACIÓN DEL LIBRO DE LA VERDAD,principio,0.1057
0. Preliminares,PRESENTACIÓN DEL LIBRO DE LA VERDAD,milagro,0.1056
I. Proceso metodológico del empalme,Portadilla del capítulo,gubernamental,0.2546
I. Proceso metodológico del empalme,Portadilla del capítulo,utilizar,0.2546
I. Proceso metodológico del empalme,Portadilla del capítulo,citado,0.2546
I. Proceso metodológico del empalme,Portadilla del capítulo,siif,0.2546
I. Proceso metodológico del empalme,Portadilla del capítulo,individual,0.224
I. Proceso metodológico del empalme,Portadilla del capítulo,determinar,0.213
I. Proceso metodológico del empalme,Portadilla del capítulo,término,0.2038
I. Proceso metodológico del empalme,Portadilla del capítulo,documentación,0.1887
I. Proceso metodológico del empalme,Portadilla del capítulo,interno,0.1824
I. Proceso metodológico del empalme,Portadilla del capítulo,caso,0.1787
I. Proceso metodológico del empalme,Portadilla del capítulo,propósito,0.1715
I. Proceso metodológico del empalme,Portadilla del capítulo,transición,0.1715
I. Proceso metodológico del empalme,Portadilla del capítulo,informe,0.1667
I. Proceso metodológico del empalme,Portadilla del capítulo,documento,0.1667
I. Proceso metodológico del empalme,Portadilla del capítulo,hecho,0.1667
I. Proceso metodológico del empalme,Introducción del capítulo,sensible,0.2322
I. Proceso metodológico del empalme,Introducción del capítulo,simultáneamente,0.1714
I. Proceso metodológico del empalme,Introducción del capítulo,explícito,0.1714
I. Proceso metodológico del empalme,Introducción del capítulo,recuperación,0.1714
I. Proceso metodológico del empalme,Introducción del capítulo,muestra,0.1714
I. Proceso metodológico del empalme,Introducción del capítulo,arca,0.1714
I. Proceso metodológico del empalme,Introducción del capítulo,rumbo,0.1714
I. Proceso metodológico del empalme,Introducción del capítulo,ejercicio,0.1677
I. Proceso metodológico del empalme,Introducción del capítulo,atravesar,0.1598
I. Proceso metodológico del empalme,Introducción del capítulo,despacho,0.1598
I. Proceso metodológico del empalme,Introducción del capítulo,concebir,0.1598
I. Proceso metodológico del empalme,Introducción del capítulo,historia,0.1507
I. Proceso metodológico del empalme,Introducción del capítulo,naturaleza,0.1507
I. Proceso metodológico del empalme,Introducción del capítulo,precisar,0.1507
I. Proceso metodológico del empalme,Introducción del capítulo,leer,0.1507
I. Proceso metodológico del empalme,Gente: La voluntad ciudadana que sostuvo el empalme,voluntario,0.2574
I. Proceso metodológico del empalme,Gente: La voluntad ciudadana que sostuvo el empalme,anticorrupción,0.1669
I. Proceso metodológico del empalme,Gente: La voluntad ciudadana que sostuvo el empalme,colectivo,0.1379
I. Proceso metodológico del empalme,Gente: La voluntad ciudadana que sostuvo el empalme,ejercicio,0.1318
I. Proceso metodológico del empalme,Gente: La voluntad ciudadana que sostuvo el empalme,trabajo,0.1314
I. Proceso metodológico del empalme,Gente: La voluntad ciudadana que sostuvo el empalme,especializado,0.1301
I. Proceso metodológico del empalme,Gente: La voluntad ciudadana que sostuvo el empalme,comité,0.1301
I. Proceso metodológico del empalme,Gente: La voluntad ciudadana que sostuvo el empalme,carácter,0.1238
I. Proceso metodológico del empalme,Gente: La voluntad ciudadana que sostuvo el empalme,metodología,0.1235
I. Proceso metodológico del empalme,Gente: La voluntad ciudadana que sostuvo el empalme,inteligencia,0.1184
I. Proceso metodológico del empalme,Gente: La voluntad ciudadana que sostuvo el empalme,persona,0.1163
I. Proceso metodológico del empalme,Gente: La voluntad ciudadana que sostuvo el empalme,operativa,0.1138
I. Proceso metodológico del empalme,Gente: La voluntad ciudadana que sostuvo el empalme,construcción,0.106
I. Proceso metodológico del empalme,Gente: La voluntad ciudadana que sostuvo el empalme,plataforma,0.1027
I. Proceso metodológico del empalme,Gente: La voluntad ciudadana que sostuvo el empalme,región,0.0996
I. Proceso metodológico del empalme,Tecnología: La inteligencia artificial como garantía de escala y rigor,inteligencia,0.2256
I. Proceso metodológico del empalme,Tecnología: La inteligencia artificial como garantía de escala y rigor,artificial,0.2256
I. Proceso metodológico del empalme,Tecnología: La inteligencia artificial como garantía de escala y rigor,herramienta,0.1847
I. Proceso metodológico del empalme,Tecnología: La inteligencia artificial como garantía de escala y rigor,explícito,0.1829
I. Proceso metodológico del empalme,Tecnología: La inteligencia artificial como garantía de escala y rigor,auxiliar,0.1829
I. Proceso metodológico del empalme,Tecnología: La inteligencia artificial como garantía de escala y rigor,consolidación,0.1829
I. Proceso metodológico del empalme,Tecnología: La inteligencia artificial como garantía de escala y rigor,lineamiento,0.1829
I. Proceso metodológico del empalme,Tecnología: La inteligencia artificial como garantía de escala y rigor,instrumento,0.1815
I. Proceso metodológico del empalme,Tecnología: La inteligencia artificial como garantía de escala y rigor,digital,0.1743
I. Proceso metodológico del empalme,Tecnología: La inteligencia artificial como garantía de escala y rigor,plataforma,0.1573
I. Proceso metodológico del empalme,Tecnología: La inteligencia artificial como garantía de escala y rigor,metodología,0.1527
I. Proceso metodológico del empalme,Tecnología: La inteligencia artificial como garantía de escala y rigor,transversal,0.1464
I. Proceso metodológico del empalme,Tecnología: La inteligencia artificial como garantía de escala y rigor,incorporar,0.1407
I. Proceso metodológico del empalme,Tecnología: La inteligencia artificial como garantía de escala y rigor,operativa,0.1407
I. Proceso metodológico del empalme,Tecnología: La inteligencia artificial como garantía de escala y rigor,organización,0.1356
I. Proceso metodológico del empalme,Proceso: La arquitectura metodológica,consolidación,0.193
I. Proceso metodológico del empalme,Proceso: La arquitectura metodológica,comprensión,0.1799
I. Proceso metodológico del empalme,Proceso: La arquitectura metodológica,construido,0.1799
I. Proceso metodológico del empalme,Proceso: La arquitectura metodológica,validación,0.1572
I. Proceso metodológico del empalme,Proceso: La arquitectura metodológica,línea,0.1557
I. Proceso metodológico del empalme,Proceso: La arquitectura metodológica,verdad,0.1484
I. Proceso metodológico del empalme,Proceso: La arquitectura metodológica,metodológico,0.1452
I. Proceso metodológico del empalme,Proceso: La arquitectura metodológica,operativo,0.1437
I. Proceso metodológico del empalme,Proceso: La arquitectura metodológica,libro,0.1431
I. Proceso metodológico del empalme,Proceso: La arquitectura metodológica,funcional,0.137
I. Proceso metodológico del empalme,Proceso: La arquitectura metodológica,banco,0.137
I. Proceso metodológico del empalme,Proceso: La arquitectura metodológica,especializado,0.137
I. Proceso metodológico del empalme,Proceso: La arquitectura metodológica,instalación,0.1303
I. Proceso metodológico del empalme,Proceso: La arquitectura metodológica,metodología,0.13
I. Proceso metodológico del empalme,Proceso: La arquitectura metodológica,organización,0.1154
I. Proceso metodológico del empalme,Notas aclaratorias: Los límites que le dan credibilidad al ejercicio,funcional,0.2305
I. Proceso metodológico del empalme,Notas aclaratorias: Los límites que le dan credibilidad al ejercicio,formal,0.2193
I. Proceso metodológico del empalme,Notas aclaratorias: Los límites que le dan credibilidad al ejercicio,constituir,0.2069
I. Proceso metodológico del empalme,Notas aclaratorias: Los límites que le dan credibilidad al ejercicio,manejar,0.1548
I. Proceso metodológico del empalme,Notas aclaratorias: Los límites que le dan credibilidad al ejercicio,desarrollado,0.1548
I. Proceso metodológico del empalme,Notas aclaratorias: Los límites que le dan credibilidad al ejercicio,guardar,0.1548
I. Proceso metodológico del empalme,Notas aclaratorias: Los límites que le dan credibilidad al ejercicio,carencia,0.1548
I. Proceso metodológico del empalme,Notas aclaratorias: Los límites que le dan credibilidad al ejercicio,organizado,0.1548
I. Proceso metodológico del empalme,Notas aclaratorias: Los límites que le dan credibilidad al ejercicio,intensidad,0.1548
I. Proceso metodológico del empalme,Notas aclaratorias: Los límites que le dan credibilidad al ejercicio,suficiencia,0.1548
I. Proceso metodológico del empalme,Notas aclaratorias: Los límites que le dan credibilidad al ejercicio,razonablemente,0.1548
I. Proceso metodológico del empalme,Notas aclaratorias: Los límites que le dan credibilidad al ejercicio,proporcionalidad,0.1443
I. Proceso metodológico del empalme,Notas aclaratorias: Los límites que le dan credibilidad al ejercicio,comprender,0.1443
I. Proceso metodológico del empalme,Notas aclaratorias: Los límites que le dan credibilidad al ejercicio,agotamiento,0.1443
I. Proceso metodológico del empalme,Notas aclaratorias: Los límites que le dan credibilidad al ejercicio,comprensión,0.1443
II. Comportamientos críticos nocivos para el Estado,Introducción del capítulo,comportamiento,0.2489
II. Comportamientos críticos nocivos para el Estado,Introducción del capítulo,práctica,0.2124
II. Comportamientos críticos nocivos para el Estado,Introducción del capítulo,transversal,0.2037
II. Comportamientos críticos nocivos para el Estado,Introducción del capítulo,capítulo,0.1957
II. Comportamientos críticos nocivos para el Estado,Introducción del capítulo,patrón,0.1666
II. Comportamientos críticos nocivos para el Estado,Introducción del capítulo,haber,0.158
II. Comportamientos críticos nocivos para el Estado,Introducción del capítulo,forma,0.1505
II. Comportamientos críticos nocivos para el Estado,Introducción del capítulo,organizado,0.1503
II. Comportamientos críticos nocivos para el Estado,Introducción del capítulo,restringido,0.1503
II. Comportamientos críticos nocivos para el Estado,Introducción del capítulo,condicionar,0.1503
II. Comportamientos críticos nocivos para el Estado,Introducción del capítulo,sectorial,0.1471
II. Comportamientos críticos nocivos para el Estado,Introducción del capítulo,crítico,0.1438
II. Comportamientos críticos nocivos para el Estado,Introducción del capítulo,conforme,0.1401
II. Comportamientos críticos nocivos para el Estado,Introducción del capítulo,resumir,0.1401
II. Comportamientos críticos nocivos para el Estado,Introducción del capítulo,describir,0.1401
II. Comportamientos críticos nocivos para el Estado,9 comportamientos críticos,acudir,0.2412
II. Comportamientos críticos nocivos para el Estado,9 comportamientos críticos,experimentar,0.2412
II. Comportamientos críticos nocivos para el Estado,9 comportamientos críticos,espíritu,0.2412
II. Comportamientos críticos nocivos para el Estado,9 comportamientos críticos,percepción,0.2412
II. Comportamientos críticos nocivos para el Estado,9 comportamientos críticos,señalar,0.2249
II. Comportamientos críticos nocivos para el Estado,9 comportamientos críticos,iii,0.2249
II. Comportamientos críticos nocivos para el Estado,9 comportamientos críticos,margen,0.2122
II. Comportamientos críticos nocivos para el Estado,9 comportamientos críticos,precisar,0.2122
II. Comportamientos críticos nocivos para el Estado,9 comportamientos críticos,consistir,0.2122
II. Comportamientos críticos nocivos para el Estado,9 comportamientos críticos,explicar,0.2019
II. Comportamientos críticos nocivos para el Estado,9 comportamientos críticos,negativo,0.2019
II. Comportamientos críticos nocivos para el Estado,9 comportamientos críticos,elemento,0.2019
II. Comportamientos críticos nocivos para el Estado,9 comportamientos críticos,favorecer,0.1931
II. Comportamientos críticos nocivos para el Estado,9 comportamientos críticos,condición,0.1902
II. Comportamientos críticos nocivos para el Estado,9 comportamientos críticos,discrecionalidad,0.1855
II. Comportamientos críticos nocivos para el Estado,Definición del comportamiento 01: Destrucción del rigor técnico,dependencia,0.2585
II. Comportamientos críticos nocivos para el Estado,Definición del comportamiento 01: Destrucción del rigor técnico,cubierto,0.206
II. Comportamientos críticos nocivos para el Estado,Definición del comportamiento 01: Destrucción del rigor técnico,pertinente,0.206
II. Comportamientos críticos nocivos para el Estado,Definición del comportamiento 01: Destrucción del rigor técnico,estable,0.206
II. Comportamientos críticos nocivos para el Estado,Definición del comportamiento 01: Destrucción del rigor técnico,sustitución,0.206
II. Comportamientos críticos nocivos para el Estado,Definición del comportamiento 01: Destrucción del rigor técnico,discrecional,0.192
II. Comportamientos críticos nocivos para el Estado,Definición del comportamiento 01: Destrucción del rigor técnico,vacante,0.192
II. Comportamientos críticos nocivos para el Estado,Definición del comportamiento 01: Destrucción del rigor técnico,vencimiento,0.1723
II. Comportamientos críticos nocivos para el Estado,Definición del comportamiento 01: Destrucción del rigor técnico,nombramiento,0.1723
II. Comportamientos críticos nocivos para el Estado,Definición del comportamiento 01: Destrucción del rigor técnico,encargo,0.1649
II. Comportamientos críticos nocivos para el Estado,Definición del comportamiento 01: Destrucción del rigor técnico,vencer,0.1649
II. Comportamientos críticos nocivos para el Estado,Definición del comportamiento 01: Destrucción del rigor técnico,favorecer,0.1649
II. Comportamientos críticos nocivos para el Estado,Definición del comportamiento 01: Destrucción del rigor técnico,conveniencia,0.1649
II. Comportamientos críticos nocivos para el Estado,Definición del comportamiento 01: Destrucción del rigor técnico,supervisión,0.1584
II. Comportamientos críticos nocivos para el Estado,Definición del comportamiento 01: Destrucción del rigor técnico,mérito,0.1584
II. Comportamientos críticos nocivos para el Estado,Definición del comportamiento 02: Colapso de la capacidad tecnológica,proveedor,0.2726
II. Comportamientos críticos nocivos para el Estado,Definición del comportamiento 02: Colapso de la capacidad tecnológica,plataforma,0.2059
II. Comportamientos críticos nocivos para el Estado,Definición del comportamiento 02: Colapso de la capacidad tecnológica,falla,0.1998
II. Comportamientos críticos nocivos para el Estado,Definición del comportamiento 02: Colapso de la capacidad tecnológica,sistema,0.1913
II. Comportamientos críticos nocivos para el Estado,Definición del comportamiento 02: Colapso de la capacidad tecnológica,único,0.1797
II. Comportamientos críticos nocivos para el Estado,Definición del comportamiento 02: Colapso de la capacidad tecnológica,tecnológico,0.1797
II. Comportamientos críticos nocivos para el Estado,Definición del comportamiento 02: Colapso de la capacidad tecnológica,alternativa,0.1753
II. Comportamientos críticos nocivos para el Estado,Definición del comportamiento 02: Colapso de la capacidad tecnológica,desplazar,0.1753
II. Comportamientos críticos nocivos para el Estado,Definición del comportamiento 02: Colapso de la capacidad tecnológica,renovación,0.1753
II. Comportamientos críticos nocivos para el Estado,Definición del comportamiento 02: Colapso de la capacidad tecnológica,nuevamente,0.1753
II. Comportamientos críticos nocivos para el Estado,Definición del comportamiento 02: Colapso de la capacidad tecnológica,fiscalizar,0.1753
II. Comportamientos críticos nocivos para el Estado,Definición del comportamiento 02: Colapso de la capacidad tecnológica,configuración,0.1753
II. Comportamientos críticos nocivos para el Estado,Definición del comportamiento 02: Colapso de la capacidad tecnológica,trámite,0.1677
II. Comportamientos críticos nocivos para el Estado,Definición del comportamiento 02: Colapso de la capacidad tecnológica,crítico,0.1677
II. Comportamientos críticos nocivos para el Estado,Definición del comportamiento 02: Colapso de la capacidad tecnológica,capturar,0.1634
II. Comportamientos críticos nocivos para el Estado,Definición del comportamiento 03: Opacidad y distorsión de la información pública,independiente,0.2765
II. Comportamientos críticos nocivos para el Estado,Definición del comportamiento 03: Opacidad y distorsión de la información pública,ocultamiento,0.2123
II. Comportamientos críticos nocivos para el Estado,Definición del comportamiento 03: Opacidad y distorsión de la información pública,contraste,0.2123
II. Comportamientos críticos nocivos para el Estado,Definición del comportamiento 03: Opacidad y distorsión de la información pública,presentación,0.198
II. Comportamientos críticos nocivos para el Estado,Definición del comportamiento 03: Opacidad y distorsión de la información pública,controlar,0.198
II. Comportamientos críticos nocivos para el Estado,Definición del comportamiento 03: Opacidad y distorsión de la información pública,cifra,0.1947
II. Comportamientos críticos nocivos para el Estado,Definición del comportamiento 03: Opacidad y distorsión de la información pública,dificultar,0.1868
II. Comportamientos críticos nocivos para el Estado,Definición del comportamiento 03: Opacidad y distorsión de la información pública,tema,0.1868
II. Comportamientos críticos nocivos para el Estado,Definición del comportamiento 03: Opacidad y distorsión de la información pública,indebido,0.1868
II. Comportamientos críticos nocivos para el Estado,Definición del comportamiento 03: Opacidad y distorsión de la información pública,detectar,0.1777
II. Comportamientos críticos nocivos para el Estado,Definición del comportamiento 03: Opacidad y distorsión de la información pública,ente,0.1777
II. Comportamientos críticos nocivos para el Estado,Definición del comportamiento 03: Opacidad y distorsión de la información pública,toma,0.17
II. Comportamientos críticos nocivos para el Estado,Definición del comportamiento 03: Opacidad y distorsión de la información pública,favorecer,0.17
II. Comportamientos críticos nocivos para el Estado,Definición del comportamiento 03: Opacidad y distorsión de la información pública,incumplimiento,0.17
II. Comportamientos críticos nocivos para el Estado,Definición del comportamiento 03: Opacidad y distorsión de la información pública,inconsistencia,0.17
II. Comportamientos críticos nocivos para el Estado,Definición del comportamiento 04: Parálisis operativa,aprovechamiento,0.2023
II. Comportamientos críticos nocivos para el Estado,Definición del comportamiento 04: Parálisis operativa,deliberado,0.2023
II. Comportamientos críticos nocivos para el Estado,Definición del comportamiento 04: Parálisis operativa,discrecional,0.1886
II. Comportamientos críticos nocivos para el Estado,Definición del comportamiento 04: Parálisis operativa,bloqueo,0.1886
II. Comportamientos críticos nocivos para el Estado,Definición del comportamiento 04: Parálisis operativa,indebido,0.178
II. Comportamientos críticos nocivos para el Estado,Definición del comportamiento 04: Parálisis operativa,permiso,0.1693
II. Comportamientos críticos nocivos para el Estado,Definición del comportamiento 04: Parálisis operativa,interrupción,0.1693
II. Comportamientos críticos nocivos para el Estado,Definición del comportamiento 04: Parálisis operativa,afectado,0.1693
II. Comportamientos críticos nocivos para el Estado,Definición del comportamiento 04: Parálisis operativa,favorecer,0.1619
II. Comportamientos críticos nocivos para el Estado,Definición del comportamiento 04: Parálisis operativa,intermediación,0.1619
II. Comportamientos críticos nocivos para el Estado,Definición del comportamiento 04: Parálisis operativa,ineficiencia,0.1619
II. Comportamientos críticos nocivos para el Estado,Definición del comportamiento 04: Parálisis operativa,oportunamente,0.1619
II. Comportamientos críticos nocivos para el Estado,Definición del comportamiento 04: Parálisis operativa,coordinación,0.1619
II. Comportamientos críticos nocivos para el Estado,Definición del comportamiento 04: Parálisis operativa,adoptar,0.1556
II. Comportamientos críticos nocivos para el Estado,Definición del comportamiento 04: Parálisis operativa,subsidio,0.1556
II. Comportamientos críticos nocivos para el Estado,Definición del comportamiento 05: Captura contractual y concentración del poder operativo,calidad,0.2588
II. Comportamientos críticos nocivos para el Estado,Definición del comportamiento 05: Captura contractual y concentración del poder operativo,acceder,0.2259
II. Comportamientos críticos nocivos para el Estado,Definición del comportamiento 05: Captura contractual y concentración del poder operativo,propicio,0.2203
II. Comportamientos críticos nocivos para el Estado,Definición del comportamiento 05: Captura contractual y concentración del poder operativo,crea,0.2203
II. Comportamientos críticos nocivos para el Estado,Definición del comportamiento 05: Captura contractual y concentración del poder operativo,reducido,0.2203
II. Comportamientos críticos nocivos para el Estado,Definición del comportamiento 05: Captura contractual y concentración del poder operativo,recurrente,0.2053
II. Comportamientos críticos nocivos para el Estado,Definición del comportamiento 05: Captura contractual y concentración del poder operativo,iii,0.2053
II. Comportamientos críticos nocivos para el Estado,Definición del comportamiento 05: Captura contractual y concentración del poder operativo,disminución,0.1938
II. Comportamientos críticos nocivos para el Estado,Definición del comportamiento 05: Captura contractual y concentración del poder operativo,precio,0.1938
II. Comportamientos críticos nocivos para el Estado,Definición del comportamiento 05: Captura contractual y concentración del poder operativo,integridad,0.1938
II. Comportamientos críticos nocivos para el Estado,Definición del comportamiento 05: Captura contractual y concentración del poder operativo,captura,0.1843
II. Comportamientos críticos nocivos para el Estado,Definición del comportamiento 05: Captura contractual y concentración del poder operativo,conjunto,0.1843
II. Comportamientos críticos nocivos para el Estado,Definición del comportamiento 05: Captura contractual y concentración del poder operativo,ineficiencia,0.1763
II. Comportamientos críticos nocivos para el Estado,Definición del comportamiento 05: Captura contractual y concentración del poder operativo,actor,0.1763
II. Comportamientos críticos nocivos para el Estado,Definición del comportamiento 05: Captura contractual y concentración del poder operativo,conflicto,0.1763
II. Comportamientos críticos nocivos para el Estado,Definición del comportamiento 06: Expansión del riesgo litigioso,peso,0.1929
II. Comportamientos críticos nocivos para el Estado,Definición del comportamiento 06: Expansión del riesgo litigioso,crea,0.1835
II. Comportamientos críticos nocivos para el Estado,Definición del comportamiento 06: Expansión del riesgo litigioso,evitabl,0.1835
II. Comportamientos críticos nocivos para el Estado,Definición del comportamiento 06: Expansión del riesgo litigioso,ocultamiento,0.1835
II. Comportamientos críticos nocivos para el Estado,Definición del comportamiento 06: Expansión del riesgo litigioso,judicial,0.1719
II. Comportamientos críticos nocivos para el Estado,Definición del comportamiento 06: Expansión del riesgo litigioso,contingencia,0.1711
II. Comportamientos críticos nocivos para el Estado,Definición del comportamiento 06: Expansión del riesgo litigioso,beneficiar,0.1711
II. Comportamientos críticos nocivos para el Estado,Definición del comportamiento 06: Expansión del riesgo litigioso,manipulación,0.1711
II. Comportamientos críticos nocivos para el Estado,Definición del comportamiento 06: Expansión del riesgo litigioso,gestionar,0.1711
II. Comportamientos críticos nocivos para el Estado,Definición del comportamiento 06: Expansión del riesgo litigioso,arbitral,0.1711
II. Comportamientos críticos nocivos para el Estado,Definición del comportamiento 06: Expansión del riesgo litigioso,indebido,0.1614
II. Comportamientos críticos nocivos para el Estado,Definición del comportamiento 06: Expansión del riesgo litigioso,colegio,0.1614
II. Comportamientos críticos nocivos para el Estado,Definición del comportamiento 06: Expansión del riesgo litigioso,excepcional,0.1614
II. Comportamientos críticos nocivos para el Estado,Definición del comportamiento 06: Expansión del riesgo litigioso,utilización,0.1535
II. Comportamientos críticos nocivos para el Estado,Definición del comportamiento 06: Expansión del riesgo litigioso,litigio,0.1535
II. Comportamientos críticos nocivos para el Estado,Definición del comportamiento 07: Pérdida de control territorial frente a economías criminales,ejercer,0.2369
II. Comportamientos críticos nocivos para el Estado,Definición del comportamiento 07: Pérdida de control territorial frente a economías criminales,economía,0.2289
II. Comportamientos críticos nocivos para el Estado,Definición del comportamiento 07: Pérdida de control territorial frente a economías criminales,ilegal,0.2152
II. Comportamientos críticos nocivos para el Estado,Definición del comportamiento 07: Pérdida de control territorial frente a economías criminales,inseguridad,0.1887
II. Comportamientos críticos nocivos para el Estado,Definición del comportamiento 07: Pérdida de control territorial frente a economías criminales,debilitamiento,0.1887
II. Comportamientos críticos nocivos para el Estado,Definición del comportamiento 07: Pérdida de control territorial frente a economías criminales,influencia,0.176
II. Comportamientos críticos nocivos para el Estado,Definición del comportamiento 07: Pérdida de control territorial frente a economías criminales,adquirir,0.176
II. Comportamientos críticos nocivos para el Estado,Definición del comportamiento 07: Pérdida de control territorial frente a economías criminales,distorsionar,0.176
II. Comportamientos críticos nocivos para el Estado,Definición del comportamiento 07: Pérdida de control territorial frente a economías criminales,mayor,0.1696
II. Comportamientos críticos nocivos para el Estado,Definición del comportamiento 07: Pérdida de control territorial frente a economías criminales,dinámica,0.166
II. Comportamientos críticos nocivos para el Estado,Definición del comportamiento 07: Pérdida de control territorial frente a economías criminales,regular,0.166
II. Comportamientos críticos nocivos para el Estado,Definición del comportamiento 07: Pérdida de control territorial frente a economías criminales,servidor,0.166
II. Comportamientos críticos nocivos para el Estado,Definición del comportamiento 07: Pérdida de control territorial frente a economías criminales,capacidad,0.1592
II. Comportamientos críticos nocivos para el Estado,Definición del comportamiento 07: Pérdida de control territorial frente a economías criminales,público,0.1585
II. Comportamientos críticos nocivos para el Estado,Definición del comportamiento 07: Pérdida de control territorial frente a economías criminales,presencia,0.1511
II. Comportamientos críticos nocivos para el Estado,Definición del comportamiento 08: Fragmentación del Estado y fracaso de la conducción estratégica,coordinación,0.2217
II. Comportamientos críticos nocivos para el Estado,Definición del comportamiento 08: Fragmentación del Estado y fracaso de la conducción estratégica,vacío,0.1922
II. Comportamientos críticos nocivos para el Estado,Definición del comportamiento 08: Fragmentación del Estado y fracaso de la conducción estratégica,propicio,0.1636
II. Comportamientos críticos nocivos para el Estado,Definición del comportamiento 08: Fragmentación del Estado y fracaso de la conducción estratégica,conducir,0.1636
II. Comportamientos críticos nocivos para el Estado,Definición del comportamiento 08: Fragmentación del Estado y fracaso de la conducción estratégica,acudir,0.1636
II. Comportamientos críticos nocivos para el Estado,Definición del comportamiento 08: Fragmentación del Estado y fracaso de la conducción estratégica,incapacidad,0.1636
II. Comportamientos críticos nocivos para el Estado,Definición del comportamiento 08: Fragmentación del Estado y fracaso de la conducción estratégica,contradictorio,0.1636
II. Comportamientos críticos nocivos para el Estado,Definición del comportamiento 08: Fragmentación del Estado y fracaso de la conducción estratégica,esfuerzo,0.1636
II. Comportamientos críticos nocivos para el Estado,Definición del comportamiento 08: Fragmentación del Estado y fracaso de la conducción estratégica,articular,0.1636
II. Comportamientos críticos nocivos para el Estado,Definición del comportamiento 08: Fragmentación del Estado y fracaso de la conducción estratégica,coherente,0.1525
II. Comportamientos críticos nocivos para el Estado,Definición del comportamiento 08: Fragmentación del Estado y fracaso de la conducción estratégica,desvío,0.1525
II. Comportamientos críticos nocivos para el Estado,Definición del comportamiento 08: Fragmentación del Estado y fracaso de la conducción estratégica,fragmentación,0.1525
II. Comportamientos críticos nocivos para el Estado,Definición del comportamiento 08: Fragmentación del Estado y fracaso de la conducción estratégica,rendición,0.1525
II. Comportamientos críticos nocivos para el Estado,Definición del comportamiento 08: Fragmentación del Estado y fracaso de la conducción estratégica,instancia,0.1525
II. Comportamientos críticos nocivos para el Estado,Definición del comportamiento 08: Fragmentación del Estado y fracaso de la conducción estratégica,ineficiente,0.1439
II. Comportamientos críticos nocivos para el Estado,Definición del comportamiento 09: Capacidad fiscal restringida (comportamiento transversal),excepcional,0.2416
II. Comportamientos críticos nocivos para el Estado,Definición del comportamiento 09: Capacidad fiscal restringida (comportamiento transversal),calidad,0.1906
II. Comportamientos críticos nocivos para el Estado,Definición del comportamiento 09: Capacidad fiscal restringida (comportamiento transversal),puntual,0.1622
II. Comportamientos críticos nocivos para el Estado,Definición del comportamiento 09: Capacidad fiscal restringida (comportamiento transversal),lista,0.1622
II. Comportamientos críticos nocivos para el Estado,Definición del comportamiento 09: Capacidad fiscal restringida (comportamiento transversal),alimentar,0.1512
II. Comportamientos críticos nocivos para el Estado,Definición del comportamiento 09: Capacidad fiscal restringida (comportamiento transversal),litigioso,0.1512
II. Comportamientos críticos nocivos para el Estado,Definición del comportamiento 09: Capacidad fiscal restringida (comportamiento transversal),reducir,0.1487
II. Comportamientos críticos nocivos para el Estado,Definición del comportamiento 09: Capacidad fiscal restringida (comportamiento transversal),limitación,0.1427
II. Comportamientos críticos nocivos para el Estado,Definición del comportamiento 09: Capacidad fiscal restringida (comportamiento transversal),opacidad,0.1427
II. Comportamientos críticos nocivos para el Estado,Definición del comportamiento 09: Capacidad fiscal restringida (comportamiento transversal),leer,0.1427
II. Comportamientos críticos nocivos para el Estado,Definición del comportamiento 09: Capacidad fiscal restringida (comportamiento transversal),priorización,0.1427
II. Comportamientos críticos nocivos para el Estado,Definición del comportamiento 09: Capacidad fiscal restringida (comportamiento transversal),espera,0.1357
II. Comportamientos críticos nocivos para el Estado,Definición del comportamiento 09: Capacidad fiscal restringida (comportamiento transversal),priorizado,0.1357
II. Comportamientos críticos nocivos para el Estado,Definición del comportamiento 09: Capacidad fiscal restringida (comportamiento transversal),inicio,0.1357
II. Comportamientos críticos nocivos para el Estado,Definición del comportamiento 09: Capacidad fiscal restringida (comportamiento transversal),articulado,0.1357
II. Comportamientos críticos nocivos para el Estado,Comportamiento 1. Destrucción del rigor técnico,hospitalario,0.1106
II. Comportamientos críticos nocivos para el Estado,Comportamiento 1. Destrucción del rigor técnico,requisito,0.1054
II. Comportamientos críticos nocivos para el Estado,Comportamiento 1. Destrucción del rigor técnico,experiencia,0.1031
II. Comportamientos críticos nocivos para el Estado,Comportamiento 1. Destrucción del rigor técnico,generación,0.1019
II. Comportamientos críticos nocivos para el Estado,Comportamiento 1. Destrucción del rigor técnico,asignar,0.1019
II. Comportamientos críticos nocivos para el Estado,Comportamiento 1. Destrucción del rigor técnico,decreto,0.1019
II. Comportamientos críticos nocivos para el Estado,Comportamiento 1. Destrucción del rigor técnico,formación,0.1006
II. Comportamientos críticos nocivos para el Estado,Comportamiento 1. Destrucción del rigor técnico,materializar,0.0973
II. Comportamientos críticos nocivos para el Estado,Comportamiento 1. Destrucción del rigor técnico,energía,0.0967
II. Comportamientos críticos nocivos para el Estado,Comportamiento 1. Destrucción del rigor técnico,salud,0.0964
II. Comportamientos críticos nocivos para el Estado,Comportamiento 1. Destrucción del rigor técnico,político,0.0932
II. Comportamientos críticos nocivos para el Estado,Comportamiento 1. Destrucción del rigor técnico,fecha,0.0932
II. Comportamientos críticos nocivos para el Estado,Comportamiento 1. Destrucción del rigor técnico,importante,0.0926
II. Comportamientos críticos nocivos para el Estado,Comportamiento 1. Destrucción del rigor técnico,nombramiento,0.0925
II. Comportamientos críticos nocivos para el Estado,Comportamiento 1. Destrucción del rigor técnico,cargo,0.0913
II. Comportamientos críticos nocivos para el Estado,Comportamiento 2. Colapso de la capacidad tecnológica,dian,0.1586
II. Comportamientos críticos nocivos para el Estado,Comportamiento 2. Colapso de la capacidad tecnológica,drón,0.1395
II. Comportamientos críticos nocivos para el Estado,Comportamiento 2. Colapso de la capacidad tecnológica,ataque,0.1395
II. Comportamientos críticos nocivos para el Estado,Comportamiento 2. Colapso de la capacidad tecnológica,modernización,0.1395
II. Comportamientos críticos nocivos para el Estado,Comportamiento 2. Colapso de la capacidad tecnológica,pública,0.1362
II. Comportamientos críticos nocivos para el Estado,Comportamiento 2. Colapso de la capacidad tecnológica,dato,0.1219
II. Comportamientos críticos nocivos para el Estado,Comportamiento 2. Colapso de la capacidad tecnológica,tecnológico,0.1127
II. Comportamientos críticos nocivos para el Estado,Comportamiento 2. Colapso de la capacidad tecnológica,antidrón,0.1125
II. Comportamientos críticos nocivos para el Estado,Comportamiento 2. Colapso de la capacidad tecnológica,paralizado,0.1125
II. Comportamientos críticos nocivos para el Estado,Comportamiento 2. Colapso de la capacidad tecnológica,escudo,0.1125
II. Comportamientos críticos nocivos para el Estado,Comportamiento 2. Colapso de la capacidad tecnológica,usd,0.1062
II. Comportamientos críticos nocivos para el Estado,Comportamiento 2. Colapso de la capacidad tecnológica,saliente,0.1056
II. Comportamientos críticos nocivos para el Estado,Comportamiento 2. Colapso de la capacidad tecnológica,plataforma,0.1038
II. Comportamientos críticos nocivos para el Estado,Comportamiento 2. Colapso de la capacidad tecnológica,sistema,0.1035
II. Comportamientos críticos nocivos para el Estado,Comportamiento 2. Colapso de la capacidad tecnológica,sufrir,0.101
II. Comportamientos críticos nocivos para el Estado,Comportamiento 3. Opacidad y distorsión de la información pública,rtvc,0.1198
II. Comportamientos críticos nocivos para el Estado,Comportamiento 3. Opacidad y distorsión de la información pública,adición,0.1195
II. Comportamientos críticos nocivos para el Estado,Comportamiento 3. Opacidad y distorsión de la información pública,predio,0.1003
II. Comportamientos críticos nocivos para el Estado,Comportamiento 3. Opacidad y distorsión de la información pública,tierra,0.1003
II. Comportamientos críticos nocivos para el Estado,Comportamiento 3. Opacidad y distorsión de la información pública,salud,0.0969
II. Comportamientos críticos nocivos para el Estado,Comportamiento 3. Opacidad y distorsión de la información pública,deuda,0.0939
II. Comportamientos críticos nocivos para el Estado,Comportamiento 3. Opacidad y distorsión de la información pública,turismo,0.0917
II. Comportamientos críticos nocivos para el Estado,Comportamiento 3. Opacidad y distorsión de la información pública,tasa,0.0917
II. Comportamientos críticos nocivos para el Estado,Comportamiento 3. Opacidad y distorsión de la información pública,cgr,0.0898
II. Comportamientos críticos nocivos para el Estado,Comportamiento 3. Opacidad y distorsión de la información pública,agrario,0.0898
II. Comportamientos críticos nocivos para el Estado,Comportamiento 3. Opacidad y distorsión de la información pública,reforma,0.0812
II. Comportamientos críticos nocivos para el Estado,Comportamiento 3. Opacidad y distorsión de la información pública,vivienda,0.0806
II. Comportamientos críticos nocivos para el Estado,Comportamiento 3. Opacidad y distorsión de la información pública,secop,0.0806
II. Comportamientos críticos nocivos para el Estado,Comportamiento 3. Opacidad y distorsión de la información pública,concentrado,0.0806
II. Comportamientos críticos nocivos para el Estado,Comportamiento 3. Opacidad y distorsión de la información pública,saliente,0.0796
II. Comportamientos críticos nocivos para el Estado,Comportamiento 4. Parálisis operativa,maestro,0.0882
II. Comportamientos críticos nocivos para el Estado,Comportamiento 4. Parálisis operativa,vivienda,0.0738
II. Comportamientos críticos nocivos para el Estado,Comportamiento 4. Parálisis operativa,fonigualdad,0.0729
II. Comportamientos críticos nocivos para el Estado,Comportamiento 4. Parálisis operativa,fomag,0.0729
II. Comportamientos críticos nocivos para el Estado,Comportamiento 4. Parálisis operativa,centros,0.0715
II. Comportamientos críticos nocivos para el Estado,Comportamiento 4. Parálisis operativa,atrapado,0.0715
II. Comportamientos críticos nocivos para el Estado,Comportamiento 4. Parálisis operativa,usd,0.0688
II. Comportamientos críticos nocivos para el Estado,Comportamiento 4. Parálisis operativa,cita,0.0688
II. Comportamientos críticos nocivos para el Estado,Comportamiento 4. Parálisis operativa,potencia,0.0666
II. Comportamientos críticos nocivos para el Estado,Comportamiento 4. Parálisis operativa,liquidación,0.0654
II. Comportamientos críticos nocivos para el Estado,Comportamiento 4. Parálisis operativa,existir,0.0643
II. Comportamientos críticos nocivos para el Estado,Comportamiento 4. Parálisis operativa,centro,0.0632
II. Comportamientos críticos nocivos para el Estado,Comportamiento 4. Parálisis operativa,crisis,0.0629
II. Comportamientos críticos nocivos para el Estado,Comportamiento 4. Parálisis operativa,eps,0.0629
II. Comportamientos críticos nocivos para el Estado,Comportamiento 4. Parálisis operativa,igualdad,0.0629
II. Comportamientos críticos nocivos para el Estado,Comportamiento 5. Captura contractual y concentración del poder operativo,paz,0.1051
II. Comportamientos críticos nocivos para el Estado,Comportamiento 5. Captura contractual y concentración del poder operativo,universidad,0.1044
II. Comportamientos críticos nocivos para el Estado,Comportamiento 5. Captura contractual y concentración del poder operativo,sesión,0.0907
II. Comportamientos críticos nocivos para el Estado,Comportamiento 5. Captura contractual y concentración del poder operativo,estímulo,0.0856
II. Comportamientos críticos nocivos para el Estado,Comportamiento 5. Captura contractual y concentración del poder operativo,mixto,0.0856
II. Comportamientos críticos nocivos para el Estado,Comportamiento 5. Captura contractual y concentración del poder operativo,contrapartida,0.0856
II. Comportamientos críticos nocivos para el Estado,Comportamiento 5. Captura contractual y concentración del poder operativo,asociación,0.0856
II. Comportamientos críticos nocivos para el Estado,Comportamiento 5. Captura contractual y concentración del poder operativo,departamental,0.0856
II. Comportamientos críticos nocivos para el Estado,Comportamiento 5. Captura contractual y concentración del poder operativo,selección,0.0844
II. Comportamientos críticos nocivos para el Estado,Comportamiento 5. Captura contractual y concentración del poder operativo,total,0.0831
II. Comportamientos críticos nocivos para el Estado,Comportamiento 5. Captura contractual y concentración del poder operativo,oferent,0.0814
II. Comportamientos críticos nocivos para el Estado,Comportamiento 5. Captura contractual y concentración del poder operativo,irregularidad,0.0798
II. Comportamientos críticos nocivos para el Estado,Comportamiento 5. Captura contractual y concentración del poder operativo,cauca,0.0798
II. Comportamientos críticos nocivos para el Estado,Comportamiento 5. Captura contractual y concentración del poder operativo,competitivo,0.0779
II. Comportamientos críticos nocivos para el Estado,Comportamiento 5. Captura contractual y concentración del poder operativo,directo,0.0762
II. Comportamientos críticos nocivos para el Estado,Comportamiento 6. Expansión del riesgo litigioso,reglamentario,0.1333
II. Comportamientos críticos nocivos para el Estado,Comportamiento 6. Expansión del riesgo litigioso,decreto,0.1185
II. Comportamientos críticos nocivos para el Estado,Comportamiento 6. Expansión del riesgo litigioso,laboral,0.1067
II. Comportamientos críticos nocivos para el Estado,Comportamiento 6. Expansión del riesgo litigioso,reglamentación,0.1028
II. Comportamientos críticos nocivos para el Estado,Comportamiento 6. Expansión del riesgo litigioso,cultural,0.1014
II. Comportamientos críticos nocivos para el Estado,Comportamiento 6. Expansión del riesgo litigioso,findeter,0.1014
II. Comportamientos críticos nocivos para el Estado,Comportamiento 6. Expansión del riesgo litigioso,portafolio,0.1014
II. Comportamientos críticos nocivos para el Estado,Comportamiento 6. Expansión del riesgo litigioso,potestad,0.0995
II. Comportamientos críticos nocivos para el Estado,Comportamiento 6. Expansión del riesgo litigioso,reclamación,0.0928
II. Comportamientos críticos nocivos para el Estado,Comportamiento 6. Expansión del riesgo litigioso,trabajo,0.088
II. Comportamientos críticos nocivos para el Estado,Comportamiento 6. Expansión del riesgo litigioso,pasaporte,0.0875
II. Comportamientos críticos nocivos para el Estado,Comportamiento 6. Expansión del riesgo litigioso,air-e,0.0875
II. Comportamientos críticos nocivos para el Estado,Comportamiento 6. Expansión del riesgo litigioso,relativo,0.0875
II. Comportamientos críticos nocivos para el Estado,Comportamiento 6. Expansión del riesgo litigioso,exceso,0.0875
II. Comportamientos críticos nocivos para el Estado,Comportamiento 6. Expansión del riesgo litigioso,libreta,0.0875
II. Comportamientos críticos nocivos para el Estado,Comportamiento 7. Pérdida de control territorial frente a economías criminales,local,0.1326
II. Comportamientos críticos nocivos para el Estado,Comportamiento 7. Pérdida de control territorial frente a economías criminales,bloqueo,0.1323
II. Comportamientos críticos nocivos para el Estado,Comportamiento 7. Pérdida de control territorial frente a economías criminales,cultivo,0.1236
II. Comportamientos críticos nocivos para el Estado,Comportamiento 7. Pérdida de control territorial frente a economías criminales,integrante,0.1236
II. Comportamientos críticos nocivos para el Estado,Comportamiento 7. Pérdida de control territorial frente a economías criminales,deforestación,0.1213
II. Comportamientos críticos nocivos para el Estado,Comportamiento 7. Pérdida de control territorial frente a economías criminales,controlado,0.1067
II. Comportamientos críticos nocivos para el Estado,Comportamiento 7. Pérdida de control territorial frente a economías criminales,sustancia,0.1067
II. Comportamientos críticos nocivos para el Estado,Comportamiento 7. Pérdida de control territorial frente a economías criminales,desplazamiento,0.1067
II. Comportamientos críticos nocivos para el Estado,Comportamiento 7. Pérdida de control territorial frente a economías criminales,violencia,0.1067
II. Comportamientos críticos nocivos para el Estado,Comportamiento 7. Pérdida de control territorial frente a economías criminales,hectárea,0.102
II. Comportamientos críticos nocivos para el Estado,Comportamiento 7. Pérdida de control territorial frente a economías criminales,armado,0.0994
II. Comportamientos críticos nocivos para el Estado,Comportamiento 7. Pérdida de control territorial frente a economías criminales,presión,0.0994
II. Comportamientos críticos nocivos para el Estado,Comportamiento 7. Pérdida de control territorial frente a economías criminales,bosque,0.0994
II. Comportamientos críticos nocivos para el Estado,Comportamiento 7. Pérdida de control territorial frente a economías criminales,afectar,0.0956
II. Comportamientos críticos nocivos para el Estado,Comportamiento 7. Pérdida de control territorial frente a economías criminales,ejército,0.0861
II. Comportamientos críticos nocivos para el Estado,Comportamiento 8. Fragmentación del Estado y fracaso de la conducción estratégica,campetrol,0.1166
II. Comportamientos críticos nocivos para el Estado,Comportamiento 8. Fragmentación del Estado y fracaso de la conducción estratégica,gas,0.1073
II. Comportamientos críticos nocivos para el Estado,Comportamiento 8. Fragmentación del Estado y fracaso de la conducción estratégica,cajas,0.1033
II. Comportamientos críticos nocivos para el Estado,Comportamiento 8. Fragmentación del Estado y fracaso de la conducción estratégica,febrero,0.0945
II. Comportamientos críticos nocivos para el Estado,Comportamiento 8. Fragmentación del Estado y fracaso de la conducción estratégica,producción,0.0938
II. Comportamientos críticos nocivos para el Estado,Comportamiento 8. Fragmentación del Estado y fracaso de la conducción estratégica,familiar,0.0909
II. Comportamientos críticos nocivos para el Estado,Comportamiento 8. Fragmentación del Estado y fracaso de la conducción estratégica,exploración,0.0831
II. Comportamientos críticos nocivos para el Estado,Comportamiento 8. Fragmentación del Estado y fracaso de la conducción estratégica,seip,0.0831
II. Comportamientos críticos nocivos para el Estado,Comportamiento 8. Fragmentación del Estado y fracaso de la conducción estratégica,sanguino,0.0831
II. Comportamientos críticos nocivos para el Estado,Comportamiento 8. Fragmentación del Estado y fracaso de la conducción estratégica,estructura,0.0794
II. Comportamientos críticos nocivos para el Estado,Comportamiento 8. Fragmentación del Estado y fracaso de la conducción estratégica,delimitación,0.0791
II. Comportamientos críticos nocivos para el Estado,Comportamiento 8. Fragmentación del Estado y fracaso de la conducción estratégica,atlántico,0.0775
II. Comportamientos críticos nocivos para el Estado,Comportamiento 8. Fragmentación del Estado y fracaso de la conducción estratégica,designar,0.0775
II. Comportamientos críticos nocivos para el Estado,Comportamiento 8. Fragmentación del Estado y fracaso de la conducción estratégica,páramo,0.0775
II. Comportamientos críticos nocivos para el Estado,Comportamiento 8. Fragmentación del Estado y fracaso de la conducción estratégica,santander,0.0775
II. Comportamientos críticos nocivos para el Estado,Comportamiento 9. Capacidad fiscal restringida (comportamiento transversal),deporte,0.1341
II. Comportamientos críticos nocivos para el Estado,Comportamiento 9. Capacidad fiscal restringida (comportamiento transversal),deportista,0.1271
II. Comportamientos críticos nocivos para el Estado,Comportamiento 9. Capacidad fiscal restringida (comportamiento transversal),ahorro,0.1188
II. Comportamientos críticos nocivos para el Estado,Comportamiento 9. Capacidad fiscal restringida (comportamiento transversal),ciencia,0.1063
II. Comportamientos críticos nocivos para el Estado,Comportamiento 9. Capacidad fiscal restringida (comportamiento transversal),energía,0.1031
II. Comportamientos críticos nocivos para el Estado,Comportamiento 9. Capacidad fiscal restringida (comportamiento transversal),ingreso,0.098
II. Comportamientos críticos nocivos para el Estado,Comportamiento 9. Capacidad fiscal restringida (comportamiento transversal),gas,0.0955
II. Comportamientos críticos nocivos para el Estado,Comportamiento 9. Capacidad fiscal restringida (comportamiento transversal),sgr,0.0955
II. Comportamientos críticos nocivos para el Estado,Comportamiento 9. Capacidad fiscal restringida (comportamiento transversal),olímpico,0.0955
II. Comportamientos críticos nocivos para el Estado,Comportamiento 9. Capacidad fiscal restringida (comportamiento transversal),adulto,0.0955
II. Comportamientos críticos nocivos para el Estado,Comportamiento 9. Capacidad fiscal restringida (comportamiento transversal),trabajador,0.0869
II. Comportamientos críticos nocivos para el Estado,Comportamiento 9. Capacidad fiscal restringida (comportamiento transversal),billón,0.0844
II. Comportamientos críticos nocivos para el Estado,Comportamiento 9. Capacidad fiscal restringida (comportamiento transversal),cesantía,0.084
II. Comportamientos críticos nocivos para el Estado,Comportamiento 9. Capacidad fiscal restringida (comportamiento transversal),ciclo,0.084
II. Comportamientos críticos nocivos para el Estado,Comportamiento 9. Capacidad fiscal restringida (comportamiento transversal),subsidio,0.0835
III. Hallazgos en materia de corrupción y balance de acciones,Introducción del capítulo,profundo,0.2094
III. Hallazgos en materia de corrupción y balance de acciones,Introducción del capítulo,actuación,0.183
III. Hallazgos en materia de corrupción y balance de acciones,Introducción del capítulo,preventivo,0.1665
III. Hallazgos en materia de corrupción y balance de acciones,Introducción del capítulo,solicitud,0.1513
III. Hallazgos en materia de corrupción y balance de acciones,Introducción del capítulo,transición,0.1513
III. Hallazgos en materia de corrupción y balance de acciones,Introducción del capítulo,hallazgo,0.15
III. Hallazgos en materia de corrupción y balance de acciones,Introducción del capítulo,adelantado,0.1395
III. Hallazgos en materia de corrupción y balance de acciones,Introducción del capítulo,acción,0.1329
III. Hallazgos en materia de corrupción y balance de acciones,Introducción del capítulo,ocasión,0.1327
III. Hallazgos en materia de corrupción y balance de acciones,Introducción del capítulo,promovido,0.1327
III. Hallazgos en materia de corrupción y balance de acciones,Introducción del capítulo,característica,0.1327
III. Hallazgos en materia de corrupción y balance de acciones,Introducción del capítulo,orientado,0.1327
III. Hallazgos en materia de corrupción y balance de acciones,Introducción del capítulo,gubernamental,0.1327
III. Hallazgos en materia de corrupción y balance de acciones,Introducción del capítulo,caso,0.1313
III. Hallazgos en materia de corrupción y balance de acciones,Introducción del capítulo,reconstruir,0.1237
III. Hallazgos en materia de corrupción y balance de acciones,Caso 1. ESSMAR E.S.P.,preventivo,0.1978
III. Hallazgos en materia de corrupción y balance de acciones,Caso 1. ESSMAR E.S.P.,curso,0.1801
III. Hallazgos en materia de corrupción y balance de acciones,Caso 1. ESSMAR E.S.P.,públicos,0.1655
III. Hallazgos en materia de corrupción y balance de acciones,Caso 1. ESSMAR E.S.P.,agua,0.1655
III. Hallazgos en materia de corrupción y balance de acciones,Caso 1. ESSMAR E.S.P.,servicios,0.1542
III. Hallazgos en materia de corrupción y balance de acciones,Caso 1. ESSMAR E.S.P.,sometido,0.1272
III. Hallazgos en materia de corrupción y balance de acciones,Caso 1. ESSMAR E.S.P.,pro,0.1272
III. Hallazgos en materia de corrupción y balance de acciones,Caso 1. ESSMAR E.S.P.,inquietud,0.1272
III. Hallazgos en materia de corrupción y balance de acciones,Caso 1. ESSMAR E.S.P.,rápido,0.1272
III. Hallazgos en materia de corrupción y balance de acciones,Caso 1. ESSMAR E.S.P.,publicar,0.1272
III. Hallazgos en materia de corrupción y balance de acciones,Caso 1. ESSMAR E.S.P.,integralmente,0.1272
III. Hallazgos en materia de corrupción y balance de acciones,Caso 1. ESSMAR E.S.P.,e.s.p,0.1272
III. Hallazgos en materia de corrupción y balance de acciones,Caso 1. ESSMAR E.S.P.,aparente,0.1272
III. Hallazgos en materia de corrupción y balance de acciones,Caso 1. ESSMAR E.S.P.,proyecto,0.1242
III. Hallazgos en materia de corrupción y balance de acciones,Caso 1. ESSMAR E.S.P.,potable,0.1185
III. Hallazgos en materia de corrupción y balance de acciones,Caso 2. DAPRE,hábil,0.243
III. Hallazgos en materia de corrupción y balance de acciones,Caso 2. DAPRE,efecto,0.209
III. Hallazgos en materia de corrupción y balance de acciones,Caso 2. DAPRE,acto,0.1972
III. Hallazgos en materia de corrupción y balance de acciones,Caso 2. DAPRE,julio,0.1817
III. Hallazgos en materia de corrupción y balance de acciones,Caso 2. DAPRE,administrativo,0.1714
III. Hallazgos en materia de corrupción y balance de acciones,Caso 2. DAPRE,resolución,0.1637
III. Hallazgos en materia de corrupción y balance de acciones,Caso 2. DAPRE,consejo,0.1591
III. Hallazgos en materia de corrupción y balance de acciones,Caso 2. DAPRE,decretar,0.1435
III. Hallazgos en materia de corrupción y balance de acciones,Caso 2. DAPRE,contencioso,0.1435
III. Hallazgos en materia de corrupción y balance de acciones,Caso 2. DAPRE,cuestión,0.1435
III. Hallazgos en materia de corrupción y balance de acciones,Caso 2. DAPRE,interesado,0.1435
III. Hallazgos en materia de corrupción y balance de acciones,Caso 2. DAPRE,reconocimiento,0.1435
III. Hallazgos en materia de corrupción y balance de acciones,Caso 2. DAPRE,someter,0.1435
III. Hallazgos en materia de corrupción y balance de acciones,Caso 2. DAPRE,pliego,0.1435
III. Hallazgos en materia de corrupción y balance de acciones,Caso 2. DAPRE,extraordinario,0.1435
III. Hallazgos en materia de corrupción y balance de acciones,"Caso 3. OCAD de ciencia, tecnología e innovación",sesión,0.3505
III. Hallazgos en materia de corrupción y balance de acciones,"Caso 3. OCAD de ciencia, tecnología e innovación",preventivo,0.2241
III. Hallazgos en materia de corrupción y balance de acciones,"Caso 3. OCAD de ciencia, tecnología e innovación",solicitud,0.1643
III. Hallazgos en materia de corrupción y balance de acciones,"Caso 3. OCAD de ciencia, tecnología e innovación",necesario,0.1443
III. Hallazgos en materia de corrupción y balance de acciones,"Caso 3. OCAD de ciencia, tecnología e innovación",acompañar,0.1441
III. Hallazgos en materia de corrupción y balance de acciones,"Caso 3. OCAD de ciencia, tecnología e innovación",programado,0.1441
III. Hallazgos en materia de corrupción y balance de acciones,"Caso 3. OCAD de ciencia, tecnología e innovación",dicho,0.1441
III. Hallazgos en materia de corrupción y balance de acciones,"Caso 3. OCAD de ciencia, tecnología e innovación",destinación,0.1441
III. Hallazgos en materia de corrupción y balance de acciones,"Caso 3. OCAD de ciencia, tecnología e innovación",razón,0.1441
III. Hallazgos en materia de corrupción y balance de acciones,"Caso 3. OCAD de ciencia, tecnología e innovación",ctei,0.1441
III. Hallazgos en materia de corrupción y balance de acciones,"Caso 3. OCAD de ciencia, tecnología e innovación",prensa,0.1441
III. Hallazgos en materia de corrupción y balance de acciones,"Caso 3. OCAD de ciencia, tecnología e innovación",privilegiar,0.1441
III. Hallazgos en materia de corrupción y balance de acciones,"Caso 3. OCAD de ciencia, tecnología e innovación",alertar,0.1441
III. Hallazgos en materia de corrupción y balance de acciones,"Caso 3. OCAD de ciencia, tecnología e innovación",agosto,0.1349
III. Hallazgos en materia de corrupción y balance de acciones,"Caso 3. OCAD de ciencia, tecnología e innovación",procuraduría,0.1321
III. Hallazgos en materia de corrupción y balance de acciones,Caso 4. CENIT,capital,0.1667
III. Hallazgos en materia de corrupción y balance de acciones,Caso 4. CENIT,s.a.s,0.1667
III. Hallazgos en materia de corrupción y balance de acciones,Caso 4. CENIT,finalmente,0.1573
III. Hallazgos en materia de corrupción y balance de acciones,Caso 4. CENIT,adjudicado,0.1497
III. Hallazgos en materia de corrupción y balance de acciones,Caso 4. CENIT,contratista,0.1493
III. Hallazgos en materia de corrupción y balance de acciones,Caso 4. CENIT,conocer,0.1375
III. Hallazgos en materia de corrupción y balance de acciones,Caso 4. CENIT,sociedad,0.1241
III. Hallazgos en materia de corrupción y balance de acciones,Caso 4. CENIT,posible,0.1241
III. Hallazgos en materia de corrupción y balance de acciones,Caso 4. CENIT,estudio,0.1205
III. Hallazgos en materia de corrupción y balance de acciones,Caso 4. CENIT,valor,0.1201
III. Hallazgos en materia de corrupción y balance de acciones,Caso 4. CENIT,contrato,0.115
III. Hallazgos en materia de corrupción y balance de acciones,Caso 4. CENIT,penal,0.114
III. Hallazgos en materia de corrupción y balance de acciones,Caso 4. CENIT,soporte,0.114
III. Hallazgos en materia de corrupción y balance de acciones,Caso 4. CENIT,denuncia,0.1111
III. Hallazgos en materia de corrupción y balance de acciones,Caso 4. CENIT,cuyo,0.1083
III. Hallazgos en materia de corrupción y balance de acciones,Caso 5. FENOGE,adjudicación,0.1728
III. Hallazgos en materia de corrupción y balance de acciones,Caso 5. FENOGE,modificación,0.166
III. Hallazgos en materia de corrupción y balance de acciones,Caso 5. FENOGE,previsto,0.16
III. Hallazgos en materia de corrupción y balance de acciones,Caso 5. FENOGE,oferta,0.1547
III. Hallazgos en materia de corrupción y balance de acciones,Caso 5. FENOGE,evaluación,0.1341
III. Hallazgos en materia de corrupción y balance de acciones,Caso 5. FENOGE,interesado,0.1275
III. Hallazgos en materia de corrupción y balance de acciones,Caso 5. FENOGE,introducir,0.1275
III. Hallazgos en materia de corrupción y balance de acciones,Caso 5. FENOGE,diligencia,0.1275
III. Hallazgos en materia de corrupción y balance de acciones,Caso 5. FENOGE,considerablemente,0.1275
III. Hallazgos en materia de corrupción y balance de acciones,Caso 5. FENOGE,puntaje,0.1275
III. Hallazgos en materia de corrupción y balance de acciones,Caso 5. FENOGE,cambio,0.1248
III. Hallazgos en materia de corrupción y balance de acciones,Caso 5. FENOGE,programa,0.1194
III. Hallazgos en materia de corrupción y balance de acciones,Caso 5. FENOGE,relevante,0.1189
III. Hallazgos en materia de corrupción y balance de acciones,Caso 5. FENOGE,ejecutivo,0.1189
III. Hallazgos en materia de corrupción y balance de acciones,Caso 5. FENOGE,obtenido,0.1189
III. Hallazgos en materia de corrupción y balance de acciones,Caso 6. Electrohuila,gerente,0.2475
III. Hallazgos en materia de corrupción y balance de acciones,Caso 6. Electrohuila,reforma,0.1968
III. Hallazgos en materia de corrupción y balance de acciones,Caso 6. Electrohuila,posibilidad,0.1884
III. Hallazgos en materia de corrupción y balance de acciones,Caso 6. Electrohuila,cargo,0.1648
III. Hallazgos en materia de corrupción y balance de acciones,Caso 6. Electrohuila,modificación,0.1647
III. Hallazgos en materia de corrupción y balance de acciones,Caso 6. Electrohuila,establecer,0.1402
III. Hallazgos en materia de corrupción y balance de acciones,Caso 6. Electrohuila,corporativo,0.1265
III. Hallazgos en materia de corrupción y balance de acciones,Caso 6. Electrohuila,fijo,0.1265
III. Hallazgos en materia de corrupción y balance de acciones,Caso 6. Electrohuila,regir,0.1265
III. Hallazgos en materia de corrupción y balance de acciones,Caso 6. Electrohuila,indagación,0.1265
III. Hallazgos en materia de corrupción y balance de acciones,Caso 6. Electrohuila,relevancia,0.1265
III. Hallazgos en materia de corrupción y balance de acciones,Caso 6. Electrohuila,anticipado,0.1265
III. Hallazgos en materia de corrupción y balance de acciones,Caso 6. Electrohuila,introducir,0.1265
III. Hallazgos en materia de corrupción y balance de acciones,Caso 6. Electrohuila,empresa,0.1238
III. Hallazgos en materia de corrupción y balance de acciones,Caso 6. Electrohuila,cambio,0.1238
III. Hallazgos en materia de corrupción y balance de acciones,Caso 7. Páramo de Santurbán,delimitación,0.2547
III. Hallazgos en materia de corrupción y balance de acciones,Caso 7. Páramo de Santurbán,páramo,0.229
III. Hallazgos en materia de corrupción y balance de acciones,Caso 7. Páramo de Santurbán,protección,0.1721
III. Hallazgos en materia de corrupción y balance de acciones,Caso 7. Páramo de Santurbán,órden,0.1451
III. Hallazgos en materia de corrupción y balance de acciones,Caso 7. Páramo de Santurbán,irene,0.1451
III. Hallazgos en materia de corrupción y balance de acciones,Caso 7. Páramo de Santurbán,vélez,0.1451
III. Hallazgos en materia de corrupción y balance de acciones,Caso 7. Páramo de Santurbán,ordenado,0.1451
III. Hallazgos en materia de corrupción y balance de acciones,Caso 7. Páramo de Santurbán,omisión,0.1451
III. Hallazgos en materia de corrupción y balance de acciones,Caso 7. Páramo de Santurbán,momento,0.1419
III. Hallazgos en materia de corrupción y balance de acciones,Caso 7. Páramo de Santurbán,judicial,0.1358
III. Hallazgos en materia de corrupción y balance de acciones,Caso 7. Páramo de Santurbán,santurbán,0.1352
III. Hallazgos en materia de corrupción y balance de acciones,Caso 7. Páramo de Santurbán,ecosistema,0.1352
III. Hallazgos en materia de corrupción y balance de acciones,Caso 7. Páramo de Santurbán,transcurrido,0.1352
III. Hallazgos en materia de corrupción y balance de acciones,Caso 7. Páramo de Santurbán,presentación,0.1352
III. Hallazgos en materia de corrupción y balance de acciones,Caso 7. Páramo de Santurbán,apertura,0.1352
III. Hallazgos en materia de corrupción y balance de acciones,Caso 8. Reforma agraria,predio,0.2893
III. Hallazgos en materia de corrupción y balance de acciones,Caso 8. Reforma agraria,adquisición,0.2138
III. Hallazgos en materia de corrupción y balance de acciones,Caso 8. Reforma agraria,ant,0.2091
III. Hallazgos en materia de corrupción y balance de acciones,Caso 8. Reforma agraria,tierras,0.1973
III. Hallazgos en materia de corrupción y balance de acciones,Caso 8. Reforma agraria,aspecto,0.1607
III. Hallazgos en materia de corrupción y balance de acciones,Caso 8. Reforma agraria,atención,0.1393
III. Hallazgos en materia de corrupción y balance de acciones,Caso 8. Reforma agraria,mecanismo,0.1327
III. Hallazgos en materia de corrupción y balance de acciones,Caso 8. Reforma agraria,gracias,0.1325
III. Hallazgos en materia de corrupción y balance de acciones,Caso 8. Reforma agraria,importancia,0.1325
III. Hallazgos en materia de corrupción y balance de acciones,Caso 8. Reforma agraria,forense,0.1325
III. Hallazgos en materia de corrupción y balance de acciones,Caso 8. Reforma agraria,pericial,0.1325
III. Hallazgos en materia de corrupción y balance de acciones,Caso 8. Reforma agraria,dar,0.1325
III. Hallazgos en materia de corrupción y balance de acciones,Caso 8. Reforma agraria,debidamente,0.1325
III. Hallazgos en materia de corrupción y balance de acciones,Caso 8. Reforma agraria,culminar,0.1325
III. Hallazgos en materia de corrupción y balance de acciones,Caso 8. Reforma agraria,denominado,0.1235
III. Hallazgos en materia de corrupción y balance de acciones,Caso 9. Caminos comunitarios para la paz,ciento,0.249
III. Hallazgos en materia de corrupción y balance de acciones,Caso 9. Caminos comunitarios para la paz,físico,0.2177
III. Hallazgos en materia de corrupción y balance de acciones,Caso 9. Caminos comunitarios para la paz,avance,0.2177
III. Hallazgos en materia de corrupción y balance de acciones,Caso 9. Caminos comunitarios para la paz,ejecución,0.1858
III. Hallazgos en materia de corrupción y balance de acciones,Caso 9. Caminos comunitarios para la paz,intervención,0.1758
III. Hallazgos en materia de corrupción y balance de acciones,Caso 9. Caminos comunitarios para la paz,acción,0.1674
III. Hallazgos en materia de corrupción y balance de acciones,Caso 9. Caminos comunitarios para la paz,comunal,0.1672
III. Hallazgos en materia de corrupción y balance de acciones,Caso 9. Caminos comunitarios para la paz,vial,0.1672
III. Hallazgos en materia de corrupción y balance de acciones,Caso 9. Caminos comunitarios para la paz,juntas,0.1672
III. Hallazgos en materia de corrupción y balance de acciones,Caso 9. Caminos comunitarios para la paz,infraestructura,0.1636
III. Hallazgos en materia de corrupción y balance de acciones,Caso 9. Caminos comunitarios para la paz,irregularidad,0.1559
III. Hallazgos en materia de corrupción y balance de acciones,Caso 9. Caminos comunitarios para la paz,practicado,0.1559
III. Hallazgos en materia de corrupción y balance de acciones,Caso 9. Caminos comunitarios para la paz,tema,0.1471
III. Hallazgos en materia de corrupción y balance de acciones,Caso 9. Caminos comunitarios para la paz,antioquia,0.1471
III. Hallazgos en materia de corrupción y balance de acciones,Caso 9. Caminos comunitarios para la paz,derivar,0.1471
III. Hallazgos en materia de corrupción y balance de acciones,Caso 10. Servicios de ciberseguridad,cce,0.2433
III. Hallazgos en materia de corrupción y balance de acciones,Caso 10. Servicios de ciberseguridad,compra,0.214
III. Hallazgos en materia de corrupción y balance de acciones,Caso 10. Servicios de ciberseguridad,eficiente,0.1871
III. Hallazgos en materia de corrupción y balance de acciones,Caso 10. Servicios de ciberseguridad,procedimiento,0.1804
III. Hallazgos en materia de corrupción y balance de acciones,Caso 10. Servicios de ciberseguridad,observación,0.1743
III. Hallazgos en materia de corrupción y balance de acciones,Caso 10. Servicios de ciberseguridad,ciberseguridad,0.1437
III. Hallazgos en materia de corrupción y balance de acciones,Caso 10. Servicios de ciberseguridad,significativamente,0.1437
III. Hallazgos en materia de corrupción y balance de acciones,Caso 10. Servicios de ciberseguridad,promovido,0.1437
III. Hallazgos en materia de corrupción y balance de acciones,Caso 10. Servicios de ciberseguridad,querer,0.134
III. Hallazgos en materia de corrupción y balance de acciones,Caso 10. Servicios de ciberseguridad,advertido,0.1264
III. Hallazgos en materia de corrupción y balance de acciones,Caso 10. Servicios de ciberseguridad,cronograma,0.1264
III. Hallazgos en materia de corrupción y balance de acciones,Caso 10. Servicios de ciberseguridad,ser,0.1264
III. Hallazgos en materia de corrupción y balance de acciones,Caso 10. Servicios de ciberseguridad,comprometer,0.1218
III. Hallazgos en materia de corrupción y balance de acciones,Caso 10. Servicios de ciberseguridad,oferent,0.1202
III. Hallazgos en materia de corrupción y balance de acciones,Caso 10. Servicios de ciberseguridad,cuantía,0.1202
III. Hallazgos en materia de corrupción y balance de acciones,Caso 11. Unidad Nacional de Protección (UNP),zona,0.2259
III. Hallazgos en materia de corrupción y balance de acciones,Caso 11. Unidad Nacional de Protección (UNP),protección,0.1983
III. Hallazgos en materia de corrupción y balance de acciones,Caso 11. Unidad Nacional de Protección (UNP),provisional,0.1822
III. Hallazgos en materia de corrupción y balance de acciones,Caso 11. Unidad Nacional de Protección (UNP),unidad,0.1822
III. Hallazgos en materia de corrupción y balance de acciones,Caso 11. Unidad Nacional de Protección (UNP),objeto,0.1688
III. Hallazgos en materia de corrupción y balance de acciones,Caso 11. Unidad Nacional de Protección (UNP),circunstancia,0.1631
III. Hallazgos en materia de corrupción y balance de acciones,Caso 11. Unidad Nacional de Protección (UNP),esquema,0.158
III. Hallazgos en materia de corrupción y balance de acciones,Caso 11. Unidad Nacional de Protección (UNP),solicitud,0.1533
III. Hallazgos en materia de corrupción y balance de acciones,Caso 11. Unidad Nacional de Protección (UNP),suspensión,0.1379
III. Hallazgos en materia de corrupción y balance de acciones,Caso 11. Unidad Nacional de Protección (UNP),desplazamiento,0.1345
III. Hallazgos en materia de corrupción y balance de acciones,Caso 11. Unidad Nacional de Protección (UNP),escolta,0.1345
III. Hallazgos en materia de corrupción y balance de acciones,Caso 11. Unidad Nacional de Protección (UNP),decretar,0.1345
III. Hallazgos en materia de corrupción y balance de acciones,Caso 11. Unidad Nacional de Protección (UNP),conseguir,0.1345
III. Hallazgos en materia de corrupción y balance de acciones,Caso 11. Unidad Nacional de Protección (UNP),exclusión,0.1345
III. Hallazgos en materia de corrupción y balance de acciones,Caso 11. Unidad Nacional de Protección (UNP),interrogante,0.1345
III. Hallazgos en materia de corrupción y balance de acciones,Caso 12. FONTUR,documentación,0.2018
III. Hallazgos en materia de corrupción y balance de acciones,Caso 12. FONTUR,incremento,0.1889
III. Hallazgos en materia de corrupción y balance de acciones,Caso 12. FONTUR,élite,0.1689
III. Hallazgos en materia de corrupción y balance de acciones,Caso 12. FONTUR,convenio,0.1649
III. Hallazgos en materia de corrupción y balance de acciones,Caso 12. FONTUR,fontur,0.1608
III. Hallazgos en materia de corrupción y balance de acciones,Caso 12. FONTUR,turístico,0.1608
III. Hallazgos en materia de corrupción y balance de acciones,Caso 12. FONTUR,involucrado,0.1608
III. Hallazgos en materia de corrupción y balance de acciones,Caso 12. FONTUR,aplicable,0.1608
III. Hallazgos en materia de corrupción y balance de acciones,Caso 12. FONTUR,correspondiente,0.1574
III. Hallazgos en materia de corrupción y balance de acciones,Caso 12. FONTUR,proyecto,0.1571
III. Hallazgos en materia de corrupción y balance de acciones,Caso 12. FONTUR,contemplar,0.1499
III. Hallazgos en materia de corrupción y balance de acciones,Caso 12. FONTUR,detallado,0.1415
III. Hallazgos en materia de corrupción y balance de acciones,Caso 12. FONTUR,antecedente,0.1415
III. Hallazgos en materia de corrupción y balance de acciones,Caso 12. FONTUR,motivar,0.1415
III. Hallazgos en materia de corrupción y balance de acciones,Caso 12. FONTUR,publicación,0.1415
III. Hallazgos en materia de corrupción y balance de acciones,"Caso 13. Acuerdo marco para el suministro, adquisición y dispensación de medicamentos II — $3 billones en juego",marco,0.2503
III. Hallazgos en materia de corrupción y balance de acciones,"Caso 13. Acuerdo marco para el suministro, adquisición y dispensación de medicamentos II — $3 billones en juego",exclusión,0.1994
III. Hallazgos en materia de corrupción y balance de acciones,"Caso 13. Acuerdo marco para el suministro, adquisición y dispensación de medicamentos II — $3 billones en juego",cce,0.1994
III. Hallazgos en materia de corrupción y balance de acciones,"Caso 13. Acuerdo marco para el suministro, adquisición y dispensación de medicamentos II — $3 billones en juego",concomitante,0.1994
III. Hallazgos en materia de corrupción y balance de acciones,"Caso 13. Acuerdo marco para el suministro, adquisición y dispensación de medicamentos II — $3 billones en juego",iii,0.1859
III. Hallazgos en materia de corrupción y balance de acciones,"Caso 13. Acuerdo marco para el suministro, adquisición y dispensación de medicamentos II — $3 billones en juego",compra,0.1754
III. Hallazgos en materia de corrupción y balance de acciones,"Caso 13. Acuerdo marco para el suministro, adquisición y dispensación de medicamentos II — $3 billones en juego",comenzar,0.1754
III. Hallazgos en materia de corrupción y balance de acciones,"Caso 13. Acuerdo marco para el suministro, adquisición y dispensación de medicamentos II — $3 billones en juego",falencia,0.1754
III. Hallazgos en materia de corrupción y balance de acciones,"Caso 13. Acuerdo marco para el suministro, adquisición y dispensación de medicamentos II — $3 billones en juego",cronograma,0.1754
III. Hallazgos en materia de corrupción y balance de acciones,"Caso 13. Acuerdo marco para el suministro, adquisición y dispensación de medicamentos II — $3 billones en juego",fin,0.1669
III. Hallazgos en materia de corrupción y balance de acciones,"Caso 13. Acuerdo marco para el suministro, adquisición y dispensación de medicamentos II — $3 billones en juego",órgano,0.1669
III. Hallazgos en materia de corrupción y balance de acciones,"Caso 13. Acuerdo marco para el suministro, adquisición y dispensación de medicamentos II — $3 billones en juego",administrado,0.1669
III. Hallazgos en materia de corrupción y balance de acciones,"Caso 13. Acuerdo marco para el suministro, adquisición y dispensación de medicamentos II — $3 billones en juego",vulnerable,0.1669
III. Hallazgos en materia de corrupción y balance de acciones,"Caso 13. Acuerdo marco para el suministro, adquisición y dispensación de medicamentos II — $3 billones en juego",presencia,0.1596
III. Hallazgos en materia de corrupción y balance de acciones,"Caso 13. Acuerdo marco para el suministro, adquisición y dispensación de medicamentos II — $3 billones en juego",suministro,0.1596
III. Hallazgos en materia de corrupción y balance de acciones,Caso 14. CODALTEC,antidrones,0.3059
III. Hallazgos en materia de corrupción y balance de acciones,Caso 14. CODALTEC,hacer,0.2215
III. Hallazgos en materia de corrupción y balance de acciones,Caso 14. CODALTEC,defensa,0.1837
III. Hallazgos en materia de corrupción y balance de acciones,Caso 14. CODALTEC,faltar,0.1564
III. Hallazgos en materia de corrupción y balance de acciones,Caso 14. CODALTEC,configuración,0.1564
III. Hallazgos en materia de corrupción y balance de acciones,Caso 14. CODALTEC,escudo,0.1458
III. Hallazgos en materia de corrupción y balance de acciones,Caso 14. CODALTEC,detección,0.1458
III. Hallazgos en materia de corrupción y balance de acciones,Caso 14. CODALTEC,inhibición,0.1458
III. Hallazgos en materia de corrupción y balance de acciones,Caso 14. CODALTEC,aéreo,0.1458
III. Hallazgos en materia de corrupción y balance de acciones,Caso 14. CODALTEC,comprender,0.1458
III. Hallazgos en materia de corrupción y balance de acciones,Caso 14. CODALTEC,denominado,0.1458
III. Hallazgos en materia de corrupción y balance de acciones,Caso 14. CODALTEC,relevante,0.1458
III. Hallazgos en materia de corrupción y balance de acciones,Caso 14. CODALTEC,pertinencia,0.1458
III. Hallazgos en materia de corrupción y balance de acciones,Caso 14. CODALTEC,auditoría,0.1434
III. Hallazgos en materia de corrupción y balance de acciones,Caso 14. CODALTEC,sistema,0.1377
III. Hallazgos en materia de corrupción y balance de acciones,Caso 15. C.I. MEPRECOL S.A.S.,extinción,0.2421
III. Hallazgos en materia de corrupción y balance de acciones,Caso 15. C.I. MEPRECOL S.A.S.,dominio,0.2421
III. Hallazgos en materia de corrupción y balance de acciones,Caso 15. C.I. MEPRECOL S.A.S.,prevenir,0.1953
III. Hallazgos en materia de corrupción y balance de acciones,Caso 15. C.I. MEPRECOL S.A.S.,oro,0.1953
III. Hallazgos en materia de corrupción y balance de acciones,Caso 15. C.I. MEPRECOL S.A.S.,mineral,0.1953
III. Hallazgos en materia de corrupción y balance de acciones,Caso 15. C.I. MEPRECOL S.A.S.,compra,0.1718
III. Hallazgos en materia de corrupción y balance de acciones,Caso 15. C.I. MEPRECOL S.A.S.,trazabilidad,0.1709
III. Hallazgos en materia de corrupción y balance de acciones,Caso 15. C.I. MEPRECOL S.A.S.,activo,0.1503
III. Hallazgos en materia de corrupción y balance de acciones,Caso 15. C.I. MEPRECOL S.A.S.,operación,0.1461
III. Hallazgos en materia de corrupción y balance de acciones,Caso 15. C.I. MEPRECOL S.A.S.,sociedad,0.1356
III. Hallazgos en materia de corrupción y balance de acciones,Caso 15. C.I. MEPRECOL S.A.S.,asociado,0.1315
III. Hallazgos en materia de corrupción y balance de acciones,Caso 15. C.I. MEPRECOL S.A.S.,mecanismo,0.1155
III. Hallazgos en materia de corrupción y balance de acciones,Caso 15. C.I. MEPRECOL S.A.S.,importancia,0.1154
III. Hallazgos en materia de corrupción y balance de acciones,Caso 15. C.I. MEPRECOL S.A.S.,sometido,0.1154
III. Hallazgos en materia de corrupción y balance de acciones,Caso 15. C.I. MEPRECOL S.A.S.,desarrollado,0.1154
III. Hallazgos en materia de corrupción y balance de acciones,Caso 16. Canal Trece,logístico,0.2429
III. Hallazgos en materia de corrupción y balance de acciones,Caso 16. Canal Trece,intermediación,0.2085
III. Hallazgos en materia de corrupción y balance de acciones,Caso 16. Canal Trece,objeto,0.1558
III. Hallazgos en materia de corrupción y balance de acciones,Caso 16. Canal Trece,verificación,0.1506
III. Hallazgos en materia de corrupción y balance de acciones,Caso 16. Canal Trece,actividad,0.1459
III. Hallazgos en materia de corrupción y balance de acciones,Caso 16. Canal Trece,ejecución,0.1379
III. Hallazgos en materia de corrupción y balance de acciones,Caso 16. Canal Trece,adelantado,0.1305
III. Hallazgos en materia de corrupción y balance de acciones,Caso 16. Canal Trece,aportar,0.1242
III. Hallazgos en materia de corrupción y balance de acciones,Caso 16. Canal Trece,agregado,0.1242
III. Hallazgos en materia de corrupción y balance de acciones,Caso 16. Canal Trece,reconocido,0.1242
III. Hallazgos en materia de corrupción y balance de acciones,Caso 16. Canal Trece,inquietud,0.1242
III. Hallazgos en materia de corrupción y balance de acciones,Caso 16. Canal Trece,remuneración,0.1242
III. Hallazgos en materia de corrupción y balance de acciones,Caso 16. Canal Trece,cuidado,0.1242
III. Hallazgos en materia de corrupción y balance de acciones,Caso 16. Canal Trece,administración,0.1163
III. Hallazgos en materia de corrupción y balance de acciones,Caso 16. Canal Trece,lupa,0.1157
III. Hallazgos en materia de corrupción y balance de acciones,Caso 17. ICBF,nombramiento,0.253
III. Hallazgos en materia de corrupción y balance de acciones,Caso 17. ICBF,provisionalidad,0.2439
III. Hallazgos en materia de corrupción y balance de acciones,Caso 17. ICBF,resolución,0.1643
III. Hallazgos en materia de corrupción y balance de acciones,Caso 17. ICBF,competente,0.1442
III. Hallazgos en materia de corrupción y balance de acciones,Caso 17. ICBF,deber,0.1442
III. Hallazgos en materia de corrupción y balance de acciones,Caso 17. ICBF,característica,0.1441
III. Hallazgos en materia de corrupción y balance de acciones,Caso 17. ICBF,individualizado,0.1441
III. Hallazgos en materia de corrupción y balance de acciones,Caso 17. ICBF,designado,0.1441
III. Hallazgos en materia de corrupción y balance de acciones,Caso 17. ICBF,razón,0.1441
III. Hallazgos en materia de corrupción y balance de acciones,Caso 17. ICBF,consiguiente,0.1441
III. Hallazgos en materia de corrupción y balance de acciones,Caso 17. ICBF,sustentar,0.1343
III. Hallazgos en materia de corrupción y balance de acciones,Caso 17. ICBF,indispensable,0.1343
III. Hallazgos en materia de corrupción y balance de acciones,Caso 17. ICBF,serie,0.1343
III. Hallazgos en materia de corrupción y balance de acciones,Caso 17. ICBF,secretaría,0.1343
III. Hallazgos en materia de corrupción y balance de acciones,Caso 17. ICBF,valoración,0.1343
III. Hallazgos en materia de corrupción y balance de acciones,Caso 18. Agencia Nacional de Defensa Jurídica del Estado (ANDJE) — 48 procesos contractuales bajo vigilancia,solicitar,0.2506
III. Hallazgos en materia de corrupción y balance de acciones,Caso 18. Agencia Nacional de Defensa Jurídica del Estado (ANDJE) — 48 procesos contractuales bajo vigilancia,gonzález,0.2261
III. Hallazgos en materia de corrupción y balance de acciones,Caso 18. Agencia Nacional de Defensa Jurídica del Estado (ANDJE) — 48 procesos contractuales bajo vigilancia,cancino,0.2261
III. Hallazgos en materia de corrupción y balance de acciones,Caso 18. Agencia Nacional de Defensa Jurídica del Estado (ANDJE) — 48 procesos contractuales bajo vigilancia,iván,0.2261
III. Hallazgos en materia de corrupción y balance de acciones,Caso 18. Agencia Nacional de Defensa Jurídica del Estado (ANDJE) — 48 procesos contractuales bajo vigilancia,jurídica,0.2261
III. Hallazgos en materia de corrupción y balance de acciones,Caso 18. Agencia Nacional de Defensa Jurídica del Estado (ANDJE) — 48 procesos contractuales bajo vigilancia,pretender,0.2261
III. Hallazgos en materia de corrupción y balance de acciones,Caso 18. Agencia Nacional de Defensa Jurídica del Estado (ANDJE) — 48 procesos contractuales bajo vigilancia,designado,0.2261
III. Hallazgos en materia de corrupción y balance de acciones,Caso 18. Agencia Nacional de Defensa Jurídica del Estado (ANDJE) — 48 procesos contractuales bajo vigilancia,evitar,0.2107
III. Hallazgos en materia de corrupción y balance de acciones,Caso 18. Agencia Nacional de Defensa Jurídica del Estado (ANDJE) — 48 procesos contractuales bajo vigilancia,acompañamiento,0.1989
III. Hallazgos en materia de corrupción y balance de acciones,Caso 18. Agencia Nacional de Defensa Jurídica del Estado (ANDJE) — 48 procesos contractuales bajo vigilancia,comité,0.1989
III. Hallazgos en materia de corrupción y balance de acciones,Caso 18. Agencia Nacional de Defensa Jurídica del Estado (ANDJE) — 48 procesos contractuales bajo vigilancia,cuantía,0.1892
III. Hallazgos en materia de corrupción y balance de acciones,Caso 18. Agencia Nacional de Defensa Jurídica del Estado (ANDJE) — 48 procesos contractuales bajo vigilancia,aplazar,0.1892
III. Hallazgos en materia de corrupción y balance de acciones,Caso 18. Agencia Nacional de Defensa Jurídica del Estado (ANDJE) — 48 procesos contractuales bajo vigilancia,contractual,0.1752
III. Hallazgos en materia de corrupción y balance de acciones,Caso 18. Agencia Nacional de Defensa Jurídica del Estado (ANDJE) — 48 procesos contractuales bajo vigilancia,justicia,0.1676
III. Hallazgos en materia de corrupción y balance de acciones,Caso 18. Agencia Nacional de Defensa Jurídica del Estado (ANDJE) — 48 procesos contractuales bajo vigilancia,especial,0.1676
III. Hallazgos en materia de corrupción y balance de acciones,Caso 19. Hospital San Juan de Dios,conformación,0.256
III. Hallazgos en materia de corrupción y balance de acciones,Caso 19. Hospital San Juan de Dios,hospital,0.244
III. Hallazgos en materia de corrupción y balance de acciones,Caso 19. Hospital San Juan de Dios,planta,0.2273
III. Hallazgos en materia de corrupción y balance de acciones,Caso 19. Hospital San Juan de Dios,nómina,0.2049
III. Hallazgos en materia de corrupción y balance de acciones,Caso 19. Hospital San Juan de Dios,personal,0.197
III. Hallazgos en materia de corrupción y balance de acciones,Caso 19. Hospital San Juan de Dios,adoptado,0.1834
III. Hallazgos en materia de corrupción y balance de acciones,Caso 19. Hospital San Juan de Dios,san,0.1512
III. Hallazgos en materia de corrupción y balance de acciones,Caso 19. Hospital San Juan de Dios,vinculación,0.1512
III. Hallazgos en materia de corrupción y balance de acciones,Caso 19. Hospital San Juan de Dios,ordenado,0.1512
III. Hallazgos en materia de corrupción y balance de acciones,Caso 19. Hospital San Juan de Dios,razonabilidad,0.1512
III. Hallazgos en materia de corrupción y balance de acciones,Caso 19. Hospital San Juan de Dios,puesta,0.1512
III. Hallazgos en materia de corrupción y balance de acciones,Caso 19. Hospital San Juan de Dios,millonario,0.1409
III. Hallazgos en materia de corrupción y balance de acciones,Caso 19. Hospital San Juan de Dios,paciente,0.1409
III. Hallazgos en materia de corrupción y balance de acciones,Caso 19. Hospital San Juan de Dios,proporcionalidad,0.1409
III. Hallazgos en materia de corrupción y balance de acciones,Caso 19. Hospital San Juan de Dios,proyectar,0.1409
III. Hallazgos en materia de corrupción y balance de acciones,Caso 20. Cancillería,consular,0.324
III. Hallazgos en materia de corrupción y balance de acciones,Caso 20. Cancillería,sede,0.2512
III. Hallazgos en materia de corrupción y balance de acciones,Caso 20. Cancillería,sed,0.221
III. Hallazgos en materia de corrupción y balance de acciones,Caso 20. Cancillería,realizado,0.1743
III. Hallazgos en materia de corrupción y balance de acciones,Caso 20. Cancillería,razonabilidad,0.1484
III. Hallazgos en materia de corrupción y balance de acciones,Caso 20. Cancillería,procedencia,0.1484
III. Hallazgos en materia de corrupción y balance de acciones,Caso 20. Cancillería,oficina,0.1383
III. Hallazgos en materia de corrupción y balance de acciones,Caso 20. Cancillería,valorar,0.1383
III. Hallazgos en materia de corrupción y balance de acciones,Caso 20. Cancillería,ámbito,0.1383
III. Hallazgos en materia de corrupción y balance de acciones,Caso 20. Cancillería,representación,0.1383
III. Hallazgos en materia de corrupción y balance de acciones,Caso 20. Cancillería,beneficiar,0.1383
III. Hallazgos en materia de corrupción y balance de acciones,Caso 20. Cancillería,irregularidad,0.1383
III. Hallazgos en materia de corrupción y balance de acciones,Caso 20. Cancillería,efectuar,0.1383
III. Hallazgos en materia de corrupción y balance de acciones,Caso 20. Cancillería,apertura,0.1383
III. Hallazgos en materia de corrupción y balance de acciones,Caso 20. Cancillería,inversión,0.1333
III. Hallazgos en materia de corrupción y balance de acciones,Caso 21. ASOMUFFAA,afectado,0.2341
III. Hallazgos en materia de corrupción y balance de acciones,Caso 21. ASOMUFFAA,organización,0.2074
III. Hallazgos en materia de corrupción y balance de acciones,Caso 21. ASOMUFFAA,revisado,0.1884
III. Hallazgos en materia de corrupción y balance de acciones,Caso 21. ASOMUFFAA,vigilancia,0.1831
III. Hallazgos en materia de corrupción y balance de acciones,Caso 21. ASOMUFFAA,adelantado,0.1737
III. Hallazgos en materia de corrupción y balance de acciones,Caso 21. ASOMUFFAA,intervención,0.1737
III. Hallazgos en materia de corrupción y balance de acciones,Caso 21. ASOMUFFAA,presunto,0.1694
III. Hallazgos en materia de corrupción y balance de acciones,Caso 21. ASOMUFFAA,familia,0.1694
III. Hallazgos en materia de corrupción y balance de acciones,Caso 21. ASOMUFFAA,habitual,0.1652
III. Hallazgos en materia de corrupción y balance de acciones,Caso 21. ASOMUFFAA,sociedades,0.1652
III. Hallazgos en materia de corrupción y balance de acciones,Caso 21. ASOMUFFAA,inversionista,0.1652
III. Hallazgos en materia de corrupción y balance de acciones,Caso 21. ASOMUFFAA,actuación,0.1617
III. Hallazgos en materia de corrupción y balance de acciones,Caso 21. ASOMUFFAA,valorar,0.154
III. Hallazgos en materia de corrupción y balance de acciones,Caso 21. ASOMUFFAA,autorizado,0.154
III. Hallazgos en materia de corrupción y balance de acciones,Caso 21. ASOMUFFAA,efectuar,0.154
III. Hallazgos en materia de corrupción y balance de acciones,Caso 22. FONIGUALDAD,liquidación,0.223
III. Hallazgos en materia de corrupción y balance de acciones,Caso 22. FONIGUALDAD,vinculado,0.2049
III. Hallazgos en materia de corrupción y balance de acciones,Caso 22. FONIGUALDAD,tamaño,0.1574
III. Hallazgos en materia de corrupción y balance de acciones,Caso 22. FONIGUALDAD,pertinente,0.1574
III. Hallazgos en materia de corrupción y balance de acciones,Caso 22. FONIGUALDAD,procedencia,0.1574
III. Hallazgos en materia de corrupción y balance de acciones,Caso 22. FONIGUALDAD,relevancia,0.1574
III. Hallazgos en materia de corrupción y balance de acciones,Caso 22. FONIGUALDAD,labor,0.1574
III. Hallazgos en materia de corrupción y balance de acciones,Caso 22. FONIGUALDAD,contratos,0.1574
III. Hallazgos en materia de corrupción y balance de acciones,Caso 22. FONIGUALDAD,extinción,0.1574
III. Hallazgos en materia de corrupción y balance de acciones,Caso 22. FONIGUALDAD,actuación,0.154
III. Hallazgos en materia de corrupción y balance de acciones,Caso 22. FONIGUALDAD,coincidencia,0.1467
III. Hallazgos en materia de corrupción y balance de acciones,Caso 22. FONIGUALDAD,fonigualdad,0.1467
III. Hallazgos en materia de corrupción y balance de acciones,Caso 22. FONIGUALDAD,erario,0.1467
III. Hallazgos en materia de corrupción y balance de acciones,Caso 22. FONIGUALDAD,justificación,0.1467
III. Hallazgos en materia de corrupción y balance de acciones,Caso 22. FONIGUALDAD,pertinencia,0.1467
III. Hallazgos en materia de corrupción y balance de acciones,Caso 23. Agencia de Desarrollo Rural (ADR),habilitado,0.2712
III. Hallazgos en materia de corrupción y balance de acciones,Caso 23. Agencia de Desarrollo Rural (ADR),sábado,0.2712
III. Hallazgos en materia de corrupción y balance de acciones,Caso 23. Agencia de Desarrollo Rural (ADR),extraordinario,0.2712
III. Hallazgos en materia de corrupción y balance de acciones,Caso 23. Agencia de Desarrollo Rural (ADR),actuación,0.1943
III. Hallazgos en materia de corrupción y balance de acciones,Caso 23. Agencia de Desarrollo Rural (ADR),agencia,0.1776
III. Hallazgos en materia de corrupción y balance de acciones,Caso 23. Agencia de Desarrollo Rural (ADR),solicitar,0.1776
III. Hallazgos en materia de corrupción y balance de acciones,Caso 23. Agencia de Desarrollo Rural (ADR),adelantar,0.1728
III. Hallazgos en materia de corrupción y balance de acciones,Caso 23. Agencia de Desarrollo Rural (ADR),hábil,0.1602
III. Hallazgos en materia de corrupción y balance de acciones,Caso 23. Agencia de Desarrollo Rural (ADR),similar,0.1602
III. Hallazgos en materia de corrupción y balance de acciones,Caso 23. Agencia de Desarrollo Rural (ADR),provisionalmente,0.1602
III. Hallazgos en materia de corrupción y balance de acciones,Caso 23. Agencia de Desarrollo Rural (ADR),contractual,0.1538
III. Hallazgos en materia de corrupción y balance de acciones,Caso 23. Agencia de Desarrollo Rural (ADR),agosto,0.15
III. Hallazgos en materia de corrupción y balance de acciones,Caso 23. Agencia de Desarrollo Rural (ADR),expideír,0.1493
III. Hallazgos en materia de corrupción y balance de acciones,Caso 23. Agencia de Desarrollo Rural (ADR),habilitación,0.1493
III. Hallazgos en materia de corrupción y balance de acciones,Caso 23. Agencia de Desarrollo Rural (ADR),obtenido,0.1493
IV. Balance sectorial,Sector Agricultura y desarrollo Rural,tierra,0.1592
IV. Balance sectorial,Sector Agricultura y desarrollo Rural,hectárea,0.1399
IV. Balance sectorial,Sector Agricultura y desarrollo Rural,formalización,0.1297
IV. Balance sectorial,Sector Agricultura y desarrollo Rural,rural,0.1234
IV. Balance sectorial,Sector Agricultura y desarrollo Rural,sanitario,0.1209
IV. Balance sectorial,Sector Agricultura y desarrollo Rural,plenamente,0.1209
IV. Balance sectorial,Sector Agricultura y desarrollo Rural,propiedad,0.1141
IV. Balance sectorial,Sector Agricultura y desarrollo Rural,campesino,0.1141
IV. Balance sectorial,Sector Agricultura y desarrollo Rural,crédito,0.1056
IV. Balance sectorial,Sector Agricultura y desarrollo Rural,registrado,0.1056
IV. Balance sectorial,Sector Agricultura y desarrollo Rural,competitividad,0.1046
IV. Balance sectorial,Sector Agricultura y desarrollo Rural,anunciado,0.1046
IV. Balance sectorial,Sector Agricultura y desarrollo Rural,difícil,0.1046
IV. Balance sectorial,Sector Agricultura y desarrollo Rural,regulación,0.0975
IV. Balance sectorial,Sector Agricultura y desarrollo Rural,campo,0.0975
IV. Balance sectorial,Sector Ambiente y Desarrollo Rural,santander,0.1535
IV. Balance sectorial,Sector Ambiente y Desarrollo Rural,bosque,0.1535
IV. Balance sectorial,Sector Ambiente y Desarrollo Rural,ambiental,0.1341
IV. Balance sectorial,Sector Ambiente y Desarrollo Rural,peor,0.1329
IV. Balance sectorial,Sector Ambiente y Desarrollo Rural,vital,0.1329
IV. Balance sectorial,Sector Ambiente y Desarrollo Rural,deforestación,0.1329
IV. Balance sectorial,Sector Ambiente y Desarrollo Rural,ambiente,0.1266
IV. Balance sectorial,Sector Ambiente y Desarrollo Rural,hectárea,0.1266
IV. Balance sectorial,Sector Ambiente y Desarrollo Rural,mundo,0.1238
IV. Balance sectorial,Sector Ambiente y Desarrollo Rural,expideír,0.1238
IV. Balance sectorial,Sector Ambiente y Desarrollo Rural,corporación,0.1112
IV. Balance sectorial,Sector Ambiente y Desarrollo Rural,delimitación,0.1112
IV. Balance sectorial,Sector Ambiente y Desarrollo Rural,resolución,0.1109
IV. Balance sectorial,Sector Ambiente y Desarrollo Rural,invertir,0.1063
IV. Balance sectorial,Sector Ambiente y Desarrollo Rural,agua,0.1022
IV. Balance sectorial,"Sector Ciencia, Tecnología e Innovación",ciencia,0.194
IV. Balance sectorial,"Sector Ciencia, Tecnología e Innovación",bienio,0.1473
IV. Balance sectorial,"Sector Ciencia, Tecnología e Innovación",innovación,0.1466
IV. Balance sectorial,"Sector Ciencia, Tecnología e Innovación",salud,0.1217
IV. Balance sectorial,"Sector Ciencia, Tecnología e Innovación",par,0.1189
IV. Balance sectorial,"Sector Ciencia, Tecnología e Innovación",investigador,0.1189
IV. Balance sectorial,"Sector Ciencia, Tecnología e Innovación",dnp,0.1189
IV. Balance sectorial,"Sector Ciencia, Tecnología e Innovación",evaluador,0.1189
IV. Balance sectorial,"Sector Ciencia, Tecnología e Innovación",universidad,0.1179
IV. Balance sectorial,"Sector Ciencia, Tecnología e Innovación",proyecto,0.1139
IV. Balance sectorial,"Sector Ciencia, Tecnología e Innovación",secretaría,0.1108
IV. Balance sectorial,"Sector Ciencia, Tecnología e Innovación",proponent,0.1108
IV. Balance sectorial,"Sector Ciencia, Tecnología e Innovación",limbo,0.1108
IV. Balance sectorial,"Sector Ciencia, Tecnología e Innovación",convocatoria,0.1055
IV. Balance sectorial,"Sector Ciencia, Tecnología e Innovación",parálisis,0.1046
IV. Balance sectorial,"Sector Comercio, Industria y Turismo",turismo,0.1891
IV. Balance sectorial,"Sector Comercio, Industria y Turismo",liquidar,0.1532
IV. Balance sectorial,"Sector Comercio, Industria y Turismo",comercial,0.1532
IV. Balance sectorial,"Sector Comercio, Industria y Turismo",emprendedor,0.1501
IV. Balance sectorial,"Sector Comercio, Industria y Turismo",comercio,0.1357
IV. Balance sectorial,"Sector Comercio, Industria y Turismo",industria,0.1357
IV. Balance sectorial,"Sector Comercio, Industria y Turismo",embarcadero,0.1299
IV. Balance sectorial,"Sector Comercio, Industria y Turismo",fontur,0.1299
IV. Balance sectorial,"Sector Comercio, Industria y Turismo",instalado,0.1211
IV. Balance sectorial,"Sector Comercio, Industria y Turismo",interno,0.1153
IV. Balance sectorial,"Sector Comercio, Industria y Turismo",detrimento,0.1143
IV. Balance sectorial,"Sector Comercio, Industria y Turismo",propiedad,0.1143
IV. Balance sectorial,"Sector Comercio, Industria y Turismo",externo,0.1087
IV. Balance sectorial,"Sector Comercio, Industria y Turismo",pendiente,0.1084
IV. Balance sectorial,"Sector Comercio, Industria y Turismo",traducir,0.1084
IV. Balance sectorial,Sector Cultura,cupo,0.215
IV. Balance sectorial,Sector Cultura,cocrea,0.1587
IV. Balance sectorial,Sector Cultura,cultural,0.1479
IV. Balance sectorial,Sector Cultura,cultura,0.1328
IV. Balance sectorial,Sector Cultura,incentivo,0.127
IV. Balance sectorial,Sector Cultura,instrumento,0.127
IV. Balance sectorial,Sector Cultura,proporción,0.1193
IV. Balance sectorial,Sector Cultura,comprometido,0.115
IV. Balance sectorial,Sector Cultura,vigencia,0.114
IV. Balance sectorial,Sector Cultura,convocatoria,0.1137
IV. Balance sectorial,Sector Cultura,efectivamente,0.1126
IV. Balance sectorial,Sector Cultura,proyecto,0.1126
IV. Balance sectorial,Sector Cultura,año,0.1088
IV. Balance sectorial,Sector Cultura,liquidar,0.1071
IV. Balance sectorial,Sector Cultura,abrir,0.0961
IV. Balance sectorial,Sector Defensa Nacional,fuerza,0.1701
IV. Balance sectorial,Sector Defensa Nacional,operacional,0.1422
IV. Balance sectorial,Sector Defensa Nacional,policía,0.13
IV. Balance sectorial,Sector Defensa Nacional,aeronave,0.13
IV. Balance sectorial,Sector Defensa Nacional,integrante,0.1212
IV. Balance sectorial,Sector Defensa Nacional,pública,0.1183
IV. Balance sectorial,Sector Defensa Nacional,misión,0.1144
IV. Balance sectorial,Sector Defensa Nacional,defensa,0.1122
IV. Balance sectorial,Sector Defensa Nacional,aeroespacial,0.1049
IV. Balance sectorial,Sector Defensa Nacional,violencia,0.1049
IV. Balance sectorial,Sector Defensa Nacional,presencia,0.1041
IV. Balance sectorial,Sector Defensa Nacional,necesitar,0.1026
IV. Balance sectorial,Sector Defensa Nacional,mujer,0.0978
IV. Balance sectorial,Sector Defensa Nacional,soldado,0.0978
IV. Balance sectorial,Sector Defensa Nacional,antidrones,0.0978
IV. Balance sectorial,Sector Deporte,deportista,0.2247
IV. Balance sectorial,Sector Deporte,deportivo,0.182
IV. Balance sectorial,Sector Deporte,deporte,0.182
IV. Balance sectorial,Sector Deporte,atleta,0.182
IV. Balance sectorial,Sector Deporte,medalla,0.1292
IV. Balance sectorial,Sector Deporte,tutela,0.1292
IV. Balance sectorial,Sector Deporte,reconstruir,0.1204
IV. Balance sectorial,Sector Deporte,juegos,0.1204
IV. Balance sectorial,Sector Deporte,preparación,0.1136
IV. Balance sectorial,Sector Deporte,mensual,0.1081
IV. Balance sectorial,Sector Deporte,preliminar,0.1081
IV. Balance sectorial,Sector Deporte,decidir,0.1081
IV. Balance sectorial,Sector Deporte,inventario,0.1081
IV. Balance sectorial,Sector Deporte,lugar,0.1034
IV. Balance sectorial,Sector Deporte,joven,0.0993
IV. Balance sectorial,Sector Educación Nacional,educativo,0.1549
IV. Balance sectorial,Sector Educación Nacional,seip,0.1426
IV. Balance sectorial,Sector Educación Nacional,docente,0.133
IV. Balance sectorial,Sector Educación Nacional,educación,0.1277
IV. Balance sectorial,Sector Educación Nacional,pensión,0.1255
IV. Balance sectorial,Sector Educación Nacional,maestro,0.1254
IV. Balance sectorial,Sector Educación Nacional,cesantía,0.1103
IV. Balance sectorial,Sector Educación Nacional,indígena,0.1097
IV. Balance sectorial,Sector Educación Nacional,implementación,0.1082
IV. Balance sectorial,Sector Educación Nacional,magisterio,0.1012
IV. Balance sectorial,Sector Educación Nacional,escolar,0.1012
IV. Balance sectorial,Sector Educación Nacional,sanción,0.1012
IV. Balance sectorial,Sector Educación Nacional,preocupación,0.0943
IV. Balance sectorial,Sector Educación Nacional,panorama,0.0943
IV. Balance sectorial,Sector Educación Nacional,medicamento,0.0899
IV. Balance sectorial,Sector Hacienda y Crédito Público,dian,0.1804
IV. Balance sectorial,Sector Hacienda y Crédito Público,deuda,0.1468
IV. Balance sectorial,Sector Hacienda y Crédito Público,caja,0.1386
IV. Balance sectorial,Sector Hacienda y Crédito Público,patrimonial,0.128
IV. Balance sectorial,Sector Hacienda y Crédito Público,pib,0.128
IV. Balance sectorial,Sector Hacienda y Crédito Público,recaudo,0.128
IV. Balance sectorial,Sector Hacienda y Crédito Público,billón,0.1227
IV. Balance sectorial,Sector Hacienda y Crédito Público,vencimiento,0.1149
IV. Balance sectorial,Sector Hacienda y Crédito Público,tasa,0.1149
IV. Balance sectorial,Sector Hacienda y Crédito Público,cartera,0.1056
IV. Balance sectorial,Sector Hacienda y Crédito Público,hacienda,0.1056
IV. Balance sectorial,Sector Hacienda y Crédito Público,prestar,0.1056
IV. Balance sectorial,Sector Hacienda y Crédito Público,millón,0.1042
IV. Balance sectorial,Sector Hacienda y Crédito Público,impuesto,0.1018
IV. Balance sectorial,Sector Hacienda y Crédito Público,crédito,0.0984
IV. Balance sectorial,Sector Inclusión Social y Reconciliación,prosperidad,0.1767
IV. Balance sectorial,Sector Inclusión Social y Reconciliación,memoria,0.1352
IV. Balance sectorial,Sector Inclusión Social y Reconciliación,caja,0.1157
IV. Balance sectorial,Sector Inclusión Social y Reconciliación,prácticamente,0.1146
IV. Balance sectorial,Sector Inclusión Social y Reconciliación,contrapartida,0.1146
IV. Balance sectorial,Sector Inclusión Social y Reconciliación,preservar,0.1146
IV. Balance sectorial,Sector Inclusión Social y Reconciliación,detenido,0.1146
IV. Balance sectorial,Sector Inclusión Social y Reconciliación,asociación,0.1146
IV. Balance sectorial,Sector Inclusión Social y Reconciliación,pobreza,0.1146
IV. Balance sectorial,Sector Inclusión Social y Reconciliación,archivo,0.1146
IV. Balance sectorial,Sector Inclusión Social y Reconciliación,social,0.1141
IV. Balance sectorial,Sector Inclusión Social y Reconciliación,convenio,0.107
IV. Balance sectorial,Sector Inclusión Social y Reconciliación,museo,0.1069
IV. Balance sectorial,Sector Inclusión Social y Reconciliación,programa,0.1045
IV. Balance sectorial,Sector Inclusión Social y Reconciliación,agotar,0.1008
IV. Balance sectorial,Sector Interior,pasaporte,0.2025
IV. Balance sectorial,Sector Interior,unp,0.173
IV. Balance sectorial,Sector Interior,identidad,0.1522
IV. Balance sectorial,Sector Interior,escolta,0.1396
IV. Balance sectorial,Sector Interior,portugal,0.1396
IV. Balance sectorial,Sector Interior,vencer,0.1385
IV. Balance sectorial,Sector Interior,expedición,0.133
IV. Balance sectorial,Sector Interior,imprenta,0.1301
IV. Balance sectorial,Sector Interior,gobernabilidad,0.1301
IV. Balance sectorial,Sector Interior,interior,0.1301
IV. Balance sectorial,Sector Interior,movilidad,0.1301
IV. Balance sectorial,Sector Interior,plazo,0.1239
IV. Balance sectorial,Sector Interior,directo,0.1239
IV. Balance sectorial,Sector Interior,protección,0.1216
IV. Balance sectorial,Sector Interior,convenio,0.1191
IV. Balance sectorial,Sector Justicia y del Derecho,cárcel,0.1612
IV. Balance sectorial,Sector Justicia y del Derecho,restablecer,0.1418
IV. Balance sectorial,Sector Justicia y del Derecho,cupo,0.1349
IV. Balance sectorial,Sector Justicia y del Derecho,dormir,0.13
IV. Balance sectorial,Sector Justicia y del Derecho,coca,0.13
IV. Balance sectorial,Sector Justicia y del Derecho,piso,0.13
IV. Balance sectorial,Sector Justicia y del Derecho,licencia,0.129
IV. Balance sectorial,Sector Justicia y del Derecho,cultivo,0.1212
IV. Balance sectorial,Sector Justicia y del Derecho,justicia,0.1195
IV. Balance sectorial,Sector Justicia y del Derecho,criminal,0.1088
IV. Balance sectorial,Sector Justicia y del Derecho,hoja,0.1088
IV. Balance sectorial,Sector Justicia y del Derecho,obra,0.1059
IV. Balance sectorial,Sector Justicia y del Derecho,terreno,0.1041
IV. Balance sectorial,Sector Justicia y del Derecho,autorizar,0.1041
IV. Balance sectorial,Sector Justicia y del Derecho,suspendido,0.1
IV. Balance sectorial,Sector Minas y Energía,energético,0.1332
IV. Balance sectorial,Sector Minas y Energía,gas,0.1245
IV. Balance sectorial,Sector Minas y Energía,mineral,0.1228
IV. Balance sectorial,Sector Minas y Energía,ilícito,0.1196
IV. Balance sectorial,Sector Minas y Energía,energía,0.1117
IV. Balance sectorial,Sector Minas y Energía,eléctrico,0.1014
IV. Balance sectorial,Sector Minas y Energía,déficit,0.0983
IV. Balance sectorial,Sector Minas y Energía,caribe,0.0931
IV. Balance sectorial,Sector Minas y Energía,transmisión,0.0927
IV. Balance sectorial,Sector Minas y Energía,térmico,0.0927
IV. Balance sectorial,Sector Minas y Energía,producción,0.091
IV. Balance sectorial,Sector Minas y Energía,minería,0.091
IV. Balance sectorial,Sector Minas y Energía,fenómeno,0.091
IV. Balance sectorial,Sector Minas y Energía,natural,0.0875
IV. Balance sectorial,Sector Minas y Energía,air-e,0.0875
IV. Balance sectorial,Sector Presidencia de la República,presidencia,0.146
IV. Balance sectorial,Sector Presidencia de la República,apropiación,0.1388
IV. Balance sectorial,Sector Presidencia de la República,girado,0.1177
IV. Balance sectorial,Sector Presidencia de la República,complementario,0.1177
IV. Balance sectorial,Sector Presidencia de la República,desastre,0.1177
IV. Balance sectorial,Sector Presidencia de la República,sustitución,0.1177
IV. Balance sectorial,Sector Presidencia de la República,anunciado,0.1177
IV. Balance sectorial,Sector Presidencia de la República,prevención,0.1097
IV. Balance sectorial,Sector Presidencia de la República,contexto,0.1036
IV. Balance sectorial,Sector Presidencia de la República,concentración,0.1036
IV. Balance sectorial,Sector Presidencia de la República,trazabilidad,0.103
IV. Balance sectorial,Sector Presidencia de la República,billón,0.1006
IV. Balance sectorial,Sector Presidencia de la República,ejecutar,0.1004
IV. Balance sectorial,Sector Presidencia de la República,paz,0.0985
IV. Balance sectorial,Sector Presidencia de la República,negativo,0.0985
IV. Balance sectorial,Sector Relaciones Exteriores,consulado,0.2191
IV. Balance sectorial,Sector Relaciones Exteriores,usd,0.1747
IV. Balance sectorial,Sector Relaciones Exteriores,pasaporte,0.1494
IV. Balance sectorial,Sector Relaciones Exteriores,sed,0.1494
IV. Balance sectorial,Sector Relaciones Exteriores,arrendamiento,0.1392
IV. Balance sectorial,Sector Relaciones Exteriores,interno,0.133
IV. Balance sectorial,Sector Relaciones Exteriores,chile,0.1205
IV. Balance sectorial,Sector Relaciones Exteriores,sede,0.1205
IV. Balance sectorial,Sector Relaciones Exteriores,santiago,0.1205
IV. Balance sectorial,Sector Relaciones Exteriores,york,0.1205
IV. Balance sectorial,Sector Relaciones Exteriores,temporal,0.1148
IV. Balance sectorial,Sector Relaciones Exteriores,exterior,0.1148
IV. Balance sectorial,Sector Relaciones Exteriores,nueva,0.1123
IV. Balance sectorial,Sector Relaciones Exteriores,inscrito,0.1123
IV. Balance sectorial,Sector Relaciones Exteriores,reconstruir,0.1123
IV. Balance sectorial,Sector Salud y Protección Social,ips,0.1987
IV. Balance sectorial,Sector Salud y Protección Social,eps,0.1949
IV. Balance sectorial,Sector Salud y Protección Social,intervenida,0.1914
IV. Balance sectorial,Sector Salud y Protección Social,cartera,0.1334
IV. Balance sectorial,Sector Salud y Protección Social,salud,0.1311
IV. Balance sectorial,Sector Salud y Protección Social,upc,0.1304
IV. Balance sectorial,Sector Salud y Protección Social,junio,0.1243
IV. Balance sectorial,Sector Salud y Protección Social,crecimiento,0.1243
IV. Balance sectorial,Sector Salud y Protección Social,cobrar,0.1187
IV. Balance sectorial,Sector Salud y Protección Social,diciembre,0.1169
IV. Balance sectorial,Sector Salud y Protección Social,billón,0.1132
IV. Balance sectorial,Sector Salud y Protección Social,superintendencia,0.1092
IV. Balance sectorial,Sector Salud y Protección Social,neto,0.1091
IV. Balance sectorial,Sector Salud y Protección Social,privado,0.1063
IV. Balance sectorial,Sector Salud y Protección Social,receptor,0.1052
IV. Balance sectorial,Sector Tecnologías de la Información y las Comunicaciones,conectividad,0.15
IV. Balance sectorial,Sector Tecnologías de la Información y las Comunicaciones,digital,0.1413
IV. Balance sectorial,Sector Tecnologías de la Información y las Comunicaciones,ciberseguridad,0.1207
IV. Balance sectorial,Sector Tecnologías de la Información y las Comunicaciones,transformación,0.1061
IV. Balance sectorial,Sector Tecnologías de la Información y las Comunicaciones,capaz,0.0973
IV. Balance sectorial,Sector Tecnologías de la Información y las Comunicaciones,agenda,0.0973
IV. Balance sectorial,Sector Tecnologías de la Información y las Comunicaciones,cuidar,0.0973
IV. Balance sectorial,Sector Tecnologías de la Información y las Comunicaciones,tecnológico,0.0972
IV. Balance sectorial,Sector Tecnologías de la Información y las Comunicaciones,inteligencia,0.0966
IV. Balance sectorial,Sector Tecnologías de la Información y las Comunicaciones,artificial,0.0966
IV. Balance sectorial,Sector Tecnologías de la Información y las Comunicaciones,ecosistema,0.0907
IV. Balance sectorial,Sector Tecnologías de la Información y las Comunicaciones,comunicaciones,0.0907
IV. Balance sectorial,Sector Tecnologías de la Información y las Comunicaciones,potencia,0.0907
IV. Balance sectorial,Sector Tecnologías de la Información y las Comunicaciones,mundo,0.0907
IV. Balance sectorial,Sector Tecnologías de la Información y las Comunicaciones,tecnologías,0.0907
IV. Balance sectorial,Sector Trabajo,decreto,0.1633
IV. Balance sectorial,Sector Trabajo,reglamentario,0.1605
IV. Balance sectorial,Sector Trabajo,laboral,0.1356
IV. Balance sectorial,Sector Trabajo,trabajo,0.1317
IV. Balance sectorial,Sector Trabajo,reglamentación,0.1255
IV. Balance sectorial,Sector Trabajo,negociación,0.1207
IV. Balance sectorial,Sector Trabajo,trabajador,0.1201
IV. Balance sectorial,Sector Trabajo,colectivo,0.1125
IV. Balance sectorial,Sector Trabajo,capítulo,0.1055
IV. Balance sectorial,Sector Trabajo,libro,0.1017
IV. Balance sectorial,Sector Trabajo,calificado,0.0973
IV. Balance sectorial,Sector Trabajo,adicionar,0.0973
IV. Balance sectorial,Sector Trabajo,dictar,0.0973
IV. Balance sectorial,Sector Trabajo,conducto,0.0973
IV. Balance sectorial,Sector Trabajo,tercerización,0.0973
IV. Balance sectorial,Sector Transporte,confianza,0.1726
IV. Balance sectorial,Sector Transporte,aeropuerto,0.1613
IV. Balance sectorial,Sector Transporte,motor,0.1613
IV. Balance sectorial,Sector Transporte,competitividad,0.1613
IV. Balance sectorial,Sector Transporte,puerto,0.1504
IV. Balance sectorial,Sector Transporte,inversión,0.149
IV. Balance sectorial,Sector Transporte,infraestructura,0.1437
IV. Balance sectorial,Sector Transporte,volver,0.1388
IV. Balance sectorial,Sector Transporte,oportunidad,0.1345
IV. Balance sectorial,Sector Transporte,tener,0.1291
IV. Balance sectorial,Sector Transporte,mejorar,0.1241
IV. Balance sectorial,Sector Transporte,empezar,0.1241
IV. Balance sectorial,Sector Transporte,billón,0.1222
IV. Balance sectorial,Sector Transporte,transporte,0.1196
IV. Balance sectorial,Sector Transporte,medir,0.1196
IV. Balance sectorial,"Sector Vivienda, Ciudad y Territorio",vivienda,0.1966
IV. Balance sectorial,"Sector Vivienda, Ciudad y Territorio",saneamiento,0.1463
IV. Balance sectorial,"Sector Vivienda, Ciudad y Territorio",entender,0.1463
IV. Balance sectorial,"Sector Vivienda, Ciudad y Territorio",hogar,0.1452
IV. Balance sectorial,"Sector Vivienda, Ciudad y Territorio",subsidio,0.1389
IV. Balance sectorial,"Sector Vivienda, Ciudad y Territorio",potable,0.1364
IV. Balance sectorial,"Sector Vivienda, Ciudad y Territorio",básico,0.1287
IV. Balance sectorial,"Sector Vivienda, Ciudad y Territorio",tarifario,0.1287
IV. Balance sectorial,"Sector Vivienda, Ciudad y Territorio",construir,0.1188
IV. Balance sectorial,"Sector Vivienda, Ciudad y Territorio",familia,0.1143
IV. Balance sectorial,"Sector Vivienda, Ciudad y Territorio",agua,0.1125
IV. Balance sectorial,"Sector Vivienda, Ciudad y Territorio",necesitar,0.111
IV. Balance sectorial,"Sector Vivienda, Ciudad y Territorio",confianza,0.111
IV. Balance sectorial,"Sector Vivienda, Ciudad y Territorio",casa,0.1084
IV. Balance sectorial,"Sector Vivienda, Ciudad y Territorio",acompañado,0.1077
V. Principios de Gobierno de la Patria Milagro,Introducción del capítulo,corrección,0.2375
V. Principios de Gobierno de la Patria Milagro,Introducción del capítulo,comportamiento,0.2191
V. Principios de Gobierno de la Patria Milagro,Introducción del capítulo,pregunta,0.2039
V. Principios de Gobierno de la Patria Milagro,Introducción del capítulo,capítulo,0.1959
V. Principios de Gobierno de la Patria Milagro,Introducción del capítulo,responder,0.171
V. Principios de Gobierno de la Patria Milagro,Introducción del capítulo,principio,0.1582
V. Principios de Gobierno de la Patria Milagro,Introducción del capítulo,retórico,0.1504
V. Principios de Gobierno de la Patria Milagro,Introducción del capítulo,lista,0.1504
V. Principios de Gobierno de la Patria Milagro,Introducción del capítulo,posterior,0.1504
V. Principios de Gobierno de la Patria Milagro,Introducción del capítulo,repetido,0.1504
V. Principios de Gobierno de la Patria Milagro,Introducción del capítulo,deliberado,0.1504
V. Principios de Gobierno de la Patria Milagro,Introducción del capítulo,llegada,0.1504
V. Principios de Gobierno de la Patria Milagro,Introducción del capítulo,crítico,0.144
V. Principios de Gobierno de la Patria Milagro,Introducción del capítulo,ejecutivo,0.1402
V. Principios de Gobierno de la Patria Milagro,Introducción del capítulo,concebir,0.1402
V. Principios de Gobierno de la Patria Milagro,De los valores presidenciales a los principios de gobierno,libertad,0.2417
V. Principios de Gobierno de la Patria Milagro,De los valores presidenciales a los principios de gobierno,fundamento,0.2169
V. Principios de Gobierno de la Patria Milagro,De los valores presidenciales a los principios de gobierno,principio,0.2001
V. Principios de Gobierno de la Patria Milagro,De los valores presidenciales a los principios de gobierno,presidente,0.195
V. Principios de Gobierno de la Patria Milagro,De los valores presidenciales a los principios de gobierno,lucha,0.184
V. Principios de Gobierno de la Patria Milagro,De los valores presidenciales a los principios de gobierno,legítimo,0.175
V. Principios de Gobierno de la Patria Milagro,De los valores presidenciales a los principios de gobierno,rector,0.175
V. Principios de Gobierno de la Patria Milagro,De los valores presidenciales a los principios de gobierno,valor,0.1746
V. Principios de Gobierno de la Patria Milagro,De los valores presidenciales a los principios de gobierno,libre,0.1608
V. Principios de Gobierno de la Patria Milagro,De los valores presidenciales a los principios de gobierno,familia,0.157
V. Principios de Gobierno de la Patria Milagro,De los valores presidenciales a los principios de gobierno,patria,0.1498
V. Principios de Gobierno de la Patria Milagro,De los valores presidenciales a los principios de gobierno,sociedad,0.1451
V. Principios de Gobierno de la Patria Milagro,De los valores presidenciales a los principios de gobierno,ciudadano,0.1349
V. Principios de Gobierno de la Patria Milagro,De los valores presidenciales a los principios de gobierno,corrupción,0.1333
V. Principios de Gobierno de la Patria Milagro,De los valores presidenciales a los principios de gobierno,derecho,0.1237
V. Principios de Gobierno de la Patria Milagro,Los principios rectores frente a los comportamientos críticos,patria,0.1877
V. Principios de Gobierno de la Patria Milagro,Los principios rectores frente a los comportamientos críticos,milagro,0.1826
V. Principios de Gobierno de la Patria Milagro,Los principios rectores frente a los comportamientos críticos,heredado,0.144
V. Principios de Gobierno de la Patria Milagro,Los principios rectores frente a los comportamientos críticos,libertad,0.1343
V. Principios de Gobierno de la Patria Milagro,Los principios rectores frente a los comportamientos críticos,priorización,0.1267
V. Principios de Gobierno de la Patria Milagro,Los principios rectores frente a los comportamientos críticos,coherencia,0.1205
V. Principios de Gobierno de la Patria Milagro,Los principios rectores frente a los comportamientos críticos,frente,0.1184
V. Principios de Gobierno de la Patria Milagro,Los principios rectores frente a los comportamientos críticos,criterio,0.1169
V. Principios de Gobierno de la Patria Milagro,Los principios rectores frente a los comportamientos críticos,tomar,0.1153
V. Principios de Gobierno de la Patria Milagro,Los principios rectores frente a los comportamientos críticos,priorizar,0.1153
V. Principios de Gobierno de la Patria Milagro,Los principios rectores frente a los comportamientos críticos,cargo,0.1108
V. Principios de Gobierno de la Patria Milagro,Los principios rectores frente a los comportamientos críticos,verificado,0.1108
V. Principios de Gobierno de la Patria Milagro,Los principios rectores frente a los comportamientos críticos,independiente,0.1108
V. Principios de Gobierno de la Patria Milagro,Los principios rectores frente a los comportamientos críticos,adoptar,0.1108
V. Principios de Gobierno de la Patria Milagro,Los principios rectores frente a los comportamientos críticos,mérito,0.1108
V. Principios de Gobierno de la Patria Milagro,Síntesis: un gobierno que corrige desde sus principios,gobernar,0.4219
V. Principios de Gobierno de la Patria Milagro,Síntesis: un gobierno que corrige desde sus principios,patria,0.182
V. Principios de Gobierno de la Patria Milagro,Síntesis: un gobierno que corrige desde sus principios,comportamiento,0.1763
V. Principios de Gobierno de la Patria Milagro,Síntesis: un gobierno que corrige desde sus principios,principio,0.1577
V. Principios de Gobierno de la Patria Milagro,Síntesis: un gobierno que corrige desde sus principios,expandeír,0.15
V. Principios de Gobierno de la Patria Milagro,Síntesis: un gobierno que corrige desde sus principios,paralizar,0.15
V. Principios de Gobierno de la Patria Milagro,Síntesis: un gobierno que corrige desde sus principios,capturar,0.1398
V. Principios de Gobierno de la Patria Milagro,Síntesis: un gobierno que corrige desde sus principios,declaración,0.1398
V. Principios de Gobierno de la Patria Milagro,Síntesis: un gobierno que corrige desde sus principios,restringir,0.1398
V. Principios de Gobierno de la Patria Milagro,Síntesis: un gobierno que corrige desde sus principios,destruir,0.1398
V. Principios de Gobierno de la Patria Milagro,Síntesis: un gobierno que corrige desde sus principios,vocación,0.1398
V. Principios de Gobierno de la Patria Milagro,Síntesis: un gobierno que corrige desde sus principios,costa,0.1398
V. Principios de Gobierno de la Patria Milagro,Síntesis: un gobierno que corrige desde sus principios,colapsar,0.1398
V. Principios de Gobierno de la Patria Milagro,Síntesis: un gobierno que corrige desde sus principios,litigioso,0.1398
V. Principios de Gobierno de la Patria Milagro,Síntesis: un gobierno que corrige desde sus principios,popular,0.1398
