claim_id,variable,reported_value,reported_unit,reported_period,reported_geography,reported_source,independent_dataset,independent_variable,reconstructed_value,difference_absolute,difference_percent,method,notes
C0303,"Proporción de ocupados informales, total nacional",55.7,%,2025 (implícito),Colombia,no explícita,DANE GEIH — Boletín EISS oct-dic 2025 (S001),"Proporción de población ocupada informal, año 2025",55.7,0.0,0.0,direct comparison with published official statistic,RECONSTRUCTED (curated): Period not stated in the report; matches both annual 2025 and Oct-Dec 2025.
C0465,Recaudo bruto DIAN 2025,294.5,COP billones,2025,Colombia,no explícita,DIAN Informe de Gestión 2025 (S003),Recaudo bruto acumulado vigencia 2025,296.0,-1.5,-0.51,direct comparison with published official figure,RECONSTRUCTED (curated): Report value below official figure; could reflect a different cut-off or aggregate (not stated).
C0312,Contratos directos suscritos 1-30 ene 2026 (nacional+territorial),32.88,COP billones,enero 2026,Colombia,Contraloría General de la República,CGR summary via S005/S006,"Valor contratación directa, enero 2026",32.88,0.0,0.0,comparison with figures reported from CGR (same-origin press),"RECONSTRUCTED (curated): Count 521,269 also matches. National subtotal: report 14.87 vs 14.86 reported (rounding)."
C0127,Avance de la meta PND de Caminos Comunitarios,12.35,%,2022-2026,Colombia,no explícita,"Invías (S012, S013)",km intervenidos / meta PND km,12.35,0.0,0.0,recomputed 4087/33102,"RECONSTRUCTED (curated): Recomputation: 4,087 / 33,102 = 12.347%. Invías physical progress of contracted projects: 88.49% (different denominator)."
C0280,Inversión total E&P 2024,4330.0,USD millones,2024,Colombia,no explícita,ACP via S007,Inversión E&P ejecutada 2024,4330.0,0.0,0.0,direct comparison,"RECONSTRUCTED (curated): 2014 baseline (USD 8,390 millones) not reconstructed."
C0108,Ejecución UNGRD 2023 (obligaciones/apropiación),5.8,%,2023,Colombia,SIIF Nación II,MinHacienda Portal de Transparencia Económica via S015,Obligaciones / apropiación definitiva 2023,5.77,-0.03,-0.52,direct comparison with independent secondary analysis,RECONSTRUCTED (curated): Commitments were 99.91% of appropriation in 2023: the rate depends on the execution metric.
C0008,transparencia institucional; no constituye un inorme de empalme en los términos de la ey 951 de 2005.,951 de,,2005,,,,,,,,,auto-extracted (count); parsed_value=951.0; value_base=951.0
C0032,Top 10 de casos que pusieron en riesgo la gestión pública,10 de casos que,casos,,,,,,,,,,auto-extracted (count); parsed_value=10.0; value_base=10.0
C0033,"Fondo mujer: siete programas sin iniciar y solo 0,3% ejecutado de $55.142 millones.",$55.142 millones,COP millones,,,,,,,,,,auto-extracted (money); parsed_value=55142.0; value_base=55142000000.0
C0034,"Al 1º de julio de 2026, el Fondo mujer libre y productiva, había ejecutado cerca de $172 millones de los $55.142 millones adicionados mediante los otrosíes 7",$172 millones,COP millones,1º de julio de 2026,,según registros presupuestales de la entidad,,,,,,,auto-extracted (money); parsed_value=172.0; value_base=172000000.0
C0035,El otrosí 8 registraba 0% de ejecución y ninguno de los siete programas aprobados hab,0%,%,,,,,,,,,,auto-extracted (percent); parsed_value=0.0; value_base=None
C0036,"oordinadoras de Autonomía Económica y Desarrollo Empresarial, un proceso de selección con 422 postulaciones fue detenido el 24 de abril de 2026.",422 postulaciones fue,postulaciones,24 de abril de 2026,,,,,,,,,auto-extracted (count); parsed_value=422.0; value_base=422.0
C0037,"aproximadamente el 99,7% de los $55.142 millones adicionados no registraba ejecución, mientras los siete pro",$55.142 millones,COP millones,,,,,,,,,,auto-extracted (money); parsed_value=55142.0; value_base=55142000000.0
C0038,"$2,2 billones sin rigor técnico: el compromiso irresponsable con la infra","$2,2 billones",COP billones,,,,,,,,,,auto-extracted (money); parsed_value=2.2; value_base=2200000000000.0
C0039,"terio de Salud, desde el último trimestre de 2022 hasta junio de 2026 asignó recursos por $16,1 billones, de los cuales giró $10 billones para la financiación de Eq","$16,1 billones",COP billones,2022; junio de 2026,,,,,,,,,auto-extracted (money); parsed_value=16.1; value_base=16100000000000.002
C0040,"De los recursos asignados se ha legalizado el 28,3% de acuerdo con lo informado por las entidades receptoras de","28,3%",%,,,de acuerdo con lo informado por las entidades receptoras de los mismos en el sistema de información dispu,,,,,,,auto-extracted (percent); parsed_value=28.3; value_base=None
C0041,El 67% de los recursos asignados se realizó entre 2025 y los prime,67%,%,2025; 2026,,,,,,,,,auto-extracted (percent); parsed_value=67.0; value_base=None
C0042,"embre de 2025, a tres días de cerrar la vigencia, el ministerio viabilizó y asignó más de $2,2 billones para 60 proyectos de infraestructura hospitalaria sin estud","$2,2 billones",COP billones,29 de diciembre de 2025,,,,,,,,,auto-extracted (money); parsed_value=2.2; value_base=2200000000000.0
C0043,"e 2026, so pena de perder los recursos: a esa fecha solo 28 de los 60 proyectos, por unos $834 mil millones, habían presentado la documentación completa.",$834 mil millones,COP mil millones,30 de junio de 2026,,,,,,,,,auto-extracted (money); parsed_value=834.0; value_base=834000000000.0
C0044,"Más de $1,3 billones quedaron comprometidos sin garantía de que las obras puedan","$1,3 billones",COP billones,,,,,,,,,,auto-extracted (money); parsed_value=1.3; value_base=1300000000000.0
C0046,"La pregunta que le queda al país es simple: ¿por qué había plata y prisa para comprometer $2,2 billones en obras sin estudios, pero no la había para pagarle a quie","$2,2 billones",COP billones,,,,,,,,,,auto-extracted (money); parsed_value=2.2; value_base=2200000000000.0
C0047,aborales del Ministerio de Relaciones Exteriores adoptada mediante la Resolución 10142 de 2025 (derogada por la Resolución 0341 de 2026 que compiló las versiones del,20 establece que,establece,2025; 2026; 2000,,,,,,,,,auto-extracted (count); parsed_value=20.0; value_base=20.0
C0048,"Por otra parte, mediante el Decreto 0226 de 2026 se rebajaron las exigencias para los empleos de Superintendentes de la Super",2 del                      y,,2026; 2015,,de acuerdo con requisitos previstos en el artículo 2,,,,,,,auto-extracted (count); parsed_value=2.0; value_base=2.0
C0049,"enero de 2026, la Cancillería habría suscrito cerca de 785 contratos por aproximadamente $83.742 millones, firmados antes de la entrada en vigencia de la Ley de Gara",$83.742 millones,COP millones,entre agosto de 2025 y enero de 2026,,,,,,,,,auto-extracted (money); parsed_value=83742.0; value_base=83742000000.0
C0054,: el Gobierno Petro dejó $310 mil millones en contratos tecnológicos que no funcionan y encadenó al pa,$310 mil millones,COP mil millones,2028,,,,,,,,,auto-extracted (money); parsed_value=310.0; value_base=310000000000.0
C0055,"El Fondo DIAN, bajo el Gobierno saliente, suscribió dos contratos tecnológicos por más de $310 mil millones de pesos que actualmente no funcionan y que la Contraloría y la Proc",$310 mil millones de pesos,COP mil millones,,,,,,,,,,auto-extracted (money); parsed_value=310.0; value_base=310000000000.0
C0056,El sistema de gestión aduanera (USD 29 millones) y el software de gestión tributaria (USD 45 millones) fuer,USD 29 millones,USD millones,2028,,,,,,,,,auto-extracted (money); parsed_value=29.0; value_base=29000000.0
C0057,"El Plan de Modernización Tecnológica, con $333.853 millones ejecutados entre 2019-2024 y un avance declarado del 95%, t",$333.853 millones,COP millones,2019-2024,,,,,,,,,auto-extracted (money); parsed_value=333853.0; value_base=333853000000.0
C0058,"Es decir, el gobierno saliente reportó un éxito del 95% en papel mientras dejaba una DIAN tecnológicamente paraliza",95%,%,,,,,,,,,,auto-extracted (percent); parsed_value=95.0; value_base=None
C0059,"El despilfarro tecnológico del Gobierno saliente no sólo se llevó $310.000 millones de pesos, comprometió la capacidad fiscal del país en los próximos a",$310.000 millones de pesos,COP millones,,,,,,,,,,auto-extracted (money); parsed_value=310000.0; value_base=310000000000.0
C0060,"El Escudo antidrones: una compra de $6,3 billones que avanza con alertas sobre su estructuración","$6,3 billones",COP billones,,,,,,,,,,auto-extracted (money); parsed_value=6.3; value_base=6300000000000.0
C0061,"con explosivos contra soldados y comunidades, el Gobierno impulsó un proyecto superior a $6,3 billones para crear el Escudo Nacional Antidrones.","$6,3 billones",COP billones,,,,,,,,,,auto-extracted (money); parsed_value=6.3; value_base=6300000000000.0
C0062,"icó, en sistemas antidrones adquiridos durante el cuatrienio, detecciones dedrones solo a 300 y 430 metros frente a requisitos mínimos de 2 km, además de f",300 y,,,,Contraloría,,,,,,,auto-extracted (count); parsed_value=300.0; value_base=300.0
C0063,"rente a una de las amenazas que más ha crecido en los últimos años, detectándose cerca de 9.000 intentos de ataques con drones por parte de los Grupos Armados Organiza",9.000 intentos de,intentos,2025,,,,,,,,,auto-extracted (count); parsed_value=9000.0; value_base=9000.0
C0064,"Entre abril de 2024 y noviembre de 2025 se registraron 382 ataques con UAS, que dejaron 282 personas afectadas.",382 ataques con,ataques,Entre abril de 2024 y noviembre de 2025,,,,,,,,,auto-extracted (count); parsed_value=382.0; value_base=382.0
C0065,Solo en Cauca y Nariño se registraron 62 ataques durante los primeros meses de 2025.,62 ataques durante,ataques,2025,,,,,,,,,auto-extracted (count); parsed_value=62.0; value_base=62.0
C0066,"prometiendo la seguridad de miles de ciudadanos y desperdiciando una inversión superior a $6,3 billones que debe fortalecer, y no debilitar, la defensa nacional.","$6,3 billones",COP billones,,,,,,,,,,auto-extracted (money); parsed_value=6.3; value_base=6300000000000.0
C0068,"El SIGEP II, donde registran hojas de vida y bienes más de 1,3 millones de servidores y contratistas, sufre caídas recurrentes que impiden el contr","1,3 millones de servidores y",millones servidores,,,,,,,,,,auto-extracted (count); parsed_value=1.3; value_base=1300000.0
C0069,El FURAG opera bajo un esquema de datos autorreportados sin validación independiente en 305 entidades del orden nacional y 6.099 del nivel territorial (según los dat,305 entidades del,entidades,,,según datos del Estado en Cifras del Sistema de Información Estratégica del DAFP,,,,,,,auto-extracted (count); parsed_value=305.0; value_base=305.0
C0070,"Adicionalmente, la obsolescencia del SUIT frena la simplificación de cerca de 65.000 trámites públicos y otros procedimientos administrativos en entidades territo",65.000 trámites públicos,trámites,,,de acuerdo con cifras del portal de Datos Abiertos,,,,,,,auto-extracted (count); parsed_value=65000.0; value_base=65000.0
C0074,"través del Fondo de Tierras se entregaron 351.463 hectáreas, pero solo 98.148 (apenas el 7% de la meta 2022-2026) cuentan con registro pleno ante Instr",7%,%,2022-2026,,,,,,,,,auto-extracted (percent); parsed_value=7.0; value_base=None
C0075,La Contraloría advirtió que la ANT pagó $979.003 millones por 537 predios de la Sociedad de Activos Especiales (SAE),$979.003 millones,COP millones,22 de junio de 2026,,Contraloría,,,,,,,auto-extracted (money); parsed_value=979003.0; value_base=979003000000.0
C0079,"Primero, el Ministerio de Hacienda elevó el límite de adjudicación por emisión de TES del 50% al 100%, una decisión que en la práctica permitió concentra",50%,%,,,,,,,,,,auto-extracted (percent); parsed_value=50.0; value_base=None
C0080,"Segundo, las tasas de colocación alcanzaron entre el 13% y el 15%, las más altas de la historia reciente del país.",13%,%,,,,,,,,,,auto-extracted (percent); parsed_value=13.0; value_base=None
C0081,"rente de opacidad financiera: en paralelo, la CGR identificó que encargos fiduciarios por $113 billones podrían estar sobreestimando la ejecución presupuestal real",$113 billones,COP billones,,,,,,,,,,auto-extracted (money); parsed_value=113.0; value_base=113000000000000.0
C0085,"$5,8 billones en contratos sin cerrar, la mayoría concentrados en el prop","$5,8 billones",COP billones,,,,,,,,,,auto-extracted (money); parsed_value=5.8; value_base=5800000000000.0
C0086,"El sector tiene 11.245 contratos suscritos entre 2022 y 2026 que suman $5,81 billones y que todavía no han sido liquidados, es decir, cerrados fo","$5,81 billones",COP billones,entre 2022 y 2026,,,,,,,,,auto-extracted (money); parsed_value=5.81; value_base=5810000000000.0
C0087,"Casi el 70% de ese valor, unos $4,05 billones en 1.272 contratos, está concentrado en el propio Ministeri","$4,05 billones",COP billones,,,,,,,,,,auto-extracted (money); parsed_value=4.05; value_base=4050000000000.0
C0088,"Además, la Contraloría reportó ocho hallazgos fiscales por $119.725 millones en el Ministerio y sus entidades, y varias de sus cuentas n",$119.725 millones,COP millones,entre 2022 y 2025,,Contraloría,,,,,,,auto-extracted (money); parsed_value=119725.0; value_base=119725000000.0
C0089,Dentro de ese universo hay 8.483 contratos de prestación de servicios por $766.813 millones en los que el registro público de contratación no incorpora,$766.813 millones,COP millones,,,,,,,,,,auto-extracted (money); parsed_value=766813.0; value_base=766813000000.0
C0090,"Además, el Ministerio cerró marzo de 2026 con un pasivo corriente de $876.845 millones sin flujo de caja certificado y con $650.821 millones pendi",$876.845 millones,COP millones,marzo de 2026,,,,,,,,,auto-extracted (money); parsed_value=876845.0; value_base=876845000000.0
C0091,"En 8.483 de esos contratos, que suman $766.813 millones, el Estado no puede evidenciar a quién le pagó.",$766.813 millones,COP millones,,,,,,,,,,auto-extracted (money); parsed_value=766813.0; value_base=766813000000.0
C0092,Y hay $650.821 millones que el Ministerio nunca giró: plata ya aprobada para progra,$650.821 millones,COP millones,,,,,,,,,,auto-extracted (money); parsed_value=650821.0; value_base=650821000000.0
C0093,"$6,8 billones a ciegas: el Ministerio de Salud financió Equipos Básicos e","$6,8 billones",COP billones,,,,,,,,,,auto-extracted (money); parsed_value=6.8; value_base=6800000000000.0
C0094,"Entre el último trimestre de 2022 y junio de 2026 se asignaron más de $6,8 billones a financiarlos en todo el país sin que a la fecha la Superi","$6,8 billones",COP billones,2022; junio de 2026,,,,,,,,,auto-extracted (money); parsed_value=6.8; value_base=6800000000000.0
C0095,"Un programa de $6,8 billones sin seguimiento en su ejecución e indicadores de impacto ve","$6,8 billones",COP billones,,,,,,,,,,auto-extracted (money); parsed_value=6.8; value_base=6800000000000.0
C0097,"La pregunta que debe responder el gobierno saliente es simple: ¿a dónde fueron a parar $6,8 billones si no fue a mejorar el acceso efectivo de los colombianos a","$6,8 billones",COP billones,,,,,,,,,,auto-extracted (money); parsed_value=6.8; value_base=6800000000000.0
C0100,ó contratos ya firmados: adiciones de hasta el 119% del valor inicial y 230 contratos por $11.665 millones suscritos en los últimos seis días del Gobierno,$11.665 millones,COP millones,,,,,,,,,,auto-extracted (money); parsed_value=11665.0; value_base=11665000000.0
C0101,"2 con presunta incidencia disciplinaria, un patrón de adiciones que superó ampliamente el 50% del valor inicial en cinco contratos.",50%,%,,,,,,,,,,auto-extracted (percent); parsed_value=50.0; value_base=None
C0102,"El caso extremo es una interventoría contratada en 2025, que pasó de $2.342.334.238 a $5.146.864.213, es decir, adiciones equivalentes al 119,7",$2.342.334.238,COP,2025,,,,,,,,,auto-extracted (money); parsed_value=2342334238.0; value_base=2342334238.0
C0103,"de la Contraloría y la matriz de contratos de la entidad reportan cifras que difieren en $5.839.396.974, una inconsistencia que RTVC debe conciliar.",$5.839.396.974,COP,,,,,,,,,,auto-extracted (money); parsed_value=5839396974.0; value_base=5839396974.0
C0104,"El contrato 3316-2025, firmado el 29 de diciembre de 2025 por $3.448.725.386, muestra cómo opera el patrón: la primera solicitud de adic",$3.448.725.386,COP,3316-2025; 29 de diciembre de 2025,,,,,,,,,auto-extracted (money); parsed_value=3448725386.0; value_base=3448725386.0
C0105,"El cierre del Gobierno concentró, además, la firma de 230 contratos por $11.665.154.195 entre el 1 y el 6 de agosto de 2026 (224 corresponden a per",$11.665.154.195,COP,6 de agosto de 2026,,,,,,,,,auto-extracted (money); parsed_value=11665154195.0; value_base=11665154195.0
C0106,"sionales de RTVC, regidos por el derecho privado, lo decisivo no es superar el umbral del 50%: es que cada adición esté individualizada, soportada con la",50%,%,,,,,,,,,,auto-extracted (percent); parsed_value=50.0; value_base=None
C0108,"026, la UNGRD registró una ejecución acumulada de apenas el 4,3% de su apropiación total ($15,3 billones, equivalentes al 82,8% del Sector Presidencia), según SIIF","$15,3 billones",COP billones,Entre 2022 y 2026,,según SIIF Nación II,,,,,,,auto-extracted (money); parsed_value=15.3; value_base=15300000000000.0
C0109,"La ejecución anual muestra una tendencia decreciente: 9,4% en 2022, 5,8% en 2023, 9,8% en 2024, 4,4% en 2025 y 0,2% a","9,4%",%,2022; 2023; 2024; 2025; junio de 2026,,,,,,,,,auto-extracted (percent); parsed_value=9.4; value_base=None
C0110,$240.766 millones pendientes de reintegro de convenios ya vencidos con el IGA,$240.766 millones,COP millones,,,según CGR,,,,,,,auto-extracted (money); parsed_value=240766.0; value_base=240766000000.0
C0111,$223.988 millones en hallazgos fiscales detectados por la Contraloría en 106,$223.988 millones,COP millones,,,,,,,,,,auto-extracted (money); parsed_value=223988.0; value_base=223988000000.0
C0112,"lidad ante desastres en La Mojana, del Fondo Adaptación, que solo ejecutó el 0,82% de los $568.453 millones presupuestados para 2025, con hallazgos fiscales y discipli",$568.453 millones,COP millones,2025,,,,,,,,,auto-extracted (money); parsed_value=568453.0; value_base=568453000000.0
C0113,$6.759 millones en canastas para La Guajira pagados sin que la Contraloría,$6.759 millones,COP millones,,,reportes de entregas incompletas en Putumayo,,,,,,,auto-extracted (money); parsed_value=6759.0; value_base=6759000000.0
C0114,Un decreto que habría trasladado $4 billones adicionales a la entidad para ejecución sin licitación fue,$4 billones,COP billones,29 de julio de 2026,,,,,,,,,auto-extracted (money); parsed_value=4.0; value_base=4000000000000.0
C0115,"razonables por la CGR, que no feneció la cuenta fiscal por una incertidumbre contable de $1,29 billones.","$1,29 billones",COP billones,2024,,,,,,,,,auto-extracted (money); parsed_value=1.29; value_base=1290000000000.0
C0116,"El nuevo gobierno recibe una entidad con una ejecución de apenas 0,2% en el primer semestre de 2026, en momentos en que el IDEAM","0,2%",%,2026,,,,,,,,,auto-extracted (percent); parsed_value=0.2; value_base=None
C0117,ciencia administrativa termina afectando a los maestros y a los recursos públicos: más de $548.000 millones en hallazgos fiscales,$548.000 millones,COP millones,,,,,,,,,,auto-extracted (money); parsed_value=548000.0; value_base=548000000000.0
C0119,"l primer semestre de 2025, se estructuraron 61 hallazgos: en 23 hay incidencia fiscal por $548.120 millones, en 54 presunta connotación disciplinaria y en 4 presunta i",$548.120 millones,COP millones,2023; 2025,,Contraloría,,,,,,,auto-extracted (money); parsed_value=548120.0; value_base=548120000000.0
C0120,"s cuestionamientos sobre 10 contratosde transacción suscritos en 2023 y 2024 por cerca de $1,2 billones y dos nuevos hallazgos fiscales por $133.255 millones, rela","$1,2 billones",COP billones,2023; 2024,,,,,,,,,auto-extracted (money); parsed_value=1.2; value_base=1200000000000.0
C0121,"un modelo que todavía está bajo vigilancia y que debe responder por la atención de más de 800.000 docentes, pensionados y familiares.",800.000 docentes,docentes,,,,,,,,,,auto-extracted (count); parsed_value=800000.0; value_base=800000.0
C0122,"En 2025, de 9.305 solicitudes de pensión revisadas por la Contraloría, apenas 2.034 fueron r",9.305 solicitudes de,solicitudes,2025,,,,,,,,,auto-extracted (count); parsed_value=9305.0; value_base=9305.0
C0123,"En las pensiones de jubilación, el 75 % incumplió el plazo: 2.857 solicitudes tardaron entre uno y",75 %,%,,,,,,,,,,auto-extracted (percent); parsed_value=75.0; value_base=None
C0124,"ejó de convertir el presupuesto en infraestructura: la ejecución de la inversión cayó del 76,5% al 37,3% en apenas dos años","76,5%",%,,,,,,,,,,auto-extracted (percent); parsed_value=76.5; value_base=None
C0125,"General de la República, la ejecución de la inversión, medida por obligaciones, pasó del 76,5% en 2023 al 37,3% en 2025 (a mayo de 2026 alcanzaba apenas e","76,5%",%,2023; 2025; mayo de 2026,,Según hallazgos del proceso de empalme y el diagnóstico de la Contraloría General de la Repúblic,,,,,,,auto-extracted (percent); parsed_value=76.5; value_base=None
C0126,"En 2025, de $12,13 billones apropiados para inversión solo se ejecutaron cerca de $4,52","$12,13 billones",COP billones,2025,,,,,,,,,auto-extracted (money); parsed_value=12.13; value_base=12130000000000.0
C0127,"arrollo (4.087 kilómetros de 33.102, pese a haberse suscrito 2.354 convenios por cerca de $714.000 millones entre 2022 y 2026).",$714.000 millones,COP millones,entre 2022 y 2026,,,,,,,,,auto-extracted (money); parsed_value=714000.0; value_base=714000000000.0
C0128,"os priorizados tenían contratos activos o en ejecución a septiembre de 2025 (por cerca de $377.019 millones), con una ejecución financiera cercana al 50% frente a solo",$377.019 millones,COP millones,septiembre de 2025,,,,,,,,,auto-extracted (money); parsed_value=377019.0; value_base=377019000000.0
C0130,"$3,8 billones de ciencia para las regiones congelados: de 407 proyectos r","$3,8 billones",COP billones,,,,,,,,,,auto-extracted (money); parsed_value=3.8; value_base=3800000000000.0
C0131,"nnovación del periodo 2025 a 2026 (recursos que pertenecen a los territorios) equivalen a $3,8 billones.","$3,8 billones",COP billones,2025; 2026,,,,,,,,,auto-extracted (money); parsed_value=3.8; value_base=3800000000000.0
C0132,"En lo corrido de 2026 se radicaron 407 proyectos y se aprobó exactamente uno, que además tiene señalamientos d",407 proyectos y,proyectos,2026,,,,,,,,,auto-extracted (count); parsed_value=407.0; value_base=407.0
C0133,"eligente: Infraestructura para el Desarrollo de la Inteligencia Artificial"", por valor de $630.000 millones.",$630.000 millones,COP millones,,,,,,,,,,auto-extracted (money); parsed_value=630000.0; value_base=630000000000.0
C0135,"El embudo tiene causas documentadas: el bienio anterior (2023-2024) cerró en ceros porque 11 convocatorias quedaron en limbo jurídico tras un concepto del DNP, con más de un c",11 convocatorias quedaron,convocatorias,2023-2024,,,,,,,,,auto-extracted (count); parsed_value=11.0; value_base=11.0
C0136,"en ejecución a los cuales MinCiencias actualmente le hace seguimiento tienen un valor de $325.216 millones, con una población a impactar de 8,9 millones habitantes co",$325.216 millones,COP millones,,,,,,,,,,auto-extracted (money); parsed_value=325216.0; value_base=325216000000.0
C0137,"para CTeI. Los proyectos terminados en este cuatrienio por privados sumaron recursos por $123 mil millones de pesos con 2,4 millones de beneficiarios, 36 artículos de investig",$123 mil millones de pesos,COP mil millones,,,,,,,,,,auto-extracted (money); parsed_value=123.0; value_base=123000000000.0
C0138,"El Ministerio de Igualdad y Equidad, hoy en liquidación, comprometió $1,77 billones sin registrar una sola obligación ni un solo pago, mientras","$1,77 billones",COP billones,,,,,,,,,,auto-extracted (money); parsed_value=1.77; value_base=1770000000000.0
C0139,"El Ministerio de Igualdad y Equidad, hoy en liquidación, comprometió $1,77 billones — el 87,8% de los $2,01 billones apropiados— en el rubro Fo","$1,77 billones",COP billones,2023-2025,,,,,,,,,auto-extracted (money); parsed_value=1.77; value_base=1770000000000.0
C0140,"comprometido cercano al 100%, frente a una obligación real de apenas 13,1% en 2024 y de",100%,%,2024; 2025,,,,,,,,,auto-extracted (percent); parsed_value=100.0; value_base=None
C0141,"rte disponible que lo respalde—, reduciendo a cero la apropiación inicial de FonIgualdad ($669.053 millones).",$669.053 millones,COP millones,2025,,,,,,,,,auto-extracted (money); parsed_value=669053.0; value_base=669053000000.0
C0142,"Es decir, se movieron cerca de $669.000 millones de un fondo a otro sin el soporte documental que ese tipo d",$669.000 millones,COP millones,,,,,,,,,,auto-extracted (money); parsed_value=669000.0; value_base=669000000000.0
C0143,"con la entidad ya en liquidación, varios rubros seguían en 0% de ejecución: FonIgualdad ($245.889 millones), el Fondo No Es Hora de Callar ($2.051 millones)",$245.889 millones,COP millones,,,,,,,,,,auto-extracted (money); parsed_value=245889.0; value_base=245889000000.0
C0144,"a pública de igualdad del país; en la práctica, el gobierno anterior comprometió cerca de $1,8 billones que en tres años nunca se convirtieron en un pago verificab","$1,8 billones",COP billones,,,,,,,,,,auto-extracted (money); parsed_value=1.8; value_base=1800000000000.0
C0145,"o no ejecutado: en medio de la liquidación, casi la mitad del patrimonio del fideicomiso —$653.133 millones— tiene una opinión contable con salvedades, y otro 48% —$64",$653.133 millones,COP millones,,,,,,,,,,auto-extracted (money); parsed_value=653133.0; value_base=653133000000.0
C0146,"ntendencia Nacional de Salud, las cuales concentraron 27,8 millones de afiliados (más del 50% de la población asegurada del país).",50%,%,,,,,,,,,,auto-extracted (percent); parsed_value=50.0; value_base=None
C0147,"nes, a julio seis entidades permanecen intervenidas, entre ellas la Nueva EPS, con más de 11,3 millones de usuarios.","11,3 millones de usuarios",millones usuarios,,,,,,,,,,auto-extracted (count); parsed_value=11.3; value_base=11300000.0
C0149,"n los datos de la Superintendencia, entre 2022 y lo corrido de 2026, se acumularon más de 1,5 millones de peticiones, quejas y reclamos en las EPS intervenidas, de las cuales 6","1,5 millones de peticiones",millones peticiones,2022; 2026,,Según datos de la Superintendencia,,,,,,,auto-extracted (count); parsed_value=1.5; value_base=1500000.0
C0150,La Corte Constitucional mediante el Auto 007 de 2025 declaró la insuficiencia de la UPC de 2024 y ordenó determinar el reza,007 de      declaró la,declaró,2025; 2024; 2021; 2022; 2023,,Corte Constitucional,,,,,,,auto-extracted (count); parsed_value=7.0; value_base=7.0
C0151,"cédulas y registros civiles, la Cancillería del gobierno saliente habría destinado más de $8.500 millones a las llamadas Casas Colombia: sedes temporales, eventos y",$8.500 millones,COP millones,,,,,,,,,,auto-extracted (money); parsed_value=8500.0; value_base=8500000000.0
C0152,"Las cifras por ciudad son contundentes: Santiago de Chile y Nueva York recibieron USD 400.000 cada una; Montreal, USD 380.869; Miami, USD 300.000; Toront",USD 400.000,USD,,,,,,,,,,auto-extracted (money); parsed_value=400000.0; value_base=400000.0
C0153,"Aruba, USD 341.436; y Berlín, EUR 216.500.",USD 341.436,USD,,,,,,,,,,auto-extracted (money); parsed_value=341436.0; value_base=341436.0
C0154,"s de personas por atender, por ejemplo, en Santiago de Chile, se realizan aproximadamente 151.347 trámites anualmente, y hay por lo menos, 100.000 connacionales inscritos o en N",151.347 trámites anualmente,trámites,,,,,,,,,,auto-extracted (count); parsed_value=151347.0; value_base=151347.0
C0155,"Obras fantasma en las cárceles: interventores aprobaron pagos por $78.493 millones por infraestructura que no existía, mientras el 41,4% de lo",$78.493 millones,COP millones,,,,,,,,,,auto-extracted (money); parsed_value=78493.0; value_base=78493000000.0
C0156,itenciario y Carcelario (INPEC) fue al detectar 119 hallazgos con un impacto económico de $78.493 millones.,$78.493 millones,COP millones,,,,,,,,,,auto-extracted (money); parsed_value=78493.0; value_base=78493000000.0
C0157,"s críticos para resolver la crisis carcelaria del país: la ampliación de cupos en Itagüí ($39.385 millones), Barranquilla ($8.923 millones), Ipiales ($6.988 millones)",$39.385 millones,COP millones,,,,,,,,,,auto-extracted (money); parsed_value=39385.0; value_base=39385000000.0
C0158,"A esto se le suma otro episodio: se compraron equipos de cocina por $1.164 millones que quedaron almacenados sin uso en el Barne, mientras en l",$1.164 millones,COP millones,,,,,,,,,,auto-extracted (money); parsed_value=1164.0; value_base=1164000000.0
C0159,"Con todo este dinero comprometido, el resultado neto a nivel nacional fue de apenas 378 cupos carcelarios ampliados, una cifra significativamente baja frente a la ma",378 cupos carcelarios,cupos,,,,,,,,,,auto-extracted (count); parsed_value=378.0; value_base=378.0
C0160,28% de hacinamiento del 28% en penales y 95.5% en centros trans,28%,%,,,,,,,,,,auto-extracted (percent); parsed_value=28.0; value_base=None
C0161,"La consecuencia humana es crítica: 41,4% de los reclusos duerme en el piso por falta de camastros.","41,4%",%,,,,,,,,,,auto-extracted (percent); parsed_value=41.4; value_base=None
C0162,"Las cárceles no resocializan (solo el 25.4% de los internos estudia), convirtiéndose en escuelas del cr",25.4%,%,,,,,,,,,,auto-extracted (percent); parsed_value=25.0; value_base=None
C0165,"El contrato de 3,2 billones de pesos suscrito con Sacyr en junio de 2023 no exigió, en su estruc","3,2 billones de pesos",COP billones,junio de 2023,,,,,,,,,auto-extracted (money); parsed_value=3.2; value_base=3200000000000.0
C0166,"do: la nueva consultoría para elaborar el EIA que debió existir desde el principio cuesta $63.767 millones adicionales, la ANI apenas proyectaradicar el EIA ante la A",$63.767 millones,COP millones,octubre de 2026; marzo de 2027,,,,,,,,,auto-extracted (money); parsed_value=63767.0; value_base=63767000000.0
C0168,"nda dejó sin ejecutar dos de cada tres pesos para vivienda: solo obligó el 33,31 % de los $2,65 billones apropiados en 2025","$2,65 billones",COP billones,2025,,,,,,,,,auto-extracted (money); parsed_value=2.65; value_base=2650000000000.0
C0170,"El presupuesto definitivo para inversión superó los $2,65 billones, de los cuales únicamente se obligó el 33% durante la vigen","$2,65 billones",COP billones,,,,,,,,,,auto-extracted (money); parsed_value=2.65; value_base=2650000000000.0
C0171,"El país se recibe con un déficit proyectado de energía firme del 4,4% y solo el 15,5% de la nueva generación esperada en operació","4,4%",%,,,,,,,,,,auto-extracted (percent); parsed_value=4.4; value_base=None
C0172,"Según XM, el país enfrenta un déficit de energía firme del 4,4% y riesgo de déficit de po- tencia para 20262027, justo cuan","4,4%",%,,,,,,,,,,auto-extracted (percent); parsed_value=4.4; value_base=None
C0173,"De los 4.475 MW esperados en 2026 solo entró el 15,5%, y el 60% de pro- yectos de transmisión está atrasado.","15,5%",%,2026,,,,,,,,,auto-extracted (percent); parsed_value=15.5; value_base=None
C0174,"Se suma elmantenimiento de Guavio (1.260 MW) y Chivor (500 MW), y una demanda que crece 8,8% anual, con 216 desconexiones por sobrecar- ga entre abril y","8,8%",%,,,,,,,,,,auto-extracted (percent); parsed_value=8.8; value_base=None
C0177,"materializarse este riesgo sería de 2% del PIB destruido en u periodo de 1 año, es decir 3 billones de pesos mensuales.",3 billones de pesos,COP billones,,,,,,,,,,auto-extracted (money); parsed_value=3.0; value_base=3000000000000.0
C0178,"a formación y el acceso a herramientas de inteligencia artificial, a la que se destinaron $234.399 millones para la construcción de 63 centros.",$234.399 millones,COP millones,,,,,,,,,,auto-extracted (money); parsed_value=234399.0; value_base=234399000000.0
C0179,"1872 el 13 de septiembre de 2024, del cual se derivan contratos con",1872 el,,13 de septiembre de 2024,,,,,,,,,auto-extracted (count); parsed_value=1872.0; value_base=1872.0
C0180,"entros de inteligencia artificial de la facultad de Zipaquirá y de Caldas en un avance de 22,3% y 28%, respectivamente.","22,3%",%,2025,,informe de gestión de 2025,,,,,,,auto-extracted (percent); parsed_value=22.3; value_base=None
C0181,"Sin embargo, con corte a abril de 2026 el avance físico real era de apenas 2,1%, frente al 17,71% de avance general reportado (cifra que co","2,1%",%,abril de 2026,,,,,,,,,auto-extracted (percent); parsed_value=2.1; value_base=None
C0182,"lta de licencias de construcción, pese a que el Ministerio ya había desembolsado cerca de $4.000 millones en actividades de planeación y estudios técnicos.",$4.000 millones,COP millones,noviembre de 2025,,,,,,,,,auto-extracted (money); parsed_value=4000.0; value_base=4000000000.0
C0184,"asiva y creciente: entre 2022 y el 9 de julio de 2026 se suscribieron 1.085 contratos por $1,78 billones, pasando de 6 contratos por $463 millones en 2022 a 332 por","$1,78 billones",COP billones,15 de julio de 2026; 2017; 2022; 9 de julio de 2026; 2026,,Según una investigación de Cambio,,,,,,,auto-extracted (money); parsed_value=1.78; value_base=1780000000000.0
C0185,"El 94,3 % de los recursos ($1,68 billones) fue ejecutado por el ICBF Regional La Guajira, sin que ese","$1,68 billones",COP billones,,,,,,,,,,auto-extracted (money); parsed_value=1.68; value_base=1680000000000.0
C0186,"Procuraduría advirtió desde 2024 demoras contractuales, procesos desiertos, afectación a 80.000 familias y la ausencia de un censo confiable de beneficiarios —es deci",80.000 familias y,familias,2024,,Procuraduría,,,,,,,auto-extracted (count); parsed_value=80000.0; value_base=80000.0
C0188,"a contratación ya en su punto más alto, la Procuraduría reiteró la alerta: la atención de 102.000 niños estaba en riesgo por los mismos retrasos que ya había denunciado u",102.000 niños estaba,niños,2025,,,,,,,,,auto-extracted (count); parsed_value=102000.0; value_base=102000.0
C0190,FONIGUALDAD pagó $140.910 millones a la temporal LABORANDO SAS sin soportes de que ese persona,$140.910 millones,COP millones,,,,,,,,,,auto-extracted (money); parsed_value=140910.0; value_base=140910000000.0
C0191,"s temporales LABORANDO SAS— EGA-001-2025, EGA-002-2025, EGA-003-2025 y FSB-035-2026—, por $140.910.903.849, carecen de soportes que acrediten que el suministro de per",$140.910.903.849,COP,2025; 2026,,,,,,,,,auto-extracted (money); parsed_value=140910903849.0; value_base=140910903849.0
C0192,de la denuncia política: emitió una advertencia ordinaria y calificó el monto en riesgo —$140.910.903.849— como Estado Crítico.,$140.910.903.849,COP,,,,,,,,,,auto-extracted (money); parsed_value=140910903849.0; value_base=140910903849.0
C0193,"Destinar $140.910 millones en contratos de personal temporal, sin soportes de que ese",$140.910 millones,COP millones,,,,,,,,,,auto-extracted (money); parsed_value=140910.0; value_base=140910000000.0
C0195,"Flores, verduras, sahumerios y frutas: 32% de la contrapartida de $336 millones con la que Asociación Shaquiñán respaldó un convenio de $33",$336 millones,COP millones,,,,,,,,,,auto-extracted (money); parsed_value=336.0; value_base=336000000.0
C0196,"350 de 2025, el Departamento Administrativo para la Prosperidad social (DPS) comprometió $33 mil millones frente a una contrapartida en especie de la Asociación Shaq",$33 mil millones,COP mil millones,2025,,,,,,,,,auto-extracted (money); parsed_value=33.0; value_base=33000000000.0
C0197,"Su composición —$90 millones en ceremonias de armonización, $108,9 millones en insumos r",$90 millones,COP millones,,,,,,,,,,auto-extracted (money); parsed_value=90.0; value_base=90000000.0
C0198,"Entregar $33 mil millones sin mayor reparo, o concurrencia, a un solo actor, a cambio",$33 mil millones,COP mil millones,,,,,,,,,,auto-extracted (money); parsed_value=33.0; value_base=33000000000.0
C0199,"El costo lo pagan 4.080 hogares indígenas y afrodescendientes de Vichada, Guaviare, Amazonas, Putumay",4.080 hogares indígenas,hogares,noviembre de 2025,,,,,,,,,auto-extracted (count); parsed_value=4080.0; value_base=4080.0
C0200,Cerca de $7 billones comprometidos en la recta final: el gobierno saliente adela,$7 billones,COP billones,,,,,,,,,,auto-extracted (money); parsed_value=7.0; value_base=7000000000000.0
C0201,"que el Ministerio de Educación Nacional adelantaba actuaciones para comprometer cerca de $7 billones antes de finalizar el periodo de gobierno, incluida la oper",$7 billones,COP billones,,,,,,,,,,auto-extracted (money); parsed_value=7.0; value_base=7000000000000.0
C0202,"$1,69 billones comprometidos hasta 2036: el gobierno saliente estructuró u","$1,69 billones",COP billones,2036,,,,,,,,,auto-extracted (money); parsed_value=1.69; value_base=1690000000000.0
C0203,"A las puertas de dejar el poder, el gobierno saliente estructuró una contratación por $1,69 billones para implementar el Plan Nacional de Formación Integral (PN","$1,69 billones",COP billones,2036,,,,,,,,,auto-extracted (money); parsed_value=1.69; value_base=1690000000000.0
C0204,"Se trata de una estrategia que involucra a más de 1,16 millones de estudiantes, 110.371 docentes y 9.668 directivos docentes.","1,16 millones de estudiantes",millones estudiantes,,,,,,,,,,auto-extracted (count); parsed_value=1.16; value_base=1160000.0
C0205,"El OCAD Paz aprobó $2,1 billones en una sola sesión y concentró cerca del 40% de los proyect","$2,1 billones",COP billones,,,,,,,,,,auto-extracted (money); parsed_value=2.1; value_base=2100000000000.0
C0206,"92, en la cual se aprobaron 98 proyectos por más de $1,7 billones con cargo a la Asignación para la Paz y 57 proyectos adicio","$1,7 billones",COP billones,,,,,,,,,,auto-extracted (money); parsed_value=1.7; value_base=1700000000000.0
C0207,"ncia un patrón: según la carta de citación a la mencionada sesión del OCAD Paz, cerca del 40% de los proyectos con ejecutor propuesto se concentran en oc",40%,%,,,según carta de citación a la mencionada sesión del OCAD Paz,,,,,,,auto-extracted (percent); parsed_value=40.0; value_base=None
C0209,"e, el riesgo es que se pierdan recursos destinados a la paz, riesgo que podría ascender a 2,1 billones de pesos en la actualidad.","2,1 billones de pesos",COP billones,,,,,,,,,,auto-extracted (money); parsed_value=2.1; value_base=2100000000000.0
C0210,MinAmbiente saltó a los mejores proyectos: 474.129 millones en regalías ambientales entregados sin respetar el propio puntaje del M,474.129 millones en regalías,millones,,,,,,,,,,auto-extracted (count); parsed_value=474129.0; value_base=474129000000.0
C0211,El Ministerio de Ambiente y Desarrollo Sostenible (MADS) comprometió $474.129 millones del Sistema General de Regalías en 25 proyectos ambientales,$474.129 millones,COP millones,2025,,según su calificación,,,,,,,auto-extracted (money); parsed_value=474129.0; value_base=474129000000.0
C0212,El caso más grave: AREMCA — $43.435 millones con investigación penal activa.,$43.435 millones,COP millones,,,,,,,,,,auto-extracted (money); parsed_value=43435.0; value_base=43435000000.0
C0213,Resolución 1866 (26 diciembre 2024) — firmada por Lilia Tatiana Roa como viceministra E ($19.195 millones) y Resolución 1339 (19 septiembre 2025) — firmada por Irene,$19.195 millones,COP millones,2024; 2025,,,,,,,,,auto-extracted (money); parsed_value=19195.0; value_base=19195000000.0
C0214,Total comprometido con AREMCA: $43.435 millones Las regalías ambientales son plata de todos los colombianos,$43.435 millones,COP millones,,,,,,,,,,auto-extracted (money); parsed_value=43435.0; value_base=43435000000.0
C0215,"Veinte proveedores, el 0,7% del total, concentran el 48,5% del valor contratado por el","0,7%",%,,,,,,,,,,auto-extracted (percent); parsed_value=0.7; value_base=None
C0216,Entre agosto de 2022 y julio de 2026 el Ministerio contrató con 2.747 proveedores distintos.,2.747 proveedores distintos,proveedores,Entre agosto de 2022 y julio de 2026,,,,,,,,,auto-extracted (count); parsed_value=2747.0; value_base=2747.0
C0217,"ellos, apenas 20 (el 0,7%) concentran el 48,5% del valor total contratado en el periodo: $998.594 millones sobre un total de $2,05 billones en todas las modalidades r",$998.594 millones,COP millones,,,,,,,,,,auto-extracted (money); parsed_value=998594.0; value_base=998594000000.0
C0218,"oveedores (Consorcio Constructor H.M.I., Fondo Mixto de Boyacá y Corpoelite) suman más de $348.000 millones.",$348.000 millones,COP millones,,,,,,,,,,auto-extracted (money); parsed_value=348000.0; value_base=348000000000.0
C0219,"$353.878 millones en 107 contratos con universidades públicas, el 93,4 % adju",$353.878 millones,COP millones,,,,,,,,,,auto-extracted (money); parsed_value=353878.0; value_base=353878000000.0
C0220,Entre 2024 y 2025 el Ministerio suscribió 107 contratos (uno por cada región o zona PDET- ZOMAC) con universidades,107 contratos,contratos,Entre 2024 y 2025,,,,,,,,,auto-extracted (count); parsed_value=107.0; value_base=107.0
C0221,"El valor total asciende a $353.878 millones, del cual el 93,4% corresponde a contratación directa y el",$353.878 millones,COP millones,,,,,,,,,,auto-extracted (money); parsed_value=353878.0; value_base=353878000000.0
C0222,"Es el hallazgo de mayor representatividad: 101 de los 107 contratos (94,4%) se adjudicaron sin proceso competitivo, y no hay evidencia","94,4%",%,,,,,,,,,,auto-extracted (percent); parsed_value=94.4; value_base=None
C0223,"En la Universidad de Antioquia, dos contratos (1661-2025 y 2169-2024) por $45.206 millones quedaron bajo el mismo supervisor.",$45.206 millones,COP millones,1661-2025; 2169-2024,,,,,,,,,auto-extracted (money); parsed_value=45206.0; value_base=45206000000.0
C0224,Tres Fondos Mixtos departamentales canalizan $168.827 millones en contratación 100% directa para programas de alcance naci,$168.827 millones,COP millones,,,,,,,,,,auto-extracted (money); parsed_value=168827.0; value_base=168827000000.0
C0225,"os Mixtos de Cultura y las Artes de Boyacá, Nariño y Valle del Cauca reciben contratación 100% directa para operar convocatorias y estímulos de alcance na",100%,%,,,,,,,,,,auto-extracted (percent); parsed_value=100.0; value_base=None
C0226,"En total suman 29 contratos por $168.827 millones destinados a administrar convocatorias, estímulos y estrate",$168.827 millones,COP millones,,,,,,,,,,auto-extracted (money); parsed_value=168827.0; value_base=168827000000.0
C0227,Al Fondo Nacional del Turismo le demandan $257.561 millones y solo provisiona $19.228 millones: trece veces menos,$257.561 millones,COP millones,,,,,,,,,,auto-extracted (money); parsed_value=257561.0; value_base=257561000000.0
C0228,"e 354 negocios jurídicos pendientes de liquidar frente a solo 47 ya liquidados (apenas el 13%), y cuatro obras que quedaron inconclusas.",13%,%,,,,,,,,,,auto-extracted (percent); parsed_value=13.0; value_base=None
C0229,"Además, hay una diferencia significativa entre lo que le están demandando ($257.561 millones en 93 procesos judiciales) y lo que la entidad reconoce com",$257.561 millones,COP millones,,,,,,,,,,auto-extracted (money); parsed_value=257561.0; value_base=257561000000.0
C0230,La Contraloría le atribuyó a ese proyecto una incidencia fiscal de $23.006 millones.,$23.006 millones,COP millones,,,,,,,,,,auto-extracted (money); parsed_value=23006.0; value_base=23006000000.0
C0231,"e la presupuestada en los últimos cuatro años, pero nunca logró ejecutar o gastar más del 39% de su presupuesto anual.",39%,%,,,,,,,,,,auto-extracted (percent); parsed_value=39.0; value_base=None
C0232,"Al mismo tiempo, la contratación de infraestructura turística cayó 94%, de $121.307 millones en 2023 a $7.835 millones en 2025: ese año el fondo pagó $5",$121.307 millones,COP millones,2023; 2025,,,,,,,,,auto-extracted (money); parsed_value=121307.0; value_base=121307000000.0
C0233,Un descuadre de más de $238.000 millones entre lo que le demandan al Fondo y lo que provisiona es d,$238.000 millones,COP millones,,,,,,,,,,auto-extracted (money); parsed_value=238000.0; value_base=238000000000.0
C0234,tigiosidad de la ANI: los tribunales arbitrales pasaron de 17 a 48 y las reclamaciones de $9 billones a cerca de $20 billones,$9 billones,COP billones,,,,,,,,,,auto-extracted (money); parsed_value=9.0; value_base=9000000000000.0
C0235,"de Infraestructura (ANI) pasó de 17 tribunales arbitrales con pretensiones cercanas a los $9 billones a 48 con reclamaciones del orden de $20 billones, lo que re",$9 billones,COP billones,Entre 2022 y 2026,,,,,,,,,auto-extracted (money); parsed_value=9.0; value_base=9000000000000.0
C0237,Las reclamaciones cercanas a $20 billones representan recursos que podrían destinarse a nuevas carret,$20 billones,COP billones,,,,,,,,,,auto-extracted (money); parsed_value=20.0; value_base=20000000000000.0
C0240,FINDETER prestó $328 mil millones a AIR-E sin soporte técnico suficiente.,$328 mil millones,COP mil millones,,,,,,,,,,auto-extracted (money); parsed_value=328.0; value_base=328000000000.0
C0241,"infraestructura con recursos públicos, otorgó créditos directos a AIR-E S.A.S. E.S.P. por $328.000 millones de pesos (El 03/11/23 por $280.000 millones y 09/04/2024 por $48.000",$328.000 millones de pesos,COP millones,2024,,,,,,,,,auto-extracted (money); parsed_value=328000.0; value_base=328000000000.0
C0243,"créditos otorgados que ha dejado de generar ingresos financieros para la entidad)pasó de $2.119 millones en 2024 a $367.256 millones en 2025, un salto que evidencia",$2.119 millones,COP millones,2024; 2025,,cifras de propia entidad,,,,,,,auto-extracted (money); parsed_value=2119.0; value_base=2119000000.0
C0244,"FINDETER no es un banco privado que asume riesgos con capital propio: es una entidad, con 100% capital público, que financia infraestructura con recursos",100%,%,,,,,,,,,,auto-extracted (percent); parsed_value=100.0; value_base=None
C0245,Prestar $328 mil millones de pesos a una empresa que ya mostraba señales de crisis (y que hoy,$328 mil millones de pesos,COP mil millones,,,,,,,,,,auto-extracted (money); parsed_value=328.0; value_base=328000000000.0
C0247,"sterio del Trabajo para ello, por lo que es necesario analizar lo relativo a los decretos 234 de 2026, 720 de 2026 y 581 de 2026.",234 de,,2025; 2026,,,,,,,,,auto-extracted (count); parsed_value=234.0; value_base=234.0
C0248,El Decreto 234 de 2026 “Por el cual se subroga el Capítulo 7 del Título 2 de la Parte 2 del Libro 2 del Decreto 1072 de 2015,7 del,,2026; 2015; 2025,,,,,,,,,auto-extracted (count); parsed_value=7.0; value_base=7.0
C0249,olo existe un desarrollo para la negociación colectiva pública en el Decreto Presidencial 243 de 2024 “Por el cual se modifica el capítulo 4 del Título 2 de,243 de,,2024; 2015; 2026,,,,,,,,,auto-extracted (count); parsed_value=243.0; value_base=243.0
C0250,"Con respecto al Decreto 720 de 2026 “Por el cual se adiciona el Capítulo 4 al Título 3 de la Parte, 2 del Libro 2 del Decreto número 1072",4 al,al,2026; 2015; 2025,,,,,,,,,auto-extracted (count); parsed_value=4.0; value_base=4.0
C0251,"Por último, el Decreto 581 de 2026 “Por el cual se adiciona un capítulo 4, al Título 3 de la Parte 2 del Libro 2 del Decreto 1072 de 2015, Único Reglame",3 de la,,2026; 2015,,,,,,,,,auto-extracted (count); parsed_value=3.0; value_base=3.0
C0252,"Como se evidencia, los 3 decretos son resultado de reglamentación a partir del Decreto 1072 de 20",3 decretos son,decretos,2015,,,,,,,,,auto-extracted (count); parsed_value=3.0; value_base=3.0
C0253,"Según el DANE, en junio de 2026 la tasa de desempleo nacional fue del 8%, y en el trimestre móvil marzo-mayo de 2026 la informalidad",8%,%,junio de 2026; mayo de 2026,,Según DANE,,,,,,,auto-extracted (percent); parsed_value=8.0; value_base=None
C0254,$84.509 millones en pagos pendientes de incentivos a 4.238 ganadores de conv,$84.509 millones,COP millones,,,,,,,,,,auto-extracted (money); parsed_value=84509.0; value_base=84509000000.0
C0255,"el Cambio—, de 7.245 ganadores con acto administrativo de asignación ya proferido, 4.238 (58,5 %) tienen el pago pendiente.","58,5 %",%,,,,,,,,,,auto-extracted (percent); parsed_value=58.5; value_base=None
C0256,"El valor pendiente asciende a $84.509 millones, sobre un valor total asignado de $169.401 millones en las",$84.509 millones,COP millones,,,,,,,,,,auto-extracted (money); parsed_value=84509.0; value_base=84509000000.0
C0257,"Los casos de mayor criticidad relativa son Jóvenes Por el Cambio (625 de 625 ganadores, $9.000 millones) y el Portafolio Cultural Internacional Colombia en el Mund",$9.000 millones,COP millones,,,,,,,,,,auto-extracted (money); parsed_value=9000.0; value_base=9000000000.0
C0258,"ación presupuestal de los 4.238 pagos pendientes, comenzando por las convocatorias con el 100% de pagos pendientes, y evaluar la constitución de provision",100%,%,,,,,,,,,,auto-extracted (percent); parsed_value=100.0; value_base=None
C0259,El Ejército tiene un déficit presupuestal de $14 billones y la inmovilización de gran parte de su capacidad aérea: so,$14 billones,COP billones,,,,,,,,,,auto-extracted (money); parsed_value=14.0; value_base=14000000000000.0
C0260,"Este debilitamiento ocurrió mientras el Clan del Golfo pasó de 5.500 integrantes en 2022 a 10.000 integrantes en 2025, el ELN de 5.800 integran",5.500 integrantes en,integrantes,2022; 2025,,,,,,,,,auto-extracted (count); parsed_value=5500.0; value_base=5500.0
C0261,"Paralelamente, el reclutamiento de menores aumentó de 151 en 2022 a 386 casos en 2025, el confinamiento de 62.380 en 2022 a 128",151 en      a,,2022; 2025,,,,,,,,,auto-extracted (count); parsed_value=151.0; value_base=151.0
C0263,"o de las condiciones de seguridad de la población, pues el desplazamiento forzado pasó de 58.000 en 2022 a 107.924 personas en 2025, a ello se suma, el aumento de los",58.000 en      a,,2022; 2025,,,,,,,,,auto-extracted (count); parsed_value=58000.0; value_base=58000.0
C0264,Entre 2022 y 2025 Colombia perdió más de 435.000 hectáreas de bosque: la deforestación no para de crecer,435.000 hectáreas de,hectáreas,Entre 2022 y 2025,,,,,,,,,auto-extracted (count); parsed_value=435000.0; value_base=435000.0
C0265,"Colombia perdió más de 435.000 hectáreas de bosque entre 2022 y 2025, una extensión equivalente a casi",435.000 hectáreas de,hectáreas,entre 2022 y 2025,,,,,,,,,auto-extracted (count); parsed_value=435000.0; value_base=435000.0
C0266,"Más del 60% de esa pérdida ocurrió en la Amazonía, la región más emblem",60%,%,,,,,,,,,,auto-extracted (percent); parsed_value=60.0; value_base=None
C0267,"orestación disminuyó entre 2022 y 2023, volvió a aumentar durante 2024 y 2025, pasando de 79.256 a 119.483 hectáreas anuales, según cifras del IDEAM.",79.256 a,,entre 2022 y 2023; 2024; 2025,,según cifras del IDEAM,,,,,,,auto-extracted (count); parsed_value=79256.0; value_base=79256.0
C0268,"El desplazamiento del daño hacia el Pacífico (+22%) y el Caribe (+17,1%), lejos de los focos tradicionales, su",22%,%,,,,,,,,,,auto-extracted (percent); parsed_value=22.0; value_base=None
C0270,"Los bloqueos al sector de hidrocarburos pasaron de 541 en 2019 y 743 en 2021 a 1.120 en 2022, 1.848 en 2023 y 1.942 en 2024,",541 en      y,,2019; 2021; 2022; 2023; 2024; 2025,,,,,,,,,auto-extracted (count); parsed_value=541.0; value_base=541.0
C0271,"Entre 2022 y 2025 se acumularon 6.273 bloqueos, 2,6 veces los 2.373 del cuatrienio anterior.",6.273 bloqueos,bloqueos,Entre 2022 y 2025,,,,,,,,,auto-extracted (count); parsed_value=6273.0; value_base=6273.0
C0272,"El Meta concentra el 59%, seguido del Valle Medio del Magdalena (11%), Arauca (9%) y",59%,%,2026; 2010-2026; 2020-2031,,Con base en información de CAMPETROL,,,,,,,auto-extracted (percent); parsed_value=59.0; value_base=None
C0275,"producción de petróleo tocó su nivel más bajo en cinco años y las reservas de gas cayeron 16,8% en un solo año 4","16,8%",%,,,,,,,,,,auto-extracted (percent); parsed_value=16.8; value_base=None
C0276,"de barriles diarios (KBPD), el nivel más bajo en sesenta meses, y el gas fiscalizado cayó 14,1% anual.","14,1%",%,junio de 2026,,,,,,,,,auto-extracted (percent); parsed_value=14.1; value_base=None
C0277,"el petróleo promedió 746,5 KBPD frente a 1.004 KBPD en 2013, y el gas comercializado cayó 17,1%.","17,1%",%,2025; 2013,,,,,,,,,auto-extracted (percent); parsed_value=17.1; value_base=None
C0278,"Las reservas probadas de gas se redujeron 16,8%, a 1.717 giga pies cúbicos (GPC), equivalentes a 5,9 años d","16,8%",%,,,,,,,,,,auto-extracted (percent); parsed_value=16.8; value_base=None
C0279,"El 80% del gas nacional sale de doce campos: Cusiana cayó 32,0% y",80%,%,2025,,,,,,,,,auto-extracted (percent); parsed_value=80.0; value_base=None
C0280,"En paralelo, la inversión total en exploración y producción (E&P) se redujo de USD 8.390 millones en 2014 a USD 4.330 millones en 2024, una disminución de US",USD 8.390 millones,USD millones,2014; 2024,,,,,,,,,auto-extracted (money); parsed_value=8390.0; value_base=8390000000.0
C0281,"de 60 equipos en noviembre de 2022 a 31 en junio de 2026, una reducción de 29 taladros (-48,3%), mientras que la perforación de pozos exploratorios cayó d","48,3%",%,noviembre de 2022; junio de 2026; 2012; 2025,,,,,,,,,auto-extracted (percent); parsed_value=48.3; value_base=None
C0282,"ce es dinero que no entra: CAMPETROL calculó que la caída de 26,2 KBPD en 2025 equivale a US$660 millones, unos $2,7 billones de pesos.",US$660 millones,USD millones,2025,,,,,,,,,auto-extracted (money); parsed_value=660.0; value_base=660000000.0
C0283,"Aunque la economía nacional 4 Con base en información de CAMPETROL, Edición N° 14 del 3 de agosto de 2026; CAMPETROL, «Datos CAMPETROL – Producci",14 del,,3 de agosto de 2026; 2025; 12 de febrero de 2026; 11 de febrero de 2026; 23 de junio de 2026,,Con base en información de CAMPETROL,,,,,,,auto-extracted (count); parsed_value=14.0; value_base=14.0
C0284,"creció un 2,6 % en 2025, la caída sectorial restó cerca de 0,4 puntos porce","2,6 %",%,2025; 2023,,,,,,,,,auto-extracted (percent); parsed_value=2.6; value_base=None
C0285,"rvicios Públicos Domiciliarios (SSPD) desde septiembre de 2024, pasó de un patrimonio de +$2,22 billones en 2023 a -$377.662 millones en 2025, con pérdidas acumulad","$2,22 billones",COP billones,septiembre de 2024; 2023; 2025,,,,,,,,,auto-extracted (money); parsed_value=2.22; value_base=2220000000000.0
C0286,"Además, se registraron $2,69 billones en deterioros contables sin soporte suficiente.","$2,69 billones",COP billones,,,,,,,,,,auto-extracted (money); parsed_value=2.69; value_base=2690000000000.0
C0287,$250.000 millones en giros a terceros por deudas previas a la intervención.,$250.000 millones,COP millones,,,,,,,,,,auto-extracted (money); parsed_value=250000.0; value_base=250000000000.0
C0288,"caso se enmarca como posible abuso de confianza agravado por la cuantía, junto al pago de $148.530 millones autorizado el 25-oct-2024 por el primer agente especial, cu",$148.530 millones,COP millones,2024,,,,,,,,,auto-extracted (money); parsed_value=148530.0; value_base=148530000000.0
C0289,"Más de 1,3 millones de familias, es decir, 5,9 millones de personas de los departamentos de","1,3 millones de familias",millones familias,,,,,,,,,,auto-extracted (count); parsed_value=1.3; value_base=1300000.0
C0290,"s en los usuarios: a los estratos 1 y 2, los hogares más vulnerables, les subió la tarifa 10,8%.","10,8%",%,,,,,,,,,,auto-extracted (percent); parsed_value=10.8; value_base=None
C0291,"ntregar el gobierno, expidió la Resolución 992 de 2026 a través de la cual se delimitaron 29.199 hectáreas en Santurbán (19 municipios), dejando zonas críticas sin resol",29.199 hectáreas en,hectáreas,2017; 2026,,,,,,,,,auto-extracted (count); parsed_value=29199.0; value_base=29199.0
C0292,"mitación fragmentada deja sin resolver problemas alarmantes: la Fiscalía documenta más de 200 bocaminas ilegales que liberan mercurio y arsénico en el río Suratá, fuente hí",200 bocaminas ilegales,bocaminas,,,,,,,,,,auto-extracted (count); parsed_value=200.0; value_base=200.0
C0295,recursos de la investigación en salud de los colombianos cumplieron medio año congelados: $109.000 millones con ejecución del 0%,$109.000 millones,COP millones,,,,,,,,,,auto-extracted (money); parsed_value=109000.0; value_base=109000000000.0
C0296,"Investigación en Salud provienen, por mandato del artículo 42 de la Ley 643 de 2001, del 7% de las rentas del monopolio de juegos de suerte y azar, y t",7%,%,2001,,,,,,,,,auto-extracted (percent); parsed_value=7.0; value_base=None
C0297,En 2026 se apropiaron $109.000 millones.,$109.000 millones,COP millones,2026,,,,,,,,,auto-extracted (money); parsed_value=109000.0; value_base=109000000000.0
C0298,"o de iniciada la vigencia— y cierra el 27 de agosto; a 30 de junio la ejecución seguía en 0%, sin un solo peso comprometido.",0%,%,15 de julio; 27 de agosto; 30 de junio,,,,,,,,,auto-extracted (percent); parsed_value=0.0; value_base=None
C0299,"el fondo que promueve el desarrollo emprendedor y empresarial comprometió el 84,3% de sus $798.082 millones y solo ejecutó el 22,8%",$798.082 millones,COP millones,,,,,,,,,,auto-extracted (money); parsed_value=798082.0; value_base=798082000000.0
C0300,"bia, el fondo que concentra los programas de apoyo a las empresas, tiene un portafolio de $798.082 millones con el 84,3% comprometido y solo el 22,8% ejecutado.",$798.082 millones,COP millones,,,,,,,,,,auto-extracted (money); parsed_value=798082.0; value_base=798082000000.0
C0301,Cerca de $122.000 millones de reservas de 2023 se vencieron sin ejecutarse y hay contr,$122.000 millones,COP millones,2023,,,,,,,,,auto-extracted (money); parsed_value=122000.0; value_base=122000000000.0
C0302,"iscal interno y pidió abrir proceso sancionatorio fiscal; también encontró un anticipo de $25.016 millones desembolsado sin diagnósticos de los beneficiarios, sin pla",$25.016 millones,COP millones,,,,,,,,,,auto-extracted (money); parsed_value=25016.0; value_base=25016000000.0
C0303,Los cerca de $122.000 millones que se vencieron sin ejecutarse no son un error contable: s,$122.000 millones,COP millones,,,,,,,,,,auto-extracted (money); parsed_value=122000.0; value_base=122000000000.0
C0304,"e los pueblos indígenas constituye un derecho respaldado por la Constitución, el Convenio 169 de la OIT y la jurisprudencia de la Corte Constitucional.",169 de la,,,,,,,,,,,auto-extracted (count); parsed_value=169.0; value_base=169.0
C0306,"condición se extendió desde el 26 de junio hasta el 7 de agosto de 2026, esto es, durante 43 días calendario.",43 días calendario,días,26 de junio; 7 de agosto de 2026,,,,,,,,,auto-extracted (count); parsed_value=43.0; value_base=43.0
C0308,Las resoluciones 0562 y 0563 del 17 de julio iniciaron los procedimientos de levant,0562 y,,17 de julio,,,,,,,,,auto-extracted (count); parsed_value=562.0; value_base=562.0
C0309,"jas de Compensación Familiar administran recursos parafiscales, que suman aproximadamente $1,2 billones, destinados a financiar subsidios, programas sociales, educ","$1,2 billones",COP billones,,,,,,,,,,auto-extracted (money); parsed_value=1.2; value_base=1200000000000.0
C0311,ta 900.000 contratistas de prestación de servicios y un pasivo contingente que supera los $5 billones,$5 billones,COP billones,,,,,,,,,,auto-extracted (money); parsed_value=5.0; value_base=5000000000000.0
C0312,"uscribieron antes de la entrada en vigencia de la Ley de Garantías: 521.269 contratos por $32,88 billones, de los cuales, solo en entidades del orden nacional, fuero","$32,88 billones",COP billones,enero de 2026,,Contraloría General de la República,,,,,,,auto-extracted (money); parsed_value=32.88; value_base=32880000000000.004
C0314,"El programa Colombia Mayor, que atiende a cerca de 3 millones de adultos mayores sin pensión en condición de pobreza, agotó en julio de 2026",3 millones de adultos mayores,millones adultos,julio de 2026,,,,,,,,,auto-extracted (count); parsed_value=3.0; value_base=3000000.0
C0315,"El gobierno anterior amplió el programa sobre la expectativa de cofinanciación de $3,2 billones en un documento CONPES que no se concretó, sin dejar un pla","$3,2 billones",COP billones,,,,,,,,,,auto-extracted (money); parsed_value=3.2; value_base=3200000000000.0
C0316,"Para cerca de 3 millones de adultos mayores sin pensión, Colombia Mayor constituye en muchos casos el ú",3 millones de adultos mayores,millones adultos,,,,,,,,,,auto-extracted (count); parsed_value=3.0; value_base=3000000.0
C0317,"La deuda que puede apagar al país: $2,9 billones sin pagar a los agentes del sistema y subsidios de energía","$2,9 billones",COP billones,,,,,,,,,,auto-extracted (money); parsed_value=2.9; value_base=2900000000000.0
C0318,"nisterio de Hacienda el presupuesto para cubrir subsidios de energía y gas de estratos 1, 2 y 3.",2 y,,,,,,,,,,,auto-extracted (count); parsed_value=2.0; value_base=2.0
C0319,"024 y la suspensión de cortes por no pago, la deuda con otros agentes del sistema llegó a $2,9 billones a junio de 2026 ($1,8 billones con generadores térmicos).","$2,9 billones",COP billones,septiembre de 2024; junio de 2026,,,,,,,,,auto-extracted (money); parsed_value=2.9; value_base=2900000000000.0
C0320,"Los subsidios se atrasaron hasta un año: hoy suman $1 billón en energía y $0,7 billones en gas.",$1 billón,COP billón,,,,,,,,,,auto-extracted (money); parsed_value=1.0; value_base=1000000000000.0
C0321,"Tampoco se cumplió la promesa de asumir $2 billones de la opción tarifaria, y entidades oficiales deben $1 bill",$2 billones,COP billones,,,,,,,,,,auto-extracted (money); parsed_value=2.0; value_base=2000000000000.0
C0322,"que consume el país y el 20% de la energía que necesita la Costa Caribe -costo estimado: $2,8 billones-.","$2,8 billones",COP billones,,,,,,,,,,auto-extracted (money); parsed_value=2.8; value_base=2800000000000.0
C0323,"No es un riesgo me- nor: durante El Niño 20232024, estas plantas produjeron el 55% de toda la energía del país.",55%,%,,,,,,,,,,auto-extracted (percent); parsed_value=55.0; value_base=None
C0324,pacto a los hogares por no pagar los subsidios al estrato 1 con aumento en la factura del 150%.,150%,%,,,,,,,,,,auto-extracted (percent); parsed_value=150.0; value_base=None
C0325,"El Fondo Nacional del Ahorro (FNA): $3,7 billones en riesgo estructural de tasa de interés, que amenaza los a","$3,7 billones",COP billones,,,,,,,,,,auto-extracted (money); parsed_value=3.7; value_base=3700000000000.0
C0326,"illones de trabajadores colombianos, llega a este gobierno con un descalce estructural de $3,7 billones entre activos y pasivos a tasa fija y UVR, una condición qu","$3,7 billones",COP billones,,,,,,,,,,auto-extracted (money); parsed_value=3.7; value_base=3700000000000.0
C0327,"El deterioro de cartera creció 260,9% entre 2024 y 2025, alcanzando $613.853 millones acumulados.",$613.853 millones,COP millones,entre 2024 y 2025,,,,,,,,,auto-extracted (money); parsed_value=613853.0; value_base=613853000000.0
C0328,"La utilidad neta cayó 48,9% entre 2023 y 2025, mientras los costos de personal creciero","48,9%",%,entre 2023 y 2025; entre 2020 y 2025,,,,,,,,,auto-extracted (percent); parsed_value=48.9; value_base=None
C0329,"Las cuentas por pagar crecieron 734% en un solo año, evidencia de un manejo financiero que se al",734%,%,,,,,,,,,,auto-extracted (percent); parsed_value=734.0; value_base=None
C0330,"Un descalce de $3,7 billones y un deterioro de cartera disparado significan que, si much","$3,7 billones",COP billones,,,,,,,,,,auto-extracted (money); parsed_value=3.7; value_base=3700000000000.0
C0331,", radicado por el Gobierno saliente el 30 de julio de 2026, asigna a MinCiencias cerca de $30.000 millones para funcionamiento (inferior a los $46.339 millones que la",$30.000 millones,COP millones,2027; 30 de julio de 2026,,,,,,,,,auto-extracted (money); parsed_value=30000.0; value_base=30000000000.0
C0332,"ntes que deberán ser verificadas y atendidas de manera prioritaria por el nuevo gobierno: $29.400 millones adeudados directamente a deportistas, medallistas olímpicos",$29.400 millones,COP millones,,,,,,,,,,auto-extracted (money); parsed_value=29400.0; value_base=29400000000.0
C0334,Caen los ingresos del Sistema General de Regalías: más de 900 municipios podrían quedarse sin recursos para invertir,900 municipios podrían,municipios,,,,,,,,,,auto-extracted (count); parsed_value=900.0; value_base=900.0
C0335,"Al 31 de mayo de 2026, el recaudo acumulado asciende a $15,1 billones, equivalente al 59% del presupuesto de ingresos corrientes","$15,1 billones",COP billones,31 de mayo de 2026,,,,,,,,,auto-extracted (money); parsed_value=15.1; value_base=15100000000000.0
C0336,"Si la tendencia continúa, más de 900 municipios podrían enfrentar mayores dificultades para ejecutar inversiones qu",900 municipios podrían,municipios,julio de 2026,,,,,,,,,auto-extracted (count); parsed_value=900.0; value_base=900.0
C0338,Agua para santa marta: $786.000 millones bajo control preventivo antes de seguir su curso,$786.000 millones,COP millones,,,,,,,,,,auto-extracted (money); parsed_value=786000.0; value_base=786000000000.0
C0340,"abastecimiento de agua potable de la ciudad, sino porque comprometía recursos cercanos a $786.000 millones y fue iniciado pocas semanas antes de la finalización del G",$786.000 millones,COP millones,19 de junio de 2026,,,,,,,,,auto-extracted (money); parsed_value=786000.0; value_base=786000000000.0
C0341,l de la Nación una solicitud de adopción de medidas preventivas respecto del Contrato CMA 0012025 de ESSMAR E.S.P..,0012025 de,,25 de julio de 2026,,,,,,,,,auto-extracted (count); parsed_value=12025.0; value_base=12025.0
C0342,"Mediante esta decisión se declararon hábiles los días 11, 12, 18, 19, 20, 25 y 26 de julio y 1 y 2 de agosto de 2026 (sábados, domingos y festivos) para",25 y             y,,26 de julio; 2 de agosto de 2026,,,,,,,,,auto-extracted (count); parsed_value=25.0; value_base=25.0
C0343,$900.000 millones a un día de la posesión,$900.000 millones,COP millones,,,,,,,,,,auto-extracted (money); parsed_value=900000.0; value_base=900000000000.0
C0344,"74 del Órgano Colegiado de Administración y Decisión de Ciencia, T",74 del,,6 de agosto de 2026,,,,,,,,,auto-extracted (count); parsed_value=74.0; value_base=74.0
C0345,"se encontraba prevista la definición de proyectos financiados con recursos cercanos a los $900.000 millones, razón por la cual el Equipo Élite consideró necesario aler",$900.000 millones,COP millones,,,,,,,,,,auto-extracted (money); parsed_value=900000.0; value_base=900000000000.0
C0346,Un contrato de $23.663 millones asignado a una sociedad cuyo capital social es de $117 mill,$23.663 millones,COP millones,,,,,,,,,,auto-extracted (money); parsed_value=23663.0; value_base=23663000000.0
C0347,"oría, soporte legal y representación judicial y extrajudicial, por un valor aproximado de $23.663 millones.",$23.663 millones,COP millones,,,,,,,,,,auto-extracted (money); parsed_value=23663.0; value_base=23663000000.0
C0348,"na diferencia significativa entre el capital social de la sociedad contratista, cercano a $117 millones, y la cuantía del contrato, observándose, además, que la ex",$117 millones,COP millones,,,,,,,,,,auto-extracted (money); parsed_value=117.0; value_base=117000000.0
C0350,Presunto CAMBIO DE REGLAS CONTRACTUALES EN PLENO PROCESO CONTRACTUAL DE $165.492 MILLONES,$165.492 MILLONES,COP millones,,,,,,,,,,auto-extracted (money); parsed_value=165492.0; value_base=165492000000.0
C0351,"La iniciativa contemplaba una inversión cercana a $165.492 millones para la implementación, administración, operación y manteni",$165.492 millones,COP millones,julio de 2026,,,,,,,,,auto-extracted (money); parsed_value=165492.0; value_base=165492000000.0
C0352,"De acuerdo con la información examinada, la Agencia Nacional de Tierras (ANT) desembolsó $1 billón de pesos para la adquisición de predios.",$1 billón de pesos,COP billón,,,De acuerdo con información examinada,,,,,,,auto-extracted (money); parsed_value=1.0; value_base=1000000000000.0
C0353,"Contraloría General de la República a la entidad en la vigencia 2025, se concluyó que, de 537 predios, únicamente 3 habían sido debidamente titularizados.",537 predios,predios,2025,,,,,,,,,auto-extracted (count); parsed_value=537.0; value_base=537.0
C0354,"Se identificaron recursos destinados a la intervención de infraestructura por más de $612.000 millones, que se comprometieron con las Juntas de Acción Comunal (JA",$612.000 millones,COP millones,,,,,,,,,,auto-extracted (money); parsed_value=612000.0; value_base=612000000000.0
C0355,"Por ejemplo, en Antioquia, seis (6) convenios por más de $2.289 millones presentaban ejecución presupuestal del cien por ciento, mie",$2.289 millones,COP millones,,,,,,,,,,auto-extracted (money); parsed_value=2289.0; value_base=2289000000.0
C0357,"rocedimiento aparecía registrado en SECOP II con un presupuesto equivalente a cero pesos ($0), el valor estimado de la contratación ascendía a aproximad",$0,COP,,,,,,,,,,auto-extracted (money); parsed_value=0.0; value_base=0.0
C0358,"El procedimiento, adelantado por la Unidad Nacional de Protección (UNP), superaba los $78.000 millones y buscaba garantizar la prestación del servicio de escoltas",$78.000 millones,COP millones,,,,,,,,,,auto-extracted (money); parsed_value=78000.0; value_base=78000000000.0
C0359,Un proyecto que casi duplicó su valor: de $68.500 a $127.700 millones,$68.500,COP,,,,,,,,,,auto-extracted (money); parsed_value=68500.0; value_base=68500.0
C0360,"turística financiada por el Fondo Nacional del Turismo (FONTUR), cuyo presupuesto pasó de $68.500 millones a $127.700 millones durante su ejecución.",$68.500 millones,COP millones,,,,,,,,,,auto-extracted (money); parsed_value=68500.0; value_base=68500000000.0
C0361,"El incremento, del 82,6%, motivó una verificación detallada de los antecedentes del","82,6%",%,,,,,,,,,,auto-extracted (percent); parsed_value=82.6; value_base=None
C0362,"El contrato ascendía aproximadamente a $60.300 millones y hacía parte del denominado Escudo Nacional Antidrones, in",$60.300 millones,COP millones,,,,,,,,,,auto-extracted (money); parsed_value=60300.0; value_base=60300000000.0
C0364,"(Canal Trece), por un valor de hasta $17.003 millones, cuyo objeto consistía en apoyar la organización y operació",$17.003 millones,COP millones,,,,,,,,,,auto-extracted (money); parsed_value=17003.0; value_base=17003000000.0
C0365,"En el Instituto Colombiano de Bienestar Familiar, el Equipo Élite analizó 66 resoluciones de nombramiento en provisionalidad expedidas entre el 2 y el 8",66 resoluciones de,resoluciones,8 de julio de 2026,,,,,,,,,auto-extracted (count); parsed_value=66.0; value_base=66.0
C0367,"de la función contractual del Estado, protegiendo de ese modo una cuantía superior a los 4.000 millones de pesos que se pretendían comprometer en contratos.",4.000 millones de pesos,COP millones,,,,,,,,,,auto-extracted (money); parsed_value=4000.0; value_base=4000000000.0
C0368,"ría ordenada estableció que el hospital contaba con 39 funcionarios, una nómina cercana a $343 millones mensuales y un marco normativo que proyectaba la vinculació",$343 millones,COP millones,,,,,,,,,,auto-extracted (money); parsed_value=343.0; value_base=343000000.0
C0370,Más de $160.000 millones y 7.500 familias afectadas,$160.000 millones,COP millones,,,,,,,,,,auto-extracted (money); parsed_value=160000.0; value_base=160000000000.0
C0371,"De acuerdo con los antecedentes revisados, la entidad habría recibido más de $160.000 millones provenientes de miles de familias inversionistas.",$160.000 millones,COP millones,,,De acuerdo con antecedentes revisados,,,,,,,auto-extracted (money); parsed_value=160000.0; value_base=160000000000.0
C0372,Contratos por $68.000 millones mientras la entidad preparaba la liquidación,$68.000 millones,COP millones,,,,,,,,,,auto-extracted (money); parsed_value=68000.0; value_base=68000000000.0
C0373,"icó que FONIGUALDAD continuaba adelantando procesos contractuales por un valor superior a $68.000 millones, circunstancia que motivó la actuación del Equipo para soli",$68.000 millones,COP millones,,,,,,,,,,auto-extracted (money); parsed_value=68000.0; value_base=68000000000.0
C0375,"Por eso resulta preocupante que, de las 351.463 hectáreas entregadas a través del Fondo de Tierras, apenas 98.148 cuenten con re",351.463 hectáreas entregadas,hectáreas,,,,,,,,,,auto-extracted (count); parsed_value=351463.0; value_base=351463.0
C0376,La Agencia Nacional de Tierras destinó $979.003 millones para la adquisición de 537 predios provenientes de la Socie,$979.003 millones,COP millones,,,,,,,,,,auto-extracted (money); parsed_value=979003.0; value_base=979003000000.0
C0378,"de 147.400 hectáreas en marzo de 2026 a 847.229 en junio del mismo año, un incremento del 475 % en apenas tres meses.",475 %,%,marzo de 2026,,,,,,,,,auto-extracted (percent); parsed_value=475.0; value_base=None
C0382,"Entre 2022 y 2025 Colombia perdió más de 435.000 hectáreas de bosque, más del 60 % de ellas en la Amazonía.",60 %,%,Entre 2022 y 2025,,,,,,,,,auto-extracted (percent); parsed_value=60.0; value_base=None
C0383,"Solo en 2024 la deforestación llegó a 113.608 hectáreas, un 43,4 % por encima del año anterior, y dentro del Sistema de Parque","43,4 %",%,2024,,,,,,,,,auto-extracted (percent); parsed_value=43.4; value_base=None
C0384,Los contratos de prestación de servicios por contratación directa pasaron de 142 por $2.121 millones en 2022 a 1.199 por $83.583 millones en 2025: 744 % más con,$2.121 millones,COP millones,2022; 2025,,,,,,,,,auto-extracted (money); parsed_value=2121.0; value_base=2121000000.0
C0385,"El Fondo para la Vida y la Biodiversidad recibió apropiaciones por 1,8 billones de pesos y ejecutó, en promedio, el 16,5 % anual entre 2023 y 2025;","1,8 billones de pesos",COP billones,entre 2023 y 2025; 2024,,,,,,,,,auto-extracted (money); parsed_value=1.8; value_base=1800000000000.0
C0386,El Ministerio comprometió $474.129 millones del Sistema General de Regalías en 25 proyectos ambientales,$474.129 millones,COP millones,2025,,,,,,,,,auto-extracted (money); parsed_value=474129.0; value_base=474129000000.0
C0387,"tos quedaron sin un peso, mientras se financiaron propuestas peor evaluadas; entre ellas, $43.435 millones asignados con investigación penal activa.",$43.435 millones,COP millones,,,,,,,,,,auto-extracted (money); parsed_value=43435.0; value_base=43435000000.0
C0388,"n el IDEAM, la revisión de contratación identificó 176 grupos de registros duplicados por $33.470 millones y 26 procesos adjudicados con una sola oferta por $7.642 mi",$33.470 millones,COP millones,,,,,,,,,,auto-extracted (money); parsed_value=33470.0; value_base=33470000000.0
C0389,ceso ambiental tiene además una dimensión humana que no puede omitirse: Colombia registró 48 de los 146 homicidios de personas defensoras del ambiente document,48 de los,,2024; 2023,,,,,,,,,auto-extracted (count); parsed_value=48.0; value_base=48.0
C0390,"l gobierno, el MADS expidió la Resolución 992 de 2026, a través de la cual se delimitaron 29.199 hectáreas en Santurbán (19 municipios), dejando zonas críticas sin resol",29.199 hectáreas en,hectáreas,2026,,,,,,,,,auto-extracted (count); parsed_value=29199.0; value_base=29199.0
C0391,"Mientras tanto, la Fiscalía documenta más de 200 bocaminas ilegales que liberan mercurio y arsénico en el río Suratá.",200 bocaminas ilegales,bocaminas,,,,,,,,,,auto-extracted (count); parsed_value=200.0; value_base=200.0
C0392,"l Sistema General de Regalías para ciencia está por debajo del 7% histórico, con cerca de $4 billones englobados sin impactos claros para el país ni para las reg",$4 billones,COP billones,,,,,,,,,,auto-extracted (money); parsed_value=4.0; value_base=4000000000000.0
C0393,"El caso más elocuente: de los $3,8 billones en regalías de ciencia, tecnología e innovación del bienio","$3,8 billones",COP billones,2025- 2026; 2026,,,,,,,,,auto-extracted (money); parsed_value=3.8; value_base=3800000000000.0
C0394,"ombia Inteligente: Infraestructura para el Desarrollo de la Inteligencia Artificial”, por $630.000 millones.",$630.000 millones,COP millones,,,,,,,,,,auto-extracted (money); parsed_value=630000.0; value_base=630000000000.0
C0396,"Los $109.000 millones del Fondo de Investigación en Salud, financiados por la ley",$109.000 millones,COP millones,,,,,,,,,,auto-extracted (money); parsed_value=109000.0; value_base=109000000000.0
C0397,"A junio, estos recursos llevaban seis meses congelados en 0% de ejecución, mientras dos despachos (Ciencia y Salud) no l",0%,%,,,,,,,,,,auto-extracted (percent); parsed_value=0.0; value_base=None
C0398,"s el presupuesto que el propio Gobierno saliente radicó para 2027 le asigna a MinCiencias $0 en inversión, frente a los $555.349 millones que la entidad",$0,COP,2027,,,,,,,,,auto-extracted (money); parsed_value=0.0; value_base=0.0
C0399,"en ejecución a los cuales MinCiencias actualmente le hace seguimiento tienen un valor de $325.216 millones, con una población a impactar de 8,8 millones habitantes.",$325.216 millones,COP millones,,,,,,,,,,auto-extracted (money); parsed_value=325216.0; value_base=325216000000.0
C0400,"Asuntos críticos exigen decisiones inmediatas: el arancel adicional del 12,5 % impuesto por Estados Unidos a Colombia bajo la Sección 301;","12,5 %",%,,,,,,,,,,auto-extracted (percent); parsed_value=12.5; value_base=None
C0401,"Puertas adentro, 11.245 contratos suscritos entre 2022 y 2026, por $5,81 billones, todavía no han sido liquidados.","$5,81 billones",COP billones,entre 2022 y 2026,,,,,,,,,auto-extracted (money); parsed_value=5.81; value_base=5810000000000.0
C0402,"Casi el 70% de ese valor, $4,05 billones en 1.272 contratos, está concentrado en el propio Ministeri","$4,05 billones",COP billones,,,,,,,,,,auto-extracted (money); parsed_value=4.05; value_base=4050000000000.0
C0403,También hay 8.483 contratos de prestación de servicios por $766.813 millones.,$766.813 millones,COP millones,,,,,,,,,,auto-extracted (money); parsed_value=766813.0; value_base=766813000000.0
C0404,"La Contraloría reportó, además, ocho hallazgos fiscales con presunto detrimento por $119.725 millones en el Ministerio y sus entidades, así como cuentas no aprob",$119.725 millones,COP millones,entre 2022 y 2025,,Contraloría,,,,,,,auto-extracted (money); parsed_value=119725.0; value_base=119725000000.0
C0405,e 354 negocios jurídicos pendientes de liquidar frente a solo 47 ya liquidados: apenas el 12% del total.,12%,%,,,,,,,,,,auto-extracted (percent); parsed_value=12.0; value_base=None
C0406,"Además, enfrenta 93 procesos judiciales por $257.561 millones, pero solo tiene provisionados $19.228 millones.",$257.561 millones,COP millones,,,,,,,,,,auto-extracted (money); parsed_value=257561.0; value_base=257561000000.0
C0407,La Contraloría estimó allí un presunto detrimento de $23.006 millones.,$23.006 millones,COP millones,,,,,,,,,,auto-extracted (money); parsed_value=23006.0; value_base=23006000000.0
C0408,"elo, iNNpulsa, el fondo que apoya a emprendedores y empresas, comprometió el 84,3% de sus $798.082 millones, pero solo ejecutó el 22,8% de ese presupuesto.",$798.082 millones,COP millones,,,,,,,,,,auto-extracted (money); parsed_value=798082.0; value_base=798082000000.0
C0409,"ismo millones quedaron comprometidos en el papel sin convertirse en ejecución, y cerca de $122.000 millones de reservas de 2023 se vencieron sin traducirse en apoyos t",$122.000 millones,COP millones,2023,,,,,,,,,auto-extracted (money); parsed_value=122000.0; value_base=122000000000.0
C0410,Los $122.000 millones vencidos de iNNpulsa son recursos que no se tradujeron en p,$122.000 millones,COP millones,,,,,,,,,,auto-extracted (money); parsed_value=122000.0; value_base=122000000000.0
C0411,"A ello se suman $650.821 millones que el Ministerio no giró a sus propios fondos, pese a esta",$650.821 millones,COP millones,,,,,,,,,,auto-extracted (money); parsed_value=650821.0; value_base=650821000000.0
C0412,Entre 2022 y 2026 el Ministerio de Cultura comprometió cerca del 99% de su presupuesto cada año y solo ejecutó entre el 60% y el,99%,%,Entre 2022 y 2026,,,,,,,,,auto-extracted (percent); parsed_value=99.0; value_base=None
C0413,"Esa distancia, $1,37 billones, es el Ministerio que recibimos.","$1,37 billones",COP billones,,,,,,,,,,auto-extracted (money); parsed_value=1.37; value_base=1370000000000.0
C0414,"A junio de 2026 solo se ha comprometido el 59,9% del presupuesto de la vigencia y pagado el 28,2%.","59,9%",%,junio de 2026,,,,,,,,,auto-extracted (percent); parsed_value=59.9; value_base=None
C0415,"El Programa Nacional de Estímulos, instrumento central de fomento a los creadores, tenía $35.810 millones apropiados y cero pesos obligados a mitad de la vigencia.",$35.810 millones,COP millones,,,,,,,,,,auto-extracted (money); parsed_value=35810.0; value_base=35810000000.0
C0416,"asaron de 500 a 934, un aumento del 86,8%, con 902 órdenes de prestación de servicios por $83.144 millones, varias de ellas para funciones de carácter permanente que",$83.144 millones,COP millones,,,,,,,,,,auto-extracted (money); parsed_value=83144.0; value_base=83144000000.0
C0417,"En 2026 el cupo total fue de $346.320 millones, de los cuales $265.487 millones quedaron destinados a proy",$346.320 millones,COP millones,2026,,,,,,,,,auto-extracted (money); parsed_value=346320.0; value_base=346320000000.0
C0418,"de mejoramiento suscrito ante la Contraloría pasó de efectivo a inefectivo en 2025 y, de 47 acciones comprometidas, solo 6 resultaron efectivas.",47 acciones comprometidas,acciones,2025,,,,,,,,,auto-extracted (count); parsed_value=47.0; value_base=47.0
C0419,La convocatoria de 2026 abrió con $80.835 millones disponibles y el tablero público del programa registra 707,$80.835 millones,COP millones,2026,,,,,,,,,auto-extracted (money); parsed_value=80835.0; value_base=80835000000.0
C0420,"El precedente del año pasado da la medida de lo que eso significa: en 2025 se postularon 1.179 proyectos de 30 departamentos y 233 municipios, y 245 accedieron al ince",1.179 proyectos de,proyectos,2025,,,,,,,,,auto-extracted (count); parsed_value=1179.0; value_base=1179.0
C0421,"El patrimonio material se entrega sin inventario verificado: $713.350 millones registrados contablemente, con custodia dispersa y más de v",$713.350 millones,COP millones,,,,,,,,,,auto-extracted (money); parsed_value=713350.0; value_base=713350000000.0
C0422,"a contratación concentrada en un grupo reducido de proveedores: veinte de 2.747 captan el 48,5% del valor contratado.","48,5%",%,,,,,,,,,,auto-extracted (percent); parsed_value=48.5; value_base=None
C0423,e hoy enfrenta el sector defensa: El Ejército Nacional afronta un déficit presupuestal de $14 billones para 2026.,$14 billones,COP billones,2026,,,,,,,,,auto-extracted (money); parsed_value=14.0; value_base=14000000000000.0
C0424,"a una situación similar, ya que, de 386 aeronaves, 131 no están operacionales y apenas el 52% está disponible para volar.",52%,%,,,,,,,,,,auto-extracted (percent); parsed_value=52.0; value_base=None
C0425,"a financiera de primer orden por un déficit crítico en gastos de personal por un valor de $1,7 billones de pesos para la vigencia 2026, debido a la no apropiación completa","$1,7 billones de pesos",COP billones,2026,,,,,,,,,auto-extracted (money); parsed_value=1.7; value_base=1700000000000.0
C0427,"Según la Fundación Ideas para la Paz, El Clan del Golfo pasó de una cifra aproximada de 5.500 en 2022 a 10.000 integrantes en 2025 y de hacer presencia en 145 muni",5.500 en      a,,2022; 2025; 2026,,Según Fundación Ideas para la Paz,,,,,,,auto-extracted (count); parsed_value=5500.0; value_base=5500.0
C0428,"el mismo periodo, según la Defensoría del Pueblo, el reclutamiento de menores aumentó de 151 a 386 casos, el confinamiento de comunidades aumentó de 62.38",151 a,,2022; 2025,,según Defensoría del Pueblo,,,,,,,auto-extracted (count); parsed_value=151.0; value_base=151.0
C0430,"o vigente al momento del siniestro, en el que murieron 70 soldados y civiles, y apenas el 19% de la flota de la Fuerza Aeroespacial está asegurada, lo qu",19%,%,,,Contraloría,,,,,,,auto-extracted (percent); parsed_value=19.0; value_base=None
C0431,"rza Pública enfrentaba estas alertas, el Gobierno saliente impulsó un proyecto superior a $6,3 billones para crear el Escudo Nacional Antidrones, que avanzó entre","$6,3 billones",COP billones,,,Contraloría,,,,,,,auto-extracted (money); parsed_value=6.3; value_base=6300000000000.0
C0432,"u parte, omitió reportar ante la Contraloría 39 contratos ejecutados en 2025 por cerca de $20.000 millones, ocultando su trazabilidad.",$20.000 millones,COP millones,2025,,,,,,,,,auto-extracted (money); parsed_value=20000.0; value_base=20000000000.0
C0435,"ectado únicamente hasta agosto de 2026, el programa Atleta Excelencia (con un promedio de 307 beneficiarios en 2026) se agota en septiembre, y Glorias del Deporte, que re",307 beneficiarios en,beneficiarios,agosto de 2026; 2026,,,,,,,,,auto-extracted (count); parsed_value=307.0; value_base=307.0
C0436,"El empalme identificó deudas con deportistas por $29.400 millones, incentivos a medallistas por cerca de $21.000 millones.",$29.400 millones,COP millones,,,,,,,,,,auto-extracted (money); parsed_value=29400.0; value_base=29400000000.0
C0437,"undo, la desfinanciación: frente a necesidades de funcionamiento e inversión estimadas en $845.453 millones para 2027, el techo preliminar asignado es de $208.417 mill",$845.453 millones,COP millones,2027,,,,,,,,,auto-extracted (money); parsed_value=845453.0; value_base=845453000000.0
C0438,"La brecha, cercana a $637.035 millones, equivale a tres cuartas partes de lo que el sector requier",$637.035 millones,COP millones,,,,,,,,,,auto-extracted (money); parsed_value=637035.0; value_base=637035000000.0
C0439,"El inventario registra veinte escenarios deportivos inconclusos desde 2020 por unos $24.175 millones, entre ellos el estadio Marino Klinger de Buenaventura, el",$24.175 millones,COP millones,2020,,,,,,,,,auto-extracted (money); parsed_value=24175.0; value_base=24175000000.0
C0440,"A eso se suman 347 convenios solidarios con juntas de acción comunal por cerca de $56.531 millones, la mayoría sin ejecución reportada y con cifras que ni siq",$56.531 millones,COP millones,,,,,,,,,,auto-extracted (money); parsed_value=56531.0; value_base=56531000000.0
C0441,"dica crece al mismo ritmo: 1.005 procesos radicados, 281 tutelas activas y un aumento del 83,7 % en tutelas entre 2023 y 2025.","83,7 %",%,entre 2023 y 2025,,,,,,,,,auto-extracted (percent); parsed_value=83.7; value_base=None
C0442,"dó desmantelada y centralizada, sin capacidad real para cumplir su misión frente a más de 1.350 ligas y federaciones.",1.350 ligas y,ligas,,,,,,,,,,auto-extracted (count); parsed_value=1350.0; value_base=1350.0
C0443,El Ministerio funciona con una planta de 180 empleos y una dependencia muy alta de la contratación: 1.192 contrato,180 empleos y,empleos,,,,,,,,,,auto-extracted (count); parsed_value=180.0; value_base=180.0
C0444,A los 615.014 jóvenes que participaron en los Juegos Intercolegiados en 1.104 municip,615.014 jóvenes que,jóvenes,,,,,,,,,,auto-extracted (count); parsed_value=615014.0; value_base=615014.0
C0445,"los territorios que esperan los Juegos Nacionales 2027, con vigencias futuras cercanas a $100.267 millones que deben preservarse para que las sedes no queden a medio",$100.267 millones,COP millones,2027,,,,,,,,,auto-extracted (money); parsed_value=100267.0; value_base=100267000000.0
C0447,el Ministerio de Educación adelantaba actuaciones para comprometer recursos por cerca de $7 billones antes de finalizar el periodo relacionadas con el patrimoni,$7 billones,COP billones,,,,,,,,,,auto-extracted (money); parsed_value=7.0; value_base=7000000000000.0
C0448,"utorías para el Aprendizaje y la Formación Integral (PTAFI 3.0), por un valor estimado de $1,69 billones, distribuido en cinco lotes y con compromisos que se proyec","$1,69 billones",COP billones,2036,,,,,,,,,auto-extracted (money); parsed_value=1.69; value_base=1690000000000.0
C0449,"ecursos de educación durante más de una década para una estrategia que involucra a más de 1,16 millones de estudiantes, 110.371 docentes y 9.668 directivos docentes.","1,16 millones de estudiantes",millones estudiantes,,,,,,,,,,auto-extracted (count); parsed_value=1.16; value_base=1160000.0
C0450,"de 2026, seis días antes del cambio de gobierno, se expidieron además los Decretos 0932, 0933 y 0934, mediante los cuales el Gobierno reglamentó aspectos e",0933 y,,31 de julio de 2026,,,,,,,,,auto-extracted (count); parsed_value=933.0; value_base=933.0
C0451,"El Programa de Alimentación Escolar debe atender a más de 6,2 millones de estudiantes en 2026, y el empalme identificó a más de 860.000 en riesgo po","6,2 millones de estudiantes en",millones estudiantes,2026,,,,,,,,,auto-extracted (count); parsed_value=6.2; value_base=6200000.0
C0452,En 2025 se reportaron 17 brotes de enfermedades transmitidas por alimentos asociados al progra,17 brotes de,brotes,2025,,,,,,,,,auto-extracted (count); parsed_value=17.0; value_base=17.0
C0453,"Y el sector carga vigencias futuras comprometidas por $1,95 billones y 152 plataformas tecnológicas sin modernización integral,","$1,95 billones",COP billones,,,,,,,,,,auto-extracted (money); parsed_value=1.95; value_base=1950000000000.0
C0454,"er semestre de 2025, se estructuraron 61 hallazgos, 23 de ellos con incidencia fiscal por $548.120 millones.",$548.120 millones,COP millones,2023; 2025,,Contraloría,,,,,,,auto-extracted (money); parsed_value=548120.0; value_base=548120000000.0
C0455,"uevo Gobierno recibe así un modelo que continúa bajo vigilancia y del que dependen más de 800.000 docentes, pensionados y sus familias.",800.000 docentes,docentes,,,,,,,,,,auto-extracted (count); parsed_value=800000.0; value_base=800000.0
C0456,"En 2025, de 9.305 solicitudes de pensión revisadas, apenas 2.034 fueron reconocidas y pagada",9.305 solicitudes de,solicitudes,2025,,,,,,,,,auto-extracted (count); parsed_value=9305.0; value_base=9305.0
C0457,"En las pensiones de jubilación, el 75 % incumplió los plazos: 2.857 solicitudes tardaron entre uno",75 %,%,,,,,,,,,,auto-extracted (percent); parsed_value=75.0; value_base=None
C0458,"a Contraloría documentó 10 contratos de transacción suscritos en 2023 y 2024 por cerca de $1,2 billones sin aprobación del Consejo Directivo, y estableció nuevos h","$1,2 billones",COP billones,2023; 2024,,Contraloría,,,,,,,auto-extracted (money); parsed_value=1.2; value_base=1200000000000.0
C0459,También identificó un hallazgo fiscal por $5.479 millones asociado a sanciones moratorias por cesantías consignadas f,$5.479 millones,COP millones,,,,,,,,,,auto-extracted (money); parsed_value=5479.0; value_base=5479000000.0
C0461,"La caja en pesos del Ministerio se reportó en 16 billones al 31 de mayo de 2026, frente a un rango histórico de entre 30",16 billones al,billones al,31 de mayo de 2026,,,,,,,,,auto-extracted (count); parsed_value=16.0; value_base=16000000000000.0
C0462,"El déficit del Gobierno Nacional Central alcanzó el 6,4 % del PIB en 2025 y hubo que activar la cláusula de escape de","6,4 %",%,2025; 2025-2027,,,,,,,,,auto-extracted (percent); parsed_value=6.4; value_base=None
C0463,"ontraloría General encontró que el límite de adjudicación por emisión de TES se elevó del 50 % al 100 %, lo que permitió concentrar la deuda pública en po",50 %,%,2026; 2029; 2030,,Contraloría,,,,,,,auto-extracted (percent); parsed_value=50.0; value_base=None
C0464,"En paralelo, identificó encargos fiduciarios por $113 billones que podrían estar sobreestimando la ejecución presupuestal",$113 billones,COP billones,,,,,,,,,,auto-extracted (money); parsed_value=113.0; value_base=113000000000000.0
C0465,"La DIAN recaudó $294,5 billones brutos en 2025 y enfrenta una meta neta de $292,9 billones","$294,5 billones",COP billones,2025; 2026,,,,,,,,,auto-extracted (money); parsed_value=294.5; value_base=294500000000000.0
C0466,"Mientras tanto, el Fondo DIAN suscribió dos contratos tecnológicos por más de $310.000 millones que hoy no funcionan y cuya entrega está proyectada hasta 2",$310.000 millones,COP millones,2028; entre 2019 y 2024,,,,,,,,,auto-extracted (money); parsed_value=310000.0; value_base=310000000000.0
C0467,"En la misma entidad, un contrato de arrendamiento de 3.064 puestos de trabajo por $19.996 millones terminó con solo 1.890 ocupados y un daño patrimonial estab",$19.996 millones,COP millones,,,,,,,,,,auto-extracted (money); parsed_value=19996.0; value_base=19996000000.0
C0468,"inistra las cesantías de más de 800 mil trabajadores, presenta un descalce estructural de $3,7 billones entre activos y pasivos, un deterioro de cartera que creció","$3,7 billones",COP billones,entre 2024 y 2025; 2020,,,,,,,,,auto-extracted (money); parsed_value=3.7; value_base=3700000000000.0
C0469,FINDETER prestó $328.000 millones a AIRE con inconsistencias documentales y sin soporte en lo,$328.000 millones,COP millones,2024; 2025,,,,,,,,,auto-extracted (money); parsed_value=328000.0; value_base=328000000000.0
C0470,"En el FOMAG, las auditorías de la Contraloría dejaron hallazgos fiscales por $81.593 millones en 2024 y $176.795 millones en 2025.",$81.593 millones,COP millones,2024; 2025,,,,,,,,,auto-extracted (money); parsed_value=81593.0; value_base=81593000000.0
C0471,"Coljuegos dejó prescribir cobros por $34.023 millones y el juego ilegal deja de transferir cerca de 1,5 billones",$34.023 millones,COP millones,,,,,,,,,,auto-extracted (money); parsed_value=34023.0; value_base=34023000000.0
C0473,"Los cinco ciclos de pago que faltan, de agosto a diciembre, cuestan cerca de $630 mil millones mensuales y no tienen respaldo presupuestal.",$630 mil millones,COP mil millones,,,,,,,,,,auto-extracted (money); parsed_value=630.0; value_base=630000000000.0
C0474,"La ampliación de la cobertura se hizo sobre la expectativa de una cofinanciación de $3,2 billones que nunca se concretó.","$3,2 billones",COP billones,,,,,,,,,,auto-extracted (money); parsed_value=3.2; value_base=3200000000000.0
C0475,"ad para las Víctimas cerró el primer semestre de 2026 con una ejecución del 11,55 % sobre $4,41 billones apropiados, la más baja del sector.","$4,41 billones",COP billones,2026,,,,,,,,,auto-extracted (money); parsed_value=4.41; value_base=4410000000000.0
C0476,"más estratégico (la implementación de las medidas de reparación, que concentra cerca del 60 % de la inversión) apenas alcanzó una ejecución del 3,28 %.",60 %,%,,,,,,,,,,auto-extracted (percent); parsed_value=60.0; value_base=None
C0477,"Su patrimonio era negativo en $5,79 billones a diciembre de 2025, frente a $3,65 billones negativos un a","$5,79 billones",COP billones,diciembre de 2025,,,,,,,,,auto-extracted (money); parsed_value=5.79; value_base=5790000000000.0
C0478,Detrás de esos números hay 586.899 personas incorporadas al Registro Único de Víctimas solo en 2025.,586.899 personas incorporadas,personas,2025,,,,,,,,,auto-extracted (count); parsed_value=586899.0; value_base=586899.0
C0479,La emergencia por bajas temperaturas ilustra el patrón con crudeza: $408.560 millones asignados a Prosperidad Social mediante los Decretos 0241 y,$408.560 millones,COP millones,2026,,,,,,,,,auto-extracted (money); parsed_value=408560.0; value_base=408560000000.0
C0480,"Directora General del Departamento Administrativo para la Prosperidad Social 30 de junio, una ejecución del 0 %, pese a que los recursos llev",0 %,%,30 de junio,,,,,,,,,auto-extracted (percent); parsed_value=0.0; value_base=None
C0481,"El 98,1 % del valor contratado por el anterior gobierno se concentró","98,1 %",%,,,,,,,,,,auto-extracted (percent); parsed_value=98.1; value_base=None
C0482,"Esta tendencia también se refleja en el número de licitaciones públicas, que pasó de 17 a tan solo 2 procesos.",17 a tan,,,,,,,,,,,auto-extracted (count); parsed_value=17.0; value_base=17.0
C0483,Un claro ejemplo de este tipo de prácticas es el Convenio Interadministrativo 350 de 2025.,350 de,,2025,,,,,,,,,auto-extracted (count); parsed_value=350.0; value_base=350.0
C0484,"do uso del régimen especial de contratación de Prosperidad Social, la entidad comprometió $33 mil millones frente a una contrapartida en especie de solo $336 millones",$33 mil millones,COP mil millones,,,,,,,,,,auto-extracted (money); parsed_value=33.0; value_base=33000000000.0
C0485,"Mientras tanto, 4.080 hogares indígenas y afrodescendientes de Vichada, Guaviare, Amazonas, Putumay",4.080 hogares indígenas,hogares,noviembre de 2025,,,,,,,,,auto-extracted (count); parsed_value=4080.0; value_base=4080.0
C0486,"s, vigente una función de advertencia sobre 1.154 convenios de infraestructura social por $2,33 billones: 49 cancelados; 20 suspendidos por más de 48 meses, con $37","$2,33 billones",COP billones,,,,,,,,,,auto-extracted (money); parsed_value=2.33; value_base=2330000000000.0
C0487,"adelanta la obra del Museo de Memoria, la ejecución presupuestal comprometida llegaba al 39,96 % a mitad de 2026.","39,96 %",%,2026,,,,,,,,,auto-extracted (percent); parsed_value=39.96; value_base=None
C0488,"los convenios de asociación, el rigor técnico y fiscal de los programas y proyectos y los 1.154 convenios de infraestructura social bajo advertencia de la Contraloría.",1.154 convenios de,convenios,,,,,,,,,,auto-extracted (count); parsed_value=1154.0; value_base=1154.0
C0489,"onal de Protección declaró que los rubros de escoltas, vehículos, dotación y viáticos (el 80% de su presupuesto) se agotan el 30 de agosto y el 30 de sep",80%,%,30 de agosto; 30 de septiembre de 2026,,,,,,,,,auto-extracted (percent); parsed_value=80.0; value_base=None
C0490,"La Corporación Nasa Kiwe mantiene 610 contratos con plazo vencido sin liquidar, por $111.507 millones, acumulados desde 2018, y tres convenios adicionales por $4",$111.507 millones,COP millones,2018; septiembre de 2026,,,,,,,,,auto-extracted (money); parsed_value=111507.0; value_base=111507000000.0
C0492,citó suspender de inmediato procesos: una contratación directa de drones y antidrones por $50.000 millones sin viabilidad técnica ni disponibilidad presupuestal certi,$50.000 millones,COP millones,julio de 2026,,,,,,,,,auto-extracted (money); parsed_value=50000.0; value_base=50000000000.0
C0493,"Y el sector programa para 2027 una contracción del 10,3% frente a 2026 (la UNP pide 18,2% menos y la Dirección Nacio","10,3%",%,2027; 2026,,,,,,,,,auto-extracted (percent); parsed_value=10.3; value_base=None
C0494,"El 41,4 % de los reclusos duerme en el piso mientras se pagaron obras","41,4 %",%,,,,,,,,,,auto-extracted (percent); parsed_value=41.4; value_base=None
C0495,"El hacinamiento carcelario llegó al 28,01% en los establecimientos de reclusión y al 95,5% en los cent","28,01%",%,,,,,,,,,,auto-extracted (percent); parsed_value=28.01; value_base=None
C0496,"El 41,4% de las personas privadas de la libertad duerme en el piso p","41,4%",%,,,,,,,,,,auto-extracted (percent); parsed_value=41.4; value_base=None
C0497,"Los proyectos críticos son concretos: la ampliación de cupos en Itagüí por $39.385 millones, Barranquilla por $8.923 millones, Ipiales por $6.988 millo",$39.385 millones,COP millones,,,,,,,,,,auto-extracted (money); parsed_value=39385.0; value_base=39385000000.0
C0498,En el Barne se compraron equipos de cocina por $1.164 millones que quedaron almacenados sin uso mientras el servicio de al,$1.164 millones,COP millones,,,,,,,,,,auto-extracted (money); parsed_value=1164.0; value_base=1164000000.0
C0499,a de 7.227 cupos del cuatrienio quedó sin entregar y se registra un detrimento superior a $82.700 millones por obras suspendidas.,$82.700 millones,COP millones,,,,,,,,,,auto-extracted (money); parsed_value=82700.0; value_base=82700000000.0
C0500,"La salud dentro de las cárceles corrió la misma suerte: la Contraloría formuló 135 hallazgos en salud intramural, con 2.239 procedimientos y 4.137 medicame",135 hallazgos en,hallazgos,,,,,,,,,,auto-extracted (count); parsed_value=135.0; value_base=135.0
C0501,El concurso para proveer entre 329 y 340 notarías está suspendido por el Consejo de Estado desde,329 y,,22 de mayo de 2026,,,,,,,,,auto-extracted (count); parsed_value=329.0; value_base=329.0
C0502,Se investigan denuncias de sobornos de hasta $1.000 millones por plaza y la Contraloría halló deficiencias en el contrat,$1.000 millones,COP millones,,,,,,,,,,auto-extracted (money); parsed_value=1000.0; value_base=1000000000.0
C0503,"La litigiosidad en su contra alcanza 284.351 procesos activos con pretensiones por $807,55 billones, y la deuda judicial exigible asciende a $17,27 billones.","$807,55 billones",COP billones,,,,,,,,,,auto-extracted (money); parsed_value=807.55; value_base=807550000000000.0
C0504,"el país entra a un nuevo cuatrienio sin hoja de ruta vigente, en un contexto de cerca de 300.000 hectáreas de hoja de coca.",300.000 hectáreas de,hectáreas,31 de diciembre de 2025,,,,,,,,,auto-extracted (count); parsed_value=300000.0; value_base=300000.0
C0505,"Todo esto ocurre con un sector que a junio de 2026 había comprometido el 54,4 % de su presupuesto y obligado apenas el 34,5 %.","54,4 %",%,junio de 2026,,,,,,,,,auto-extracted (percent); parsed_value=54.4; value_base=None
C0510,"Colombia pasó de un superávit de energía firme cercano al 2 % en 2022 a un déficit del 4,4 % en 2026.",2 %,%,2022; 2026,,,,,,,,,auto-extracted (percent); parsed_value=2.0; value_base=None
C0511,"De los 4.475 MW de nueva generación esperados para 2026 solo ha entrado en operación el 15,5 %, y cerca del 60 % de los proyectos de transmisión presenta","15,5 %",%,2026,,,,,,,,,auto-extracted (percent); parsed_value=15.5; value_base=None
C0512,"Las reservas probadas de gas equivalen hoy a unos 5,9 años de autonomía, con un posible déficit nacional desde febrero de","5,9 años de",años,febrero de 2027,,,,,,,,,auto-extracted (count); parsed_value=5.9; value_base=5.9
C0513,"En el Caribe, Air-e pasó de un patrimonio positivo de $2,22 billones en 2023 a uno negativo.","$2,22 billones",COP billones,2023,,,,,,,,,auto-extracted (money); parsed_value=2.22; value_base=2220000000000.0
C0514,La extracción ilícita de oro mueve más de 3.000 millones de dólares al año y ha degradado más de 80.000 hectáreas del territori,3.000 millones de dólares,USD millones,,,,,,,,,,auto-extracted (money); parsed_value=3000.0; value_base=3000000000.0
C0515,"ión recogida durante el empalme, el país pasó de un superávit de energía firme cercano al 2 % en 2022 a un déficit del 4,4 % en 2026, con riesgo de défic",2 %,%,2022; 2026; 2026-2027,,según información recogida durante el empalme,,,,,,,auto-extracted (percent); parsed_value=2.0; value_base=None
C0516,": de los 4.475 MW de nueva generación esperados para 2026 solo ha entrado en operación el 15,5 %; cerca del 60 % de los proyectos de transmisión presenta at","15,5 %",%,2026; julio de 2026,,,,,,,,,auto-extracted (percent); parsed_value=15.5; value_base=None
C0517,En el primer trimestre de 2026 Colombia importó el 23 % de su demanda nacional y lo que va corrido del segundo seme,23 %,%,2026,,,,,,,,,auto-extracted (percent); parsed_value=23.0; value_base=None
C0518,"o tiempo, las reservas probadas han venido disminuyendo y hoy representan aproximadamente 5,9 años de autonomía.","5,9 años de",años,,,,,,,,,,auto-extracted (count); parsed_value=5.9; value_base=5.9
C0520,"ón de Canacol a menos de la mitad de sus contratos, que representa hoy aproximadamente el 10 % de la oferta nacional y cuya caída incrementa el riesgo, es",10 %,%,,,,,,,,,,auto-extracted (percent); parsed_value=10.0; value_base=None
C0522,"llones de familias en Atlántico, Magdalena y La Guajira pasó de un patrimonio positivo de $2,22 billones en 2023 a uno negativo, con una pérdida neta en 2025 de $1,","$2,22 billones",COP billones,2023; 2025,,,,,,,,,auto-extracted (money); parsed_value=2.22; value_base=2220000000000.0
C0525,"Entre 2022 y 2026 se expidieron 333 normas con ese propósito, y a ellas se sumaron la declaratoria de Área",333 normas con,normas,Entre 2022 y 2026,,,,,,,,,auto-extracted (count); parsed_value=333.0; value_base=333.0
C0526,La extracción ilícita de oro por parte de grupos criminales mueve en Colombia más de 3.000 millones de dólares al año.,3.000 millones de dólares,USD millones,,,,,,,,,,auto-extracted (money); parsed_value=3000.0; value_base=3000000000.0
C0527,"Recuperar ese mercado para la economía formal aumentaría en 6,1 billones de pesos el recaudo por impuestos y regalías.","6,1 billones de pesos",COP billones,,,,,,,,,,auto-extracted (money); parsed_value=6.1; value_base=6100000000000.0
C0528,ritorio nacional y recuperar una sola hectárea degradada le cuesta al Estado alrededor de 70 millones de pesos.,70 millones de pesos,COP millones,,,,,,,,,,auto-extracted (money); parsed_value=70.0; value_base=70000000.0
C0529,"pasivo ambiental acumulado por la extracción ilícita de minerales en Colombia ascendía a 6.02 billones de pesos, según la información recogida durante el empalme.",6.02 billones de pesos,COP billones,2025,,según información recogida durante el empalme,,,,,,,auto-extracted (money); parsed_value=6.0; value_base=6000000000000.0
C0530,"de 551 contratos en 2022 a 1.860 en 2026: 1.309 contratos adicionales, un crecimiento del 237,6 % y un volumen 3,38 veces mayor que el registrado hace cuatro","237,6 %",%,2022; 2026,,,,,,,,,auto-extracted (percent); parsed_value=237.6; value_base=None
C0532,"Entre 2022 y 2026 el sector Presidencia recibió apropiaciones por $18,49 billones y pagó $2,79 billones: una ejecución del 15,1 % en cuatro a","$18,49 billones",COP billones,Entre 2022 y 2026,,,,,,,,,auto-extracted (money); parsed_value=18.49; value_base=18490000000000.0
C0533,"En 2026 la cifra cae al 3,0 %.","3,0 %",%,2026,,,,,,,,,auto-extracted (percent); parsed_value=3.0; value_base=None
C0534,"La UNGRD concentró cerca de $15,3 billones, alrededor del 82,8 % de las apropiaciones del sector Presi","$15,3 billones",COP billones,,,,,,,,,,auto-extracted (money); parsed_value=15.3; value_base=15300000000000.0
C0535,", al 31 de julio de 2026, la entidad había pagado el 19,6 % de una apropiación vigente de $7,04 billones.","$7,04 billones",COP billones,31 de julio de 2026,,,,,,,,,auto-extracted (money); parsed_value=7.04; value_base=7040000000000.0
C0536,"control y en los ejercicios de seguimiento presupuestal, sobre recursos de gran magnitud: $856.289 millones girados anticipadamente, $240.766 millones pendientes de re",$856.289 millones,COP millones,,,según Contraloría General de la República,,,,,,,auto-extracted (money); parsed_value=856289.0; value_base=856289000000.0
C0537,"Los desembolsos del 100 % se hicieron a semanas antes del cambio de gobierno, con eje",100 %,%,2027,,,,,,,,,auto-extracted (percent); parsed_value=100.0; value_base=None
C0539,"raslados necesarios”, sin tope ni cuantificación, en un movimiento anunciado por cerca de $4 billones.",$4 billones,COP billones,2026,,,,,,,,,auto-extracted (money); parsed_value=4.0; value_base=4000000000000.0
C0541,"La Agencia de Renovación del Territorio tiene $1,714 billones en proyectos aprobados y sin contratar: si no se formalizan","$1,714 billones",COP billones,,,,,,,,,,auto-extracted (money); parsed_value=1.714; value_base=1714000000000.0
C0542,El 53 % de las iniciativas del Programa de Desarrollo con Enfoque T,53 %,%,2026,,,,,,,,,auto-extracted (percent); parsed_value=53.0; value_base=None
C0543,"ía de 2024 formuló 12 hallazgos, entre ellos dos con incidencia fiscal que suman cerca de $1.902 millones, lo que exige fortalecer el seguimiento a la gestión de la",$1.902 millones,COP millones,2024,,auditoría de 2024 formuló 12 hallazgos,,,,,,,auto-extracted (money); parsed_value=1902.0; value_base=1902000000.0
C0544,"El Fondo Mujer Libre y Productiva ejecutó cerca de $172 millones de los $55.142 millones adicionados, aproximadamente el 0,3",$172 millones,COP millones,,,,,,,,,,auto-extracted (money); parsed_value=172.0; value_base=172000000.0
C0545,"El mismo documento reporta que un proceso para proveer coordinaciones, que recibió 422 postulaciones, fue detenido el 24 de abril en el marco de instrucciones.",422 postulaciones,postulaciones,24 de abril,,,,,,,,,auto-extracted (count); parsed_value=422.0; value_base=422.0
C0546,"table negativa y no feneció su cuenta fiscal de 2025, tras identificar incorrecciones por $45.770 millones, equivalentes a 7,39 veces la materialidad definida para la",$45.770 millones,COP millones,2025,,,,,,,,,auto-extracted (money); parsed_value=45770.0; value_base=45770000000.0
C0547,inistrativo de la Presidencia cerró mayo de 2026 con un resultado operacional negativo de $166.578 millones y $148.013 millones pendientes de legalización.,$166.578 millones,COP millones,mayo de 2026,,,,,,,,,auto-extracted (money); parsed_value=166578.0; value_base=166578000000.0
C0548,Y el sector acumula $612.350 millones en vigencias expiradas por falta de aprobación oportuna del,$612.350 millones,COP millones,,,,,,,,,,auto-extracted (money); parsed_value=612350.0; value_base=612350000000.0
C0549,"les de inversión y 16 controversias en etapa prearbitral, con pretensiones acumuladas por $73,8 billones, mientras persisten contingencias judiciales domésticas aso","$73,8 billones",COP billones,,,,,,,,,,auto-extracted (money); parsed_value=73.8; value_base=73800000000000.0
C0551,"lomática crecía: se abrieron once embajadas y diez consulados, sobre una red que hoy suma 79 embajadas y 126 consulados y secciones consulares, con el consiguiente",79 embajadas y,embajadas,,,,,,,,,,auto-extracted (count); parsed_value=79.0; value_base=79.0
C0552,"El Fondo Rotatorio del Ministerio reporta un déficit de funcionamiento de $168.425 millones para lo que resta de 2026, tras un traslado interno de $45.",$168.425 millones,COP millones,2026,,,,,,,,,auto-extracted (money); parsed_value=168425.0; value_base=168425000000.0
C0553,"Sin la adición de $56.164 millones solicitada a Hacienda, la entidad no tendría capacidad fina",$56.164 millones,COP millones,agosto de 2026,,,,,,,,,auto-extracted (money); parsed_value=56164.0; value_base=56164000000.0
C0554,"(sedes temporales, eventos y operaciones de apenas 90 a 120 días) habrían recibido más de $8.500 millones, girados directamente a cuentas consulares bajo la figura d",$8.500 millones,COP millones,,,,,,,,,,auto-extracted (money); parsed_value=8500.0; value_base=8500000000.0
C0555,"Santiago de Chile y Nueva York recibieron USD 400.000 cada una; Aruba, USD 341.436; Montreal, USD 380.869; Miami,",USD 400.000,USD,,,,,,,,,,auto-extracted (money); parsed_value=400000.0; value_base=400000.0
C0556,"s convenios del nuevo modelo de expedición de pasaportes y cédulas de extranjería superan $1,3 billones, están vigentes hasta 2036 y enfrentan tres procesos judici","$1,3 billones",COP billones,2036,,,,,,,,,auto-extracted (money); parsed_value=1.3; value_base=1300000000000.0
C0557,"Frente a una planta interna de 712 cargos, la Cancillería mantiene alrededor de 764 contratos de pres",712 cargos,cargos,,,,,,,,,,auto-extracted (count); parsed_value=712.0; value_base=712.0
C0558,"l Fondo Rotatorio como con deficiencias y su concepto financiero con reservas, identificó USD 100.385 pendientes de reintegro desde 2023 en la Embajada en Ghana",USD 100.385,USD,2023,,,,,,,,,auto-extracted (money); parsed_value=100385.0; value_base=100385.0
C0559,"00 movimientos migratorios entre enero y junio de 2026 con una ejecución presupuestal del 51,34 %, y su inventario registra 70 vehículos sin información sobr","51,34 %",%,junio de 2026,,,,,,,,,auto-extracted (percent); parsed_value=51.34; value_base=None
C0560,"ntendencia Nacional de Salud, las cuales concentraron 27,8 millones de afiliados (más del 50% de la población asegurada del país).",50%,%,,,,,,,,,,auto-extracted (percent); parsed_value=50.0; value_base=None
C0561,"ulio de 2026 seis entidades permanecen intervenidas, entre ellas la Nueva EPS, con más de 11,3 millones de usuarios.","11,3 millones de usuarios",millones usuarios,julio de 2026,,,,,,,,,auto-extracted (count); parsed_value=11.3; value_base=11300000.0
C0563,"n los datos de la Superintendencia, entre 2022 y lo corrido de 2026, se acumularon más de 1,5 millones de peticiones, quejas y reclamos en las EPS intervenidas, de las cuales 6","1,5 millones de peticiones",millones peticiones,2022; 2026,,Según datos de la Superintendencia,,,,,,,auto-extracted (count); parsed_value=1.5; value_base=1500000.0
C0564,"Adicionalmente, la Superintendencia presenta un represamiento de más de 30.000 casos sin radicar en el canal web, uno de los medios más utilizados p",30.000 casos sin,casos,,,,,,,,,,auto-extracted (count); parsed_value=30000.0; value_base=30000.0
C0567,"La cartera neta pasó de $15,24 billones a $40,20 billones en este periodo, lo que representa un inc","$15,24 billones",COP billones,,,,,,,,,,auto-extracted (money); parsed_value=15.24; value_base=15240000000000.0
C0568,"En las IPS privadas, la cartera neta frente a las EPS intervenidas pasó de $7,22 billones en diciembre de 2022 a $18,11 billones en junio de 2026, re","$7,22 billones",COP billones,diciembre de 2022; junio de 2026,,,,,,,,,auto-extracted (money); parsed_value=7.22; value_base=7220000000000.0
C0569,"or su parte, las cuentas por cobrar de las IPS privadas frente a las demás EPS pasaron de $4,81 billones en diciembre de 2022 a $10,54 billones en junio de 2026, lo","$4,81 billones",COP billones,diciembre de 2022; junio de 2026,,,,,,,,,auto-extracted (money); parsed_value=4.81; value_base=4810000000000.0
C0570,"La cartera neta pasó de $2,02 billones en diciembre de 2022 a $8,31 billones en junio de 2026, lo","$2,02 billones",COP billones,diciembre de 2022; junio de 2026,,,,,,,,,auto-extracted (money); parsed_value=2.02; value_base=2020000000000.0
C0571,"Frente a las demás EPS, las cuentas por cobrar de las IPS públicas pasaron de $1,19 billones en diciembre de 2022 a $3,23 billones en junio de 2026, reg","$1,19 billones",COP billones,diciembre de 2022; junio de 2026,,,,,,,,,auto-extracted (money); parsed_value=1.19; value_base=1190000000000.0
C0572,"el Ministerio, desde el último trimestre de 2022 hasta junio de 2026 asignó recursos por $16,1 billones, de los cuales giró $10 billones para la financiación de Eq","$16,1 billones",COP billones,2022; junio de 2026,,,,,,,,,auto-extracted (money); parsed_value=16.1; value_base=16100000000000.002
C0573,"De los recursos asignados se ha legalizado el 28,3%, de acuerdo con lo informado por las entidades receptoras d","28,3%",%,,,de acuerdo con lo informado por las entidades receptoras de los mismos en el sistema de información dispu,,,,,,,auto-extracted (percent); parsed_value=28.3; value_base=None
C0574,El 67% de los recursos asignados se realizó entre 2025 y los prime,67%,%,2025; 2026,,,,,,,,,auto-extracted (percent); parsed_value=67.0; value_base=None
C0575,"El 29 de diciembre de 2025, a tres días de cerrar la vigencia, viabilizó y asignó más de $2,2 billones para 60 proyectos de infraestructura hospitalaria sin estud","$2,2 billones",COP billones,29 de diciembre de 2025,,,,,,,,,auto-extracted (money); parsed_value=2.2; value_base=2200000000000.0
C0576,"e 2026, so pena de perder los recursos: a esa fecha solo 28 de los 60 proyectos, por unos $834 mil millones, habían presentado la documentación completa.",$834 mil millones,COP mil millones,30 de junio de 2026,,,,,,,,,auto-extracted (money); parsed_value=834.0; value_base=834000000000.0
C0577,"Más de $1,3 billones quedaron comprometidos sin garantía de que las obras puedan","$1,3 billones",COP billones,,,,,,,,,,auto-extracted (money); parsed_value=1.3; value_base=1300000000000.0
C0578,"s Básicos en Salud: entre el último trimestre de 2022 a junio de 2026 se asignaron más de $6,8 billones a financiarlos en todo el país, cuya ejecución a junio es a","$6,8 billones",COP billones,2022; junio de 2026,,,,,,,,,auto-extracted (money); parsed_value=6.8; value_base=6800000000000.0
C0579,"La Contraloría no feneció la cuenta fiscal 2025 del Ministerio y formuló 21 hallazgos administrativos, 17 con incidencia disciplinaria y uno fiscal.",21 hallazgos administrativos,hallazgos,2025,,,,,,,,,auto-extracted (count); parsed_value=21.0; value_base=21.0
C0581,"en salud pública, la emergencia por fiebre amarilla declarada en abril de 2025 acumulaba 173 casos confirmados y 77 fallecidos a comienzos de 2026.",173 casos confirmados,casos,abril de 2025; 2026,,,,,,,,,auto-extracted (count); parsed_value=173.0; value_base=173.0
C0582,"Colombia tiene una cobertura de afiliación del 99,56 %, pero 225 municipios están por debajo del 67%.","99,56 %",%,,,,,,,,,,auto-extracted (percent); parsed_value=99.56; value_base=None
C0584,"a formación y el acceso ciudadano a herramientas de inteligencia artificial, se planearon 63 centros PotencIA, no obstante, a abril de 2026 el avance físico rea",63 centros,centros,abril de 2026,,,,,,,,,auto-extracted (count); parsed_value=63.0; value_base=63.0
C0586,"A nuestra llegada encontramos que, entre el 1 y el 6 de agosto de 2026, se registraron 230 contratos nuevos en",1 y el,,6 de agosto de 2026,,,,,,,,,auto-extracted (count); parsed_value=1.0; value_base=1.0
C0588,"El diagnóstico documenta que el proceso de acuerdo marco de ciberseguridad, recibió 5.652 observaciones y fue suspendido preventivamente por 30 días en julio de 2026",5.652 observaciones y,observaciones,julio de 2026,,,,,,,,,auto-extracted (count); parsed_value=5652.0; value_base=5652.0
C0590,"El proyecto había sido diseñado inicialmente por $683.000 millones, según el CONPES 4167 de 2025.",$683.000 millones,COP millones,2025,,según CONPES 4167 de 2025,,,,,,,auto-extracted (money); parsed_value=683000.0; value_base=683000000000.0
C0591,"En 2026, su valor fue incrementado en un 67,1% frente a lo inicialmente planeado, conforme al CONPES 4195","67,1%",%,2026,,,,,,,,,auto-extracted (percent); parsed_value=67.1; value_base=None
C0595,"sterio del Trabajo para ello, por lo que es necesario analizar lo relativo a los decretos 234 de 2026, 720 de 2026 y 581 de 2026.",234 de,,2025; 2026,,,,,,,,,auto-extracted (count); parsed_value=234.0; value_base=234.0
C0596,El Decreto 234 de 2026 “Por el cual se subroga el Capítulo 7 del Título 2 de la Parte 2 del Libro 2 del Decreto 1072 de 2015,7 del,,2026; 2015; 2025,,,,,,,,,auto-extracted (count); parsed_value=7.0; value_base=7.0
C0597,olo existe un desarrollo para la negociación colectiva pública en el Decreto Presidencial 243 de 2024 “Por el cual se modifica el capítulo 4 del Título 2 de,243 de,,2024; 2015; 2026,,,,,,,,,auto-extracted (count); parsed_value=243.0; value_base=243.0
C0598,"Con respecto al Decreto 720 de 2026 “Por el cual se adiciona el Capítulo 4 al Título 3 de la Parte, 2 del Libro 2 del Decreto número 1072",4 al,al,2026; 2015; 2025,,,,,,,,,auto-extracted (count); parsed_value=4.0; value_base=4.0
C0599,"Por último, el Decreto 581 de 2026 “Por el cual se adiciona un capítulo 4, al Título 3 de la Parte 2 del Libro 2 del Decreto 1072 de 2015, Único Reglame",3 de la,,2026; 2015,,,,,,,,,auto-extracted (count); parsed_value=3.0; value_base=3.0
C0600,"Como se evidencia, los 3 decretos son resultado de reglamentación a partir del Decreto 1072 de 20",3 decretos son,decretos,2015,,,,,,,,,auto-extracted (count); parsed_value=3.0; value_base=3.0
C0601,"Según el DANE, en junio de 2026 la tasa de desempleo nacional fue del 8%, y en el trimestre móvil marzo-mayo de 2026 la informalidad",8%,%,junio de 2026; mayo de 2026,,Según DANE,,,,,,,auto-extracted (percent); parsed_value=8.0; value_base=None
C0602,"La doble condición duró 43 días, hasta el 7 de agosto.",43 días,días,7 de agosto,,,,,,,,,auto-extracted (count); parsed_value=43.0; value_base=43.0
C0603,ió al director y al Consejo Directivo y designó una directora encargada; las resoluciones 0562 y 0563 iniciaron los procedimientos para levantar las medidas,0562 y,,,,,,,,,,,auto-extracted (count); parsed_value=562.0; value_base=562.0
C0604,"table adversa y no feneció su cuenta fiscal de 2025: reportó incorrecciones contables por $189.535 millones, una ejecución presupuestal calificada como no razonable co",$189.535 millones,COP millones,2025,,Contraloría,,,,,,,auto-extracted (money); parsed_value=189535.0; value_base=189535000000.0
C0605,"Hablamos de la entidad que forma a los jóvenes que no pueden pagar una universidad, con $6,39 billones de presupuesto, 33 regionales y 117 centros de formación.","$6,39 billones",COP billones,,,,,,,,,,auto-extracted (money); parsed_value=6.39; value_base=6390000000000.0
C0606,"En el frente pensional, Colpensiones —que administra la cobertura de 1.954.365 pensionados— presenta debilidades recurrentes entre defensa judicial, g",1.954.365 pensionados,pensionados,,,,,,,,,,auto-extracted (count); parsed_value=1954365.0; value_base=1954365.0
C0607,"diferencias por $7.665 millones en las provisiones de 89 procesos, pagos de sentencias fuer",$7.665 millones,COP millones,,,,,,,,,,auto-extracted (money); parsed_value=7665.0; value_base=7665000000.0
C0608,"idad pese a que solo el 36 % de los entregables fue oportuno, sin aplicar un descuento de $173,5 millones.","$173,5 millones",COP millones,,,,,,,,,,auto-extracted (money); parsed_value=173.5; value_base=173500000.0
C0609,"ontratación de trabajadores en misión a través de una empresa de servicios temporales por $146.449 millones, sobre una cadena de contratos sucesivos que se extiende de",$146.449 millones,COP millones,2017,,,,,,,,,auto-extracted (money); parsed_value=146449.0; value_base=146449000000.0
C0610,"Este Gobierno recibe un sector con $58,7 billones de presupuesto, de los cuales cerca del 97 % del presupuest","$58,7 billones",COP billones,,,,,,,,,,auto-extracted (money); parsed_value=58.7; value_base=58700000000000.0
C0611,"La ejecución de la inversión, medida por obligaciones, pasó del 76,5 % en 2023 al 37,3 % en 2025.","76,5 %",%,2023; 2025,,,,,,,,,auto-extracted (percent); parsed_value=76.5; value_base=None
C0612,"Ese año, de $12,13 billones apropiados para inversión, solo se ejecutaron cerca de $4,5","$12,13 billones",COP billones,,,,,,,,,,auto-extracted (money); parsed_value=12.13; value_base=12130000000000.0
C0613,"Más de $7,6 billones dejaron de convertirse en infraestructura.","$7,6 billones",COP billones,,,,,,,,,,auto-extracted (money); parsed_value=7.6; value_base=7600000000000.0
C0615,"22 y 2026, los tribunales arbitrales de la ANI pasaron de 17, con pretensiones cercanas a $9 billones, a 48, con reclamaciones del orden de $20 billones.",$9 billones,COP billones,Entre 2022 y 2026,,,,,,,,,auto-extracted (money); parsed_value=9.0; value_base=9000000000000.0
C0617,"referencia DANE-Camacol, las iniciaciones de vivienda nueva registran una disminución del 29,5 %, mientras que la vivienda de interés social, destinada prec","29,5 %",%,,,Según línea base del empalme,,,,,,,auto-extracted (percent); parsed_value=29.5; value_base=None
C0618,"mente los subsidios de vivienda urbana, presenta proyectos de inversión comprometidos por $1,438 billones de pesos, equivalentes al 82,55 % de los recursos previstos, pero ún","$1,438 billones de pesos",COP billones,,,,,,,,,,auto-extracted (money); parsed_value=1.438; value_base=1438000000000.0
C0619,"La entrada en vigencia de la Resolución CRA 1032 de 2026, que establece el nuevo marco",1032 de,,2026,,,,,,,,,auto-extracted (count); parsed_value=1032.0; value_base=1032.0
C0620,"itorio tarifario para los servicios de acueducto y alcantarillado, y de la Resolución CRA 1040 de 2026, que actualiza el régimen tarifario del servicio públi",1040 de,,2026,,,,,,,,,auto-extracted (count); parsed_value=1040.0; value_base=1040.0
